"year","array","site","lat","long","n_weeks","deer_present","predator_detections","n_young","n_female","n_male","PC1","PC2","disturbance_index","linear_index","polygonal_index","roads","wells","well_gas","well_oil","well_bitumen","inactive_well","seismic","seismic_3D","harvest","pipeline","winter_year","mean_snow","mean_min_temp","mean_snow_temporal","mean_min_temp_temporal","mean_snow_spatial","mean_min_temp_spatial","snow_anomaly","temp_anomaly","predator_index"
2022,"LU01","LU01_06",-1.93338587692246,-110.60829,15,5,21,3,2,1,2.45392266850992,-0.22938168346505,-0.631811748562622,-0.506369764060312,-0.51184575361593,0.012552871,0.014001845,0,0,0.012338647,0,0.005202891,0,0,0.015044895,2021,54.5519811320755,-11.7600943396226,38.0779451513822,-12.7932833479596,-0.493957354679843,-10.6177028547195,2.36442141515523,-1.14239148490318,0.451657850023558
2023,"LU01","LU01_06",-1.93338587692246,-110.60829,14,6,9,4,1,3,2.45392266850992,-0.22938168346505,-0.631811748562622,-0.506369764060312,-0.51184575361593,0.012552871,0.014001845,0,0,0.012338647,0,0.005202891,0,0,0.015044895,2022,18.3913679245283,-11.1592924528302,13.6092764370338,-11.9164168494954,-0.529399117771421,-10.8875574396332,-0.0819257371370007,-0.271735013197009,0.000433440400499234
2022,"LU01","LU01_10",-1.90665243828303,-110.60129,15,14,8,0,11,8,1.47564596566618,-0.330448451555369,-0.189643154400569,-0.0739366093355137,-0.192213610576706,0.028499614,0.007707939,0,0,0.007707939,0.021683632,0.00329875,0,2.52e-05,0.022958831,2021,56.1371698113208,-11.8292924528302,38.0779451513822,-12.7932833479596,-0.366397884723876,-10.7022699336636,2.41106786447183,-1.12702251916655,-0.0648380150795662
2022,"LU01","LU01_11",-1.9032556114495,-110.48226,15,10,4,9,4,2,2.88110901230672,0.991009812598662,0.691959214520915,0.249681687768513,0.683828375918698,0.052974485,0.082835057,0,0,0.079283668,0.011570708,0.001788567,0.000996342000000001,0,0.013412347,2021,55.7124528301887,-11.8077358490566,38.0779451513822,-12.7932833479596,-0.451906291185266,-10.6378827455314,2.42325490486481,-1.16985310352518,-0.223759819726681
2023,"LU01","LU01_11",-1.9032556114495,-110.48226,14,10,7,1,6,3,2.88110901230672,0.991009812598662,0.691959214520915,0.249681687768513,0.683828375918698,0.052974485,0.082835057,0,0,0.079283668,0.011570708,0.001788567,0.000996342000000001,0,0.013412347,2022,19.2881132075472,-11.1333018867925,13.6092764370338,-11.9164168494954,-0.472805479656581,-10.9044483886756,-0.0480516416712467,-0.228853498116862,-0.0847032406604554
2022,"LU01","LU01_13",-1.88331354059098,-110.72349,15,11,16,6,8,1,3.19696542840748,0.275152282956551,-0.806982161303918,-0.634218220116548,-0.661059839909991,0.010412159,0,0,0,0,0.008049565,0.01592892,0,0,0,2021,56.7184433962264,-11.8026886792453,38.0779451513822,-12.7932833479596,-0.391903443220716,-10.7116956245397,2.46293172040137,-1.09099305470558,0.253005594214666
2023,"LU01","LU01_13",-1.88331354059098,-110.72349,14,12,3,10,7,2,3.19696542840748,0.275152282956551,-0.806982161303918,-0.634218220116548,-0.661059839909991,0.010412159,0,0,0,0,0.008049565,0.01592892,0,0,0,2022,18.8366037735849,-11.1031603773585,13.6092764370338,-11.9164168494954,-0.427830394482692,-10.9693495555586,-0.100438232221513,-0.133810821799855,-0.254976602782365
2022,"LU01","LU01_22",-1.8333326397059,-110.48788,15,10,18,2,4,4,0.691370841174604,0.489927610332463,0.700981130242026,0.394725459393385,0.64067965061228,0.040280045,0.035731992,0,0,0.028045681,0.014125445,0.009246869,0.011259277,0,0.012447273,2021,57.8799528301887,-11.8393867924528,38.0779451513822,-12.7932833479596,-0.403799605346097,-10.6573523331574,2.54777867940375,-1.18203445929548,0.332466496538222
2023,"LU01","LU01_22",-1.8333326397059,-110.48788,14,2,8,0,0,2,0.691370841174604,0.489927610332463,0.700981130242026,0.394725459393385,0.64067965061228,0.040280045,0.035731992,0,0,0.028045681,0.014125445,0.009246869,0.011259277,0,0.012447273,2022,20.2268396226415,-11.0027358490566,13.6092764370338,-11.9164168494954,-0.413092103154535,-10.9135122716333,-0.0128178971688962,-0.0892235774233416,-0.0421349001299784
2022,"LU01","LU01_25",-1.78495185913271,-110.549,15,11,12,2,3,9,1.04400382404867,1.05642274885148,0.058456168642996,-0.143259116808736,0.121709228767463,0.037249763,0.046790496,0,0,0.046790496,0.007918347,0.005128732,0,0.030089227,0.009666275,2021,57.8923113207547,-11.8170283018868,38.0779451513822,-12.7932833479596,-0.446877377607718,-10.6449404908501,2.56933632885516,-1.17208781103673,0.0940837895675492
2023,"LU01","LU01_25",-1.78495185913271,-110.549,14,12,20,5,2,3,1.04400382404867,1.05642274885148,0.058456168642996,-0.143259116808736,0.121709228767463,0.037249763,0.046790496,0,0,0.046790496,0.007918347,0.005128732,0,0.030089227,0.009666275,2022,19.9877830188679,-10.8621226415094,13.6092764370338,-11.9164168494954,-0.454252588587708,-10.8910361471204,-0.00930955402033147,0.0289135056110155,0.46868518623575
2022,"LU01","LU01_27",-1.7865748383062,-110.7394,15,8,27,4,5,2,1.52937584262188,-0.30265121348769,2.39916105293057,3.23151524278127,1.49403081853818,0.067451811,0.001733194,0,0,0.001654794,0.022583903,0.004044826,0,0,0.094252322,2021,58.9908018867925,-11.7820283018868,38.0779451513822,-12.7932833479596,-0.424188225445389,-10.6871464720569,2.63325842446986,-1.09488182982989,0.690040556994231
2023,"LU01","LU01_27",-1.7865748383062,-110.7394,14,8,6,3,5,4,1.52937584262188,-0.30265121348769,2.39916105293057,3.23151524278127,1.49403081853818,0.067451811,0.001733194,0,0,0.001654794,0.022583903,0.004044826,0,0,0.094252322,2022,19.9600943396226,-10.8519811320755,13.6092764370338,-11.9164168494954,-0.44343125742923,-10.9272625544863,-0.0163996949950168,0.075281422410832,-0.127271581190932
2022,"LU01","LU01_30",-1.73703968522229,-110.82258,15,5,11,2,1,1,1.25067690656883,0.485967848520115,-0.498593823657391,-0.299092736208486,-0.434013872325855,0.022253687,0,0,0,0,0.00160401,0.010563312,0,0.016114483,0.006868552,2021,53.9480188679245,-11.725,38.0779451513822,-12.7932833479596,-0.535294120747579,-10.6299978418442,2.34315584645678,-1.09500215815581,0.0543533384057701
2023,"LU01","LU01_30",-1.73703968522229,-110.82258,14,7,3,2,1,2,1.25067690656883,0.485967848520115,-0.498593823657391,-0.299092736208486,-0.434013872325855,0.022253687,0,0,0,0,0.00160401,0.010563312,0,0.016114483,0.006868552,2022,20.3535849056604,-10.703679245283,13.6092764370338,-11.9164168494954,-0.543086164335484,-10.8631278799344,0.0583295163778714,0.159448634651348,-0.254976602782365
2022,"LU01","LU01_32",-1.72750753993572,-110.54806,15,8,7,0,1,6,1.17186273471032,-0.330117986033327,1.52609564648798,0.519136698934708,1.49566943669177,0.055858187,0.040523116,0,0,0.040523116,0.006722617,0.008163828,0,0.037631567,0.020059903,2021,60.3435377358491,-11.8792452830189,38.0779451513822,-12.7932833479596,-0.339963814891987,-10.7321573437465,2.68490882435393,-1.14708793927234,-0.104568466241345
2023,"LU01","LU01_32",-1.72750753993572,-110.54806,14,3,23,0,2,2,1.17186273471032,-0.330117986033327,1.52609564648798,0.519136698934708,1.49566943669177,0.055858187,0.040523116,0,0,0.040523116,0.006722617,0.008163828,0,0.037631567,0.020059903,2022,21.1091509433962,-10.777641509434,13.6092764370338,-11.9164168494954,-0.341451820346238,-10.9644141262943,0.0128370978703072,0.186772616860335,0.596390207827179
2022,"LU01","LU01_36",-1.74848054545232,-110.53843,15,5,6,0,2,4,-0.74865426391553,-0.188984838843866,0.171192666706705,0.169293343113008,0.143152219640069,0.035433962,0.031997931,0,0,0.031997931,0.016030125,0.008534741,0.004317417,0.022033897,0.01874318,2021,59.7359433962264,-11.8769811320755,38.0779451513822,-12.7932833479596,-0.34789210418268,-10.7195984627984,2.64732996522682,-1.15738266927703,-0.144298917403124
2023,"LU01","LU01_36",-1.74848054545232,-110.53843,14,3,16,0,0,3,-0.74865426391553,-0.188984838843866,0.171192666706705,0.169293343113008,0.143152219640069,0.035433962,0.031997931,0,0,0.031997931,0.016030125,0.008534741,0.004317417,0.022033897,0.01874318,2022,21.0240566037736,-10.8281132075472,13.6092764370338,-11.9164168494954,-0.349783694932255,-10.9572374355716,0.0110468955681795,0.12912422802445,0.298411824113838
2022,"LU01","LU01_40",-1.91140708149552,-110.57063,15,5,9,0,3,2,1.06119361188303,-1.00453287705646,0.927664319579674,0.59481629998219,0.828535963557043,0.053248151,0.089141133,0,0,0.058993057,0.013851152,0.007431177,0,0,0.024804223,2021,55.9444339622641,-11.8253773584906,38.0779451513822,-12.7932833479596,-0.403681990304066,-10.6879816274046,2.41586762470408,-1.13739573108594,-0.0251075639177872
2023,"LU01","LU01_40",-1.91140708149552,-110.57063,11,5,6,2,3,1,1.06119361188303,-1.00453287705646,0.927664319579674,0.59481629998219,0.828535963557043,0.053248151,0.089141133,0,0,0.058993057,0.013851152,0.007431177,0,0,0.024804223,2022,19.5240094339623,-11.1671698113208,13.6092764370338,-11.9164168494954,-0.42559717777693,-10.9531746149468,-0.0546836260247377,-0.213995196373954,-0.0576142966865156
2022,"LU01","LU01_41",-1.89730316388926,-110.29359,15,15,10,5,7,13,2.72469656897918,1.41625049571063,0.107421997760013,-0.662230061185593,0.343098118669276,0.019565403,0,0,0,0,0.001891839,0.0034548,0,0.079891113,0.003183573,2021,56.9549056603774,-11.8567452830189,38.0779451513822,-12.7932833479596,-0.422901005751411,-10.6512858095574,2.49394685050155,-1.20545947346151,0.0146228872439917
2023,"LU01","LU01_41",-1.89730316388926,-110.29359,14,11,1,5,3,4,2.72469656897918,1.41625049571063,0.107421997760013,-0.662230061185593,0.343098118669276,0.019565403,0,0,0,0,0.001891839,0.0034548,0,0.079891113,0.003183573,2022,20.4126886792453,-11.133820754717,13.6092764370338,-11.9164168494954,-0.432152640805373,-10.9176766848261,0.00900886288919327,-0.216144069890854,-0.340113283843319
2022,"LU01","LU01_43",-1.88071905979956,-110.51104,15,7,8,1,5,2,0.592814901195839,-0.391471325732984,2.19608721155054,2.36110177967292,1.63674816707578,0.084815405,0.0837926740000001,0,0,0.0837926740000001,0.006561569,0.001533094,0.004149723,0,0.046117536,2021,55.9204245283019,-11.8052358490566,38.0779451513822,-12.7932833479596,-0.463719931147681,-10.6336495867893,2.44310376547927,-1.17158626226725,-0.0648380150795662
2023,"LU01","LU01_43",-1.88071905979956,-110.51104,14,6,7,2,1,5,0.592814901195839,-0.391471325732984,2.19608721155054,2.36110177967292,1.63674816707578,0.084815405,0.0837926740000001,0,0,0.0837926740000001,0.006561569,0.001533094,0.004149723,0,0.046117536,2022,19.3178301886792,-11.093820754717,13.6092764370338,-11.9164168494954,-0.482372392518313,-10.8978552294503,-0.0414265648824475,-0.195965525266635,-0.0847032406604554
2023,"LU01","LU01_44",-1.89146272475084,-110.47691,14,5,2,2,2,2,0.941954238015578,0.090196615983588,2.17546941564886,2.48606203846888,1.64850420473584,0.097008895,0.068739669,0,0,0.068739669,0.004416246,0.001097085,0.001668114,0,0.04079605,2022,19.5920283018868,-11.1196226415094,13.6092764370338,-11.9164168494954,-0.455292225586716,-10.9104572566265,-0.0357698334228847,-0.209165384882983,-0.297544943312842
2022,"LU01","LU01_44",-1.89146272475084,-110.47691,15,4,7,1,1,2,0.941954238015578,0.090196615983588,2.17546941564886,2.48606203846888,1.64850420473584,0.097008895,0.068739669,0,0,0.068739669,0.004416246,0.001097085,0.001668114,0,0.04079605,2021,56.2947641509434,-11.8189622641509,38.0779451513822,-12.7932833479596,-0.437259142386726,-10.6453144385976,2.45588034995495,-1.17364782555331,-0.104568466241345
2022,"LU01","LU01_45",-1.89266281498476,-110.37065,15,11,4,3,4,2,0.901278575571381,0.0462827966262197,1.12917059917159,0.0754391247082064,1.13361737641288,0.028458772,0.036274864,0,0,0.029827964,0.012707194,0.005100569,0.001938312,0.133002609,0.024645026,2021,58.4883962264151,-11.9471698113208,38.0779451513822,-12.7932833479596,-0.27105492179832,-10.7967355935013,2.52539220675312,-1.15043421781941,-0.223759819726681
2023,"LU01","LU01_45",-1.89266281498476,-110.37065,14,11,2,6,3,1,0.901278575571381,0.0462827966262197,1.12917059917159,0.0754391247082064,1.13361737641288,0.028458772,0.036274864,0,0,0.029827964,0.012707194,0.005100569,0.001938312,0.133002609,0.024645026,2022,21.9264150943396,-11.2204716981132,13.6092764370338,-11.9164168494954,-0.275773543238064,-11.0578838955492,0.0369279254290582,-0.162587802564017,-0.297544943312842
2022,"LU01","LU01_46",-1.87149550914456,-110.51263,15,5,11,0,2,4,-0.43746784797357,-0.058250990442983,2.11860934901464,2.65381357743598,1.45762036954606,0.089898673,0.063636647,0,0,0.063636647,0.000104407,0.003128422,0.008731372,0,0.057656004,2021,56.1006132075472,-11.8096226415094,38.0779451513822,-12.7932833479596,-0.453549866500226,-10.6364366879198,2.45048816521416,-1.17318595358962,0.0543533384057701
2023,"LU01","LU01_46",-1.87149550914456,-110.51263,14,10,18,0,2,10,-0.43746784797357,-0.058250990442983,2.11860934901464,2.65381357743598,1.45762036954606,0.089898673,0.063636647,0,0,0.063636647,0.000104407,0.003128422,0.008731372,0,0.057656004,2022,19.413820754717,-11.0743867924528,13.6092764370338,-11.9164168494954,-0.470963716979056,-10.8991786370416,-0.0403736806678253,-0.175208155411188,0.383548505174797
2022,"LU01","LU01_47",-1.87016969517185,-110.48721,15,10,9,4,6,4,0.871279489069853,-0.652676755692767,1.96190418297605,2.08110531536691,1.52742603217038,0.07826686,0.080804322,0,0,0.080804322,0.001248692,0,0.012864704,0,0.061015332,2021,56.810141509434,-11.8229245283019,38.0779451513822,-12.7932833479596,-0.430347244423335,-10.645759388326,2.48766583142039,-1.17716513997585,-0.0251075639177872
2023,"LU01","LU01_47",-1.87016969517185,-110.48721,14,10,14,4,2,4,0.871279489069853,-0.652676755692767,1.96190418297605,2.08110531536691,1.52742603217038,0.07826686,0.080804322,0,0,0.080804322,0.001248692,0,0.012864704,0,0.061015332,2022,19.7839150943396,-11.0809433962264,13.6092764370338,-11.9164168494954,-0.445137670700538,-10.9080986727461,-0.0275810576991923,-0.172844723480312,0.213275143052886
2022,"LU01","LU01_48",-1.88169056141749,-110.40762,15,9,15,0,3,5,0.390912867982275,-0.445516825556294,0.770586437085174,0.260191273531507,0.744738772544405,0.035432726,0.062072053,0,0,0.055506215,0.030053589,0.005517863,0.002781189,0,0.026767383,2021,56.7202358490566,-11.8453301886792,38.0779451513822,-12.7932833479596,-0.43377951367583,-10.6587231326824,2.48319168495743,-1.18660705599687,0.213275143052886
2023,"LU01","LU01_48",-1.88169056141749,-110.40762,14,6,5,3,0,3,0.390912867982275,-0.445516825556294,0.770586437085174,0.260191273531507,0.744738772544405,0.035432726,0.062072053,0,0,0.055506215,0.030053589,0.005517863,0.002781189,0,0.026767383,2022,20.1124528301887,-11.1074056603774,13.6092764370338,-11.9164168494954,-0.44120220678867,-10.9223029046245,-0.00709241962053902,-0.185102755752865,-0.16983992172141
2022,"LU01","LU01_60",-1.78720345700016,-110.50311,8,6,6,0,6,3,0.352563552862836,0.051153091306963,0.49977554870828,0.467493019963395,0.404135387510245,0.02836081,0.036157913,0.001820359,0,0.024784357,0.008998182,0.001715872,0,0.02458258,0.03057914,2021,59.0693396226415,-11.8618396226415,38.0779451513822,-12.7932833479596,-0.384103451461537,-10.6834627392906,2.61933226045573,-1.17837688335089,0.0642859511962151
2022,"LU01","LU01_63",-1.78184305395531,-110.38139,15,10,6,0,4,4,-1.04500452215628,0.410162994205368,-0.581922062798944,1.05907725262559,-0.885795272252227,0.036191153,0,0,0,0,0.007269172,0.005197533,0,0,0.052614363,2021,58.9755660377358,-11.8767452830189,38.0779451513822,-12.7932833479596,-0.414005287442371,-10.6640511423103,2.62732361299148,-1.21269414070859,-0.144298917403124
2022,"LU01","LU01_64",-1.78089441119897,-110.31862,15,11,9,0,1,9,-0.649956439166324,0.0951863826124141,0.934151893677614,0.604085517401813,0.832593511582891,0.050412875,0.035005502,0,0,0.020938796,0.013590181,0.011657015,0.007092044,0.141894794,0.019792905,2021,59.3552358490566,-11.9043396226415,38.0779451513822,-12.7932833479596,-0.396757446965483,-10.6847656952094,2.644893739755,-1.21957392743215,-0.0251075639177872
2023,"LU01","LU01_64",-1.78089441119897,-110.31862,14,11,6,0,1,9,-0.649956439166324,0.0951863826124141,0.934151893677614,0.604085517401813,0.832593511582891,0.050412875,0.035005502,0,0,0.020938796,0.013590181,0.011657015,0.007092044,0.141894794,0.019792905,2022,22.0269811320755,-10.9687264150943,13.6092764370338,-11.9164168494954,-0.373144444556338,-10.9374540120745,0.0906037068004855,-0.0312724030198108,-0.127271581190932
2022,"LU01","LU01_66",-1.76738482399428,-110.72408,15,10,5,3,3,1,-0.575341777061607,-0.0832038004448595,1.08395959057179,1.10389141301905,0.833724323576758,0.046675474,0.0246066,0,0,0.007690882,0.038081071,0.003842807,0.024070167,0.000359612,0.037186585,2021,58.620141509434,-11.7546226415094,38.0779451513822,-12.7932833479596,-0.472948016046978,-10.643856666319,2.6314558891074,-1.11076597519045,-0.184029368564903
2023,"LU01","LU01_66",-1.76738482399428,-110.72408,14,9,2,1,3,3,-0.575341777061607,-0.0832038004448595,1.08395959057179,1.10389141301905,0.833724323576758,0.046675474,0.0246066,0,0,0.007690882,0.038081071,0.003842807,0.024070167,0.000359612,0.037186585,2022,19.6272641509434,-10.7621226415094,13.6092764370338,-11.9164168494954,-0.490805444730567,-10.8806992282658,-0.016291427255582,0.118576586756413,-0.297544943312842
2023,"LU01","LU01_67",-1.71598667369008,-110.55328,14,9,28,1,3,5,1.48502650340434,-0.615331828389098,-0.587583965725385,-0.348384461044664,-0.523502348519072,0.019767198,0.017151341,0,0,0.017151341,0.011898287,0.012000671,0,0,0.010987429,2022,21.8883962264151,-10.790141509434,13.6092764370338,-11.9164168494954,-0.254576736848027,-11.0375382728929,0.0241445746120945,0.247396763458987,0.809231910479567
2022,"LU01","LU01_67",-1.71598667369008,-110.55328,15,8,16,0,3,5,1.48502650340434,-0.615331828389098,-0.587583965725385,-0.348384461044664,-0.523502348519072,0.019767198,0.017151341,0,0,0.017151341,0.011898287,0.012000671,0,0,0.010987429,2021,61.7594339622642,-11.9360377358491,38.0779451513822,-12.7932833479596,-0.254407348068062,-10.810944102381,2.74022136106271,-1.12509363346803,0.253005594214666
2022,"LU01","LU01_70",-1.88257062758903,-110.56893,15,13,4,7,8,2,0.122051965203274,-0.566473286669165,-0.499399246052057,-0.576836224909478,-0.34492496968687,0.013387048,0.023619351,0,0,0.020823291,0.013257702,0.009329836,0,0,0.008549867,2021,56.0605660377358,-11.8098113207547,38.0779451513822,-12.7932833479596,-0.439332476892572,-10.6578642703475,2.44092298304557,-1.15194705040717,-0.223759819726681
2023,"LU01","LU01_71",-1.84637362024783,-110.50838,14,5,19,3,1,1,-1.15925060783469,0.158313962771068,1.10477764092082,1.26912615868599,0.802857129803852,0.051458484,0.030054249,0,0,0.030054249,0.02431946,0.005451669,0.004543677,0,0.051631078,2022,19.7650471698113,-11.0101886792453,13.6092764370338,-11.9164168494954,-0.451207512399919,-10.9064496576548,-0.0259474717474036,-0.103739021590489,0.426116845705274
2022,"LU01","LU01_71",-1.84637362024783,-110.50838,15,9,11,4,2,3,-1.15925060783469,0.158313962771068,1.10477764092082,1.26912615868599,0.802857129803852,0.051458484,0.030054249,0,0,0.030054249,0.02431946,0.005451669,0.004543677,0,0.051631078,2021,56.9066509433962,-11.8229245283019,38.0779451513822,-12.7932833479596,-0.437619731059976,-10.6493304990209,2.4977376792972,-1.173594029281,0.0543533384057701
2022,"LU01","LU01_72",-1.82311472857137,-110.41977,13,11,15,0,4,5,-0.766209758944846,-0.0213932728405251,-0.459107281989661,0.680496275706595,-0.628464894058195,0.030427223,0.002575522,0.002575522,0,0,0.017194612,0.011839025,0.000675483,0.006678533,0.038303457,2021,58.1892924528302,-11.8615566037736,38.0779451513822,-12.7932833479596,-0.414435831487482,-10.6662263236883,2.57396687841311,-1.19533028008529,0.304960799580065
2023,"LU01","LU01_73",-1.80478192156939,-110.70935,14,6,3,0,5,2,-1.14665025708313,0.739900472737972,-0.419436038473696,-0.31240066948585,-0.413344293613351,0.013941925,0.026968738,0.002573317,0,0.018920443,0.025776165,0.020373774,0.000204917,0,0.010916427,2022,19.8885377358491,-10.9194811320755,13.6092764370338,-11.9164168494954,-0.430727710073456,-10.9379482397734,-0.0273834187079443,0.0184671076979566,-0.254976602782365
2022,"LU01","LU01_73",-1.80478192156939,-110.70935,15,6,8,0,2,3,-1.14665025708313,0.739900472737972,-0.419436038473696,-0.31240066948585,-0.413344293613351,0.013941925,0.026968738,0.002573317,0,0.018920443,0.025776165,0.020373774,0.000204917,0,0.010916427,2021,58.4340094339623,-11.7908018867925,38.0779451513822,-12.7932833479596,-0.410575245090555,-10.6926945132979,2.58878135370738,-1.09810737349452,-0.0648380150795662
2022,"LU01","LU01_74",-1.81349114783841,-110.26517,15,5,6,0,3,1,-1.00565761925663,-0.511228614721645,0.00782688141669662,-0.196994496197449,0.0840184998494908,0.00931029,0.000164675,0.000164675,0,0,0.007341488,0.010951467,0.0012147,0.074772601,0.026083812,2021,58.8116037735849,-11.8978301886792,38.0779451513822,-12.7932833479596,-0.410407436521243,-10.6736427864851,2.61442373808836,-1.2241874021941,-0.144298917403124
2023,"LU01","LU01_74",-1.81349114783841,-110.26517,14,6,4,0,2,0,-1.00565761925663,-0.511228614721645,0.00782688141669662,-0.196994496197449,0.0840184998494908,0.00931029,0.000164675,0.000164675,0,0,0.007341488,0.010951467,0.0012147,0.074772601,0.026083812,2022,21.5881603773585,-11.0070754716981,13.6092764370338,-11.9164168494954,-0.392355598891234,-10.9297362886071,0.0699481468066294,-0.0773391830910359,-0.212408262251887
2022,"LU01","LU01_75",-1.79208382395143,-110.69173,15,6,3,1,4,1,-0.0470305124557784,0.573728735597619,0.611081852834792,0.754994553720416,0.4321363750379,0.05001006,0.020545064,0,0,0.014364371,0.038244381,0.012306856,0.000537447,0,0.032930231,2021,58.5594339622642,-11.7998113207547,38.0779451513822,-12.7932833479596,-0.417666050565184,-10.68834174288,2.60073563265832,-1.11146957787468,-0.26349027088846
2023,"LU01","LU01_75",-1.79208382395143,-110.69173,14,4,6,0,0,3,-0.0470305124557784,0.573728735597619,0.611081852834792,0.754994553720416,0.4321363750379,0.05001006,0.020545064,0,0,0.014364371,0.038244381,0.012306856,0.000537447,0,0.032930231,2022,20.0291037735849,-10.9015094339623,13.6092764370338,-11.9164168494954,-0.440337906279732,-10.9329561301758,-0.0131860915865308,0.0314466962135267,-0.127271581190932
2022,"LU01","LU01_76",-1.77617405627889,-110.70893,15,8,13,4,3,2,-0.242759697300665,-0.0842380111319231,2.37030981527772,3.07683066219889,1.59450730080686,0.0723552,0.038802767,0,0,0.027241031,0.00566812,0.011989889,0.006366881,0,0.081082321,2021,58.6370283018868,-11.769858490566,38.0779451513822,-12.7932833479596,-0.453740814948744,-10.6570121102319,2.62336969375289,-1.11284638033409,0.133814240729328
2022,"LU01","LU01_77",-1.77521398409175,-110.53466,7,1,7,0,1,0,-0.189468851590196,1.03759885595758,1.33889483615592,0.438262027679565,1.32676079002656,0.060109879,0.013382863,0,0,0.013382863,0.004974411,0.003279358,0,0.081235695,0.014734259,2021,58.4195283018868,-11.8317452830189,38.0779451513822,-12.7932833479596,-0.429340544133796,-10.6574491338734,2.59681892423759,-1.1742961491455,0.213275143052886
2023,"LU01","LU01_78",-1.7790657022711,-110.37038,14,3,1,1,1,0,-1.44997852758797,0.688066460726546,-0.477147242342193,0.914682916881609,-0.731090973627016,0.03085785,0,0,0,0,0.007336131,0.008379398,6.59e-05,0.02284868,0.048023909,2022,21.0552830188679,-10.9293396226415,13.6092764370338,-11.9164168494954,-0.416765079588703,-10.9027327217868,0.045384945452256,-0.0266069008546701,-0.340113283843319
2022,"LU01","LU01_78",-1.7790657022711,-110.37038,15,0,5,0,0,0,-1.44997852758797,0.688066460726546,-0.477147242342193,0.914682916881609,-0.731090973627016,0.03085785,0,0,0,0,0.007336131,0.008379398,6.59e-05,0.02284868,0.048023909,2021,58.6737264150943,-11.8691509433962,38.0779451513822,-12.7932833479596,-0.425655033063932,-10.6510471308254,2.61236348056805,-1.21810381257082,-0.184029368564903
2023,"LU01","LU01_79",-1.77172800769799,-110.33426,14,5,11,0,3,1,-1.04059280784989,1.07694047442041,-0.533164571510473,0.196828465732001,-0.632271398067829,0.023955573,0.001718492,0,0,0,0.011174767,0.015888621,0.008814642,0.002068792,0.021212533,2022,21.1629245283019,-10.9332547169811,13.6092764370338,-11.9164168494954,-0.41685950847154,-10.9049392996137,0.0527632816219525,-0.0283154173674305,0.0855701214614539
2022,"LU01","LU01_79",-1.77172800769799,-110.33426,15,1,10,0,0,0,-1.04059280784989,1.07694047442041,-0.533164571510473,0.196828465732001,-0.632271398067829,0.023955573,0.001718492,0,0,0,0.011174767,0.015888621,0.008814642,0.002068792,0.021212533,2021,58.7166037735849,-11.8785849056604,38.0779451513822,-12.7932833479596,-0.426701585800911,-10.6526203688766,2.6157877187388,-1.22596453678376,0.0146228872439917
2022,"LU01","LU01_80",-1.76193298550304,-110.54085,15,7,6,2,4,1,0.0258757838946173,0.897496740835762,0.428742591432377,-0.0280820593303035,0.48735939533274,0.04179957,0.032315111,0,0,0.032315111,0.008843509,0.004367414,0,0,0.010075875,2021,58.7167452830189,-11.8369811320755,38.0779451513822,-12.7932833479596,-0.420407312558382,-10.6704362019412,2.61277049488072,-1.1665449301343,-0.144298917403124
2023,"LU01","LU01_80",-1.76193298550304,-110.54085,14,8,4,0,1,5,0.0258757838946173,0.897496740835762,0.428742591432377,-0.0280820593303035,0.48735939533274,0.04179957,0.032315111,0,0,0.032315111,0.008843509,0.004367414,0,0,0.010075875,2022,20.407358490566,-10.8291037735849,13.6092764370338,-11.9164168494954,-0.424511589521059,-10.9121601045334,0.00497123287895073,0.0830563309484944,-0.212408262251887
2022,"LU01","LU01_82",-1.77174058007187,-110.08388,14,3,3,2,0,1,-1.74043362238984,0.138637555892381,-0.581032282908147,-0.381270885301459,-0.497107331136018,0.028396756,0.004899793,0,0,0,0.002958934,0.011832459,0.00015118,0,0,2021,61.4833018867925,-11.9683962264151,38.0779451513822,-12.7932833479596,-0.281986148132299,-10.7515363572398,2.73467266970295,-1.21685986917525,-0.254976602782365
2023,"LU01","LU01_82",-1.77174058007187,-110.08388,14,3,11,0,1,1,-1.74043362238984,0.138637555892381,-0.581032282908147,-0.381270885301459,-0.497107331136018,0.028396756,0.004899793,0,0,0,0.002958934,0.011832459,0.00015118,0,0,2022,24.3933962264151,-11.0516509433962,13.6092764370338,-11.9164168494954,-0.248344031740779,-11.0064837114624,0.191796912218909,-0.0451672319338439,0.0855701214614539
2023,"LU01","LU01_83",-1.738251204887,-110.54852,14,2,9,0,0,1,-0.571713147403603,-0.41234319567063,1.39605744333811,0.444979458126248,1.38679112838008,0.048634967,0.030071273,0,0,0.030071273,0.011933983,0.00852486,0.001734957,0.070406911,0.022374117,2022,20.8215566037736,-10.7978773584906,13.6092764370338,-11.9164168494954,-0.38787854025904,-10.9397334887961,0.0155713648252957,0.141856130305552,0.000433440400499234
2022,"LU01","LU01_83",-1.738251204887,-110.54852,15,4,11,2,2,3,-0.571713147403603,-0.41234319567063,1.39605744333811,0.444979458126248,1.38679112838008,0.048634967,0.030071273,0,0,0.030071273,0.011933983,0.00852486,0.001734957,0.070406911,0.022374117,2021,59.658679245283,-11.8607547169811,38.0779451513822,-12.7932833479596,-0.385939638493676,-10.7031402846312,2.66036319869374,-1.15761443234997,0.0543533384057701
2023,"LU01","LU01_84",-1.74321157785387,-110.50404,14,2,12,0,1,0,-1.10986291062863,0.238988101177081,-0.458205578646329,-0.205774927664612,-0.420289138120202,0.025409991,0,0,0,0,0.006950833,0.01470275,0.00848792,0.013540615,0,2022,21.2750471698113,-10.8279716981132,13.6092764370338,-11.9164168494954,-0.360093989336443,-10.9549568098818,0.0331034094653615,0.126985111768597,0.128138461991931
2022,"LU01","LU01_84",-1.74321157785387,-110.50404,15,2,13,0,1,0,-1.10986291062863,0.238988101177081,-0.458205578646329,-0.205774927664612,-0.420289138120202,0.025409991,0,0,0,0,0.006950833,0.01470275,0.00848792,0.013540615,0,2021,60.287358490566,-11.8836320754717,38.0779451513822,-12.7932833479596,-0.367064884921642,-10.7167545172236,2.69411437308259,-1.16687755824807,0.133814240729328
2022,"LU01","LU01_85",-1.73087922202149,-110.71049,14,12,26,2,5,10,0.663422098327749,-0.175023491981695,0.801801855913964,0.27190327440491,0.796164814541085,0.03583859,0.007379713,0.002544957,0,0,0.042828535,0.007957529,0.000122912,0.095680354,0.02690321,2021,60.0522169811321,-11.7842924528302,38.0779451513822,-12.7932833479596,-0.421967214995458,-10.6838727565494,2.70449776604457,-1.10041969628081,0.724095229418614
2022,"LU01","LU01_86",-1.73346227338212,-110.34254,15,15,5,6,8,2,-1.35203595397527,-0.390111066071814,0.322274398772628,0.390852478905505,0.112809480081103,0.034187292,0.023392306,0,0,0.020700236,0.013644946,0.011195988,0,0.01202123,0.029083403,2021,61.0291981132075,-11.9628301886792,38.0779451513822,-12.7932833479596,-0.317857930199113,-10.7638687188449,2.72098793379049,-1.19896146983435,-0.184029368564903
2023,"LU01","LU01_86",-1.73346227338212,-110.34254,7,4,3,0,2,0,-1.35203595397527,-0.390111066071814,0.322274398772628,0.390852478905505,0.112809480081103,0.034187292,0.023392306,0,0,0.020700236,0.013644946,0.011195988,0,0.01202123,0.029083403,2022,22.7692452830189,-10.8896226415094,13.6092764370338,-11.9164168494954,-0.291529471128324,-11.004278288901,0.10192143951287,0.114655647391594,-0.127271581190932
2021,"LU02","LU02_03",-1.57977071742471,-111.48897,11,8,4,2,4,6,0.816931615927473,-1.45504894559244,-0.120743443849565,-0.5134615201665,0.046612608231018,0.0207601608184226,0,0,0,0,0.00229618964262144,0.0120360771918175,0,0.101395044740746,0,2020,28.178672985782,-10.1863981042654,30.5309192108454,-11.3920066130277,-0.817445703192661,-10.6059705185364,0.723339846736296,0.419572414270961,-0.165970072582275
2021,"LU02","LU02_05",-1.57868492149879,-111.40779,7,2,6,0,2,0,1.47221087327945,-0.9627068558815,-0.567733284470214,-0.809881006009883,-0.343801513275348,0.012645950284007,0,0,0,0,0,0.00500179155156801,0,0.0362240698839064,0,2020,27.3378672985782,-10.1418957345972,30.5309192108454,-11.3920066130277,-1.06522763407636,-10.4489216208074,0.785217427467521,0.307025886210202,0.128138461991931
2021,"LU02","LU02_100",-1.44019450850438,-111.76688,11,4,4,4,1,0,0.882532076616293,-1.59128965437536,0.499175692200198,0.716589587716032,0.392263886756904,0.060224006953045,0,0,0,0,0.00538756461738388,0.00814432057476331,0,0.062194649254435,0.0136687179647527,2020,25.2017061611374,-9.8421327014218,30.5309192108454,-11.3920066130277,-1.29754712316024,-10.0763839832723,0.751414983580029,0.234251281850474,-0.165970072582275
2021,"LU02","LU02_101",-1.58495967900758,-111.41208,11,9,16,1,5,4,1.67251985123722,-0.157931592976229,-0.789195300628516,-0.87959221764327,-0.562223183423595,0.0128840620767041,0,0,0,0,0,0.00235581483230585,0,0,0,2020,27.3378672985782,-10.1418957345972,30.5309192108454,-11.3920066130277,-1.06522763407636,-10.4489216208074,0.785217427467521,0.307025886210202,0.484164582792284
2021,"LU02","LU02_106",-1.56120932180675,-111.78943,11,7,5,0,5,3,0.902115352945312,-1.15239549038658,2.47804127420249,0.455025072655555,2.56098736752337,0.030373581905784,0.00244530083093957,0.00244530083093957,0,0,0.00288389782439253,0.00406733698772655,0,0,0.0126159952687131,2020,24.2542180094787,-9.82388625592417,30.5309192108454,-11.3920066130277,-1.28316694898562,-10.1388642253506,0.679953381885734,0.314977969426415,-0.111792184634395
2021,"LU02","LU02_110",-1.5271953357482,-111.47919,11,3,6,0,1,2,1.1321236153405,-1.53622844942933,1.79896914085805,-0.386455425787128,2.09456735851028,0.0270500038153166,0,0,0,0,0,0.0111844351491829,0,0.365539906677617,0,2020,28.3417061611374,-10.2069194312796,30.5309192108454,-11.3920066130277,-0.824844168697572,-10.6046575280852,0.738004112921327,0.3977380968056,-0.0576142966865156
2021,"LU02","LU02_119",-1.44609209479678,-111.78169,11,1,7,1,0,0,0.766185856883671,-0.546352616055367,1.53515019924553,-0.207973285794988,1.74965785216252,0.0240693088924716,0.00535443454252503,0,0,0,0.00756611117680516,0.00521986275540376,0,0.278675654206265,0.0190729372124162,2020,25.113981042654,-9.83554502369668,30.5309192108454,-11.3920066130277,-1.30019158062242,-10.0754461210234,0.74671053128016,0.239901097326674,-0.00343640873863536
2022,"LU02","LU02_119",-1.44609209479678,-111.78169,14,0,11,0,0,0,0.766185856883671,-0.546352616055367,1.53515019924553,-0.207973285794988,1.74965785216252,0.0240693088924716,0.00535443454252503,0,0,0,0.00756611117680516,0.00521986275540376,0,0.278675654206265,0.0190729372124162,2021,29.5621226415094,-11.1916981132075,38.0779451513822,-12.7932833479596,-1.10412052568332,-10.0429847145053,0.955444957603891,-1.1487133987022,0.0855701214614539
2021,"LU02","LU02_123",-1.42562198423534,-111.66826,11,2,8,1,1,0,2.51068357005358,-2.85218664763182,-0.232669219832036,-0.179780044401103,-0.183273243708443,0.0284289182589774,0,0,0,0,0.00653096659853374,0.00939493528793708,0,0.0513474540136941,0.00994731039044246,2020,26.7679146919431,-9.98398104265403,30.5309192108454,-11.3920066130277,-1.1024700013396,-10.2664533152323,0.764299756197323,0.282472272578238,0.0507414792092448
2021,"LU02","LU02_13",-1.55006562677748,-111.40125,11,6,4,0,4,2,0.843068190111857,-1.09668166678084,0.516257419728606,-0.72219205155848,0.807428798528685,0.0136157907416248,0,0,0,0,0,0.0102314503355867,0,0.199562649172801,0,2020,28.1678672985782,-10.2132227488152,30.5309192108454,-11.3920066130277,-0.937990064158469,-10.5616700113836,0.780572511581853,0.348447262568417,-0.165970072582275
2021,"LU02","LU02_137",-1.4985874704577,-111.59875,11,7,1,4,5,3,0.902839327167487,-0.755388102609326,0.115241853189067,-0.513719654481029,0.303503135078347,0.0250932940176425,0,0,0,0,0.00578524279312696,0.00618775468892335,0,0.106507433009715,0.00386480317814376,2020,26.6292890995261,-10.0022748815166,30.5309192108454,-11.3920066130277,-1.14705996484378,-10.2904824453837,0.776299028092861,0.288207563867157,-0.328503736425916
2022,"LU02","LU02_137",-1.4985874704577,-111.59875,14,9,1,2,1,5,0.902839327167487,-0.755388102609326,0.115241853189067,-0.513719654481029,0.303503135078347,0.0250932940176425,0,0,0,0,0.00578524279312696,0.00618775468892335,0,0.106507433009715,0.00386480317814376,2021,31.8421226415094,-11.2902830188679,38.0779451513822,-12.7932833479596,-0.925247556326593,-10.2443760989,1.02474821092471,-1.04590691996789,-0.340113283843319
2021,"LU02","LU02_143",-1.5047250747969,-111.43214,11,7,7,0,4,5,1.41533314558097,-1.33777285884379,-0.0907188030428153,-0.51252060146409,0.0789816256354479,0.0186135936188415,0,0,0,0,0,0.00921048122360788,0,0.130393433908977,0,2020,28.8902369668246,-10.2870616113744,30.5309192108454,-11.3920066130277,-0.741010655987905,-10.7165144105346,0.735057157364492,0.42945279916024,-0.00343640873863536
2022,"LU02","LU02_143",-1.5047250747969,-111.43214,14,4,10,1,0,2,1.41533314558097,-1.33777285884379,-0.0907188030428153,-0.51252060146409,0.0789816256354479,0.0186135936188415,0,0,0,0,0,0.00921048122360788,0,0.130393433908977,0,2021,37.1404245283019,-11.644858490566,38.0779451513822,-12.7932833479596,-0.465342172328014,-10.6580238444969,1.16452285987437,-0.986834646069127,0.0430017809309762
2021,"LU02","LU02_15",-1.53868191370144,-111.38586,11,2,0,0,1,2,1.98593500726658,-1.17025826465935,0.401619234276263,-0.832543216217035,0.718420218489709,0.0131607999719482,0,0,0,0,0,0.00597273997464578,0,0.186352540338868,0,2020,28.804028436019,-10.2809478672986,30.5309192108454,-11.3920066130277,-0.801132456464886,-10.6782457453541,0.75809639974688,0.397297878055484,-0.382681624373796
2022,"LU02","LU02_153",-1.44632068341277,-111.49073,12,10,11,4,9,4,1.85760731167467,-1.80633890303144,0.615668462006918,-0.434902303123375,0.822553573853394,0.0104206407461537,0,0,0,0,0,0.000656477841158528,0,0.200551537243026,0.0244838284995258,2021,33.5895754716981,-11.3992924528302,38.0779451513822,-12.7932833479596,-0.787124451317464,-10.3523634804009,1.077368711996,-1.0469289724293,0.163612079100662
2021,"LU02","LU02_153",-1.44632068341277,-111.49073,11,9,5,5,6,5,1.85760731167467,-1.80633890303144,0.615668462006918,-0.434902303123375,0.822553573853394,0.0104206407461537,0,0,0,0,0,0.000656477841158528,0,0.200551537243026,0.0244838284995258,2020,27.6820853080569,-10.1154502369668,30.5309192108454,-11.3920066130277,-1.02734488903764,-10.3945847496976,0.790449295118286,0.279134512730801,-0.111792184634395
2021,"LU02","LU02_155",-1.46215044506972,-111.40751,11,10,2,5,3,5,2.11946204038268,-1.90446096782569,0.397708346411384,-0.780844176656181,0.697418148087963,0.0129015486521128,0,0,0,0,0,0.00584263465889489,0,0.241783322691859,0,2020,29.2050236966825,-10.3503317535545,30.5309192108454,-11.3920066130277,-0.706334387493951,-10.7817780955935,0.739826028650244,0.431446342038967,-0.274325848478036
2022,"LU02","LU02_155",-1.46215044506972,-111.40751,14,13,7,7,4,7,2.11946204038268,-1.90446096782569,0.397708346411384,-0.780844176656181,0.697418148087963,0.0129015486521128,0,0,0,0,0,0.00584263465889489,0,0.241783322691859,0,2021,37.2844811320755,-11.7162264150943,38.0779451513822,-12.7932833479596,-0.4289060760744,-10.7259719206364,1.15681469535229,-0.990254494457989,-0.0847032406604554
2021,"LU02","LU02_17",-1.51905758101914,-111.50987,11,6,9,0,5,2,1.89172939598865,-1.25926750062454,2.33938760332899,-0.742968364124285,2.79814841875681,0.01922656263379,0,0,0,0,0,0.00504585613128095,0,0.486377121920418,0,2020,27.0462559241706,-10.0754028436019,30.5309192108454,-11.3920066130277,-1.10506504434371,-10.3605535398202,0.784509295033244,0.285150696218258,0.104919367157125
2022,"LU02","LU02_17",-1.51905758101914,-111.50987,14,11,7,1,1,11,1.89172939598865,-1.25926750062454,2.33938760332899,-0.742968364124285,2.79814841875681,0.01922656263379,0,0,0,0,0,0.00504585613128095,0,0.486377121920418,0,2021,33.7625,-11.3566037735849,38.0779451513822,-12.7932833479596,-0.862335773814634,-10.3152962499402,1.12531745520519,-1.04130752364468,-0.0847032406604554
2021,"LU02","LU02_18",-1.52370935935444,-111.45886,11,2,1,0,1,2,0.345434568049677,-1.14531317392372,0.713594373768873,-0.639487430197507,0.995388022237964,0.0189214280688663,0,0,0,0,0,0.00829124383433938,0,0.228206490162946,0,2020,28.3817061611374,-10.2187677725118,30.5309192108454,-11.3920066130277,-0.825665695252859,-10.617084591693,0.74112412186955,0.398316819181179,-0.328503736425916
2022,"LU02","LU02_18",-1.52370935935444,-111.45886,14,5,7,2,2,4,0.345434568049677,-1.14531317392372,0.713594373768873,-0.639487430197507,0.995388022237964,0.0189214280688663,0,0,0,0,0,0.00829124383433938,0,0.228206490162946,0,2021,36.1883962264151,-11.5569811320755,38.0779451513822,-12.7932833479596,-0.560282211178353,-10.5603607494975,1.14532315390771,-0.996620382577985,-0.0847032406604554
2022,"LU02","LU02_20",-1.48414066992746,-111.63136,14,11,9,2,2,4,0.948504556446003,-0.629503671038687,0.384539385889682,-0.449258506300415,0.575681554116726,0.0252291245945198,0,0,0,0,0.00534087702420515,0.00788620154524463,0,0.164171465046757,0.00247779567890704,2021,31.0638679245283,-11.2673113207547,38.0779451513822,-12.7932833479596,-0.971854468534286,-10.1903046647347,0.99414358428551,-1.07700665602006,0.000433440400499234
2021,"LU02","LU02_20",-1.48414066992746,-111.63136,11,9,6,1,6,7,0.948504556446003,-0.629503671038687,0.384539385889682,-0.449258506300415,0.575681554116726,0.0252291245945198,0,0,0,0,0.00534087702420515,0.00788620154524463,0,0.164171465046757,0.00247779567890704,2020,26.3918009478673,-9.96303317535545,30.5309192108454,-11.3920066130277,-1.18436718662252,-10.231646860275,0.778061217181395,0.268613684919519,-0.0576142966865156
2022,"LU02","LU02_21",-1.49383282724521,-111.62397,7,2,10,0,0,2,-0.282338070606893,-0.703908745421177,-0.319225753195281,-0.538731242980664,-0.16119707594316,0.024148530344903,0,0,0,0,0.00248150080906533,0.00250768536635259,0,0.0580180644234295,0.00674320412748013,2021,31.3100471698113,-11.2652830188679,38.0779451513822,-12.7932833479596,-0.974147856716781,-10.1990632719302,1.01201706978497,-1.0662197469377,0.46868518623575
2021,"LU02","LU02_21",-1.49383282724521,-111.62397,11,4,7,0,3,2,-0.282338070606893,-0.703908745421177,-0.319225753195281,-0.538731242980664,-0.16119707594316,0.024148530344903,0,0,0,0,0.00248150080906533,0.00250768536635259,0,0.0580180644234295,0.00674320412748013,2020,26.3862085308057,-9.97478672985782,30.5309192108454,-11.3920066130277,-1.19042625388066,-10.2413874571789,0.78059399702663,0.266600727321121,-0.00343640873863536
2021,"LU02","LU02_24",-1.4608932076818,-111.78605,11,4,8,1,1,1,0.794219024673987,-0.949091240646726,1.78800698651007,-0.428242864625655,2.09617357828291,0.0205825616752194,0.00121691417850295,4.78009107482916e-06,0,0,0.0043095713427996,0.00704351672663294,0,0.361400172985098,0.0119149452383605,2020,25.2507582938389,-9.8478672985782,30.5309192108454,-11.3920066130277,-1.23908999483971,-10.1332807851638,0.726645041035721,0.285413486585581,0.0507414792092448
2021,"LU02","LU02_25",-1.46735083608337,-111.63915,11,4,20,0,3,1,1.52522219215325,-0.860513886286387,-0.0930098666833219,-0.313488558178018,0.0120188739859197,0.0266588373166949,0,0,0,0,0.002545803389551,0.017542362948547,0,0.0782837150852113,0,2020,26.514691943128,-9.98412322274882,30.5309192108454,-11.3920066130277,-1.12425332542305,-10.2755206728599,0.757524733915882,0.291397450111097,0.700876134583808
2022,"LU02","LU02_25",-1.46735083608337,-111.63915,14,11,3,0,7,5,1.52522219215325,-0.860513886286387,-0.0930098666833219,-0.313488558178018,0.0120188739859197,0.0266588373166949,0,0,0,0,0.002545803389551,0.017542362948547,0,0.0782837150852113,0,2021,31.1717452830189,-11.3054245283019,38.0779451513822,-12.7932833479596,-0.914566537171875,-10.232531822088,0.973943284484251,-1.07289270621384,-0.254976602782365
2022,"LU02","LU02_26",-1.4700824700444,-111.41759,14,12,7,6,6,5,1.20309902999501,-2.05001493374434,-0.794902375059073,-0.76252069910163,-0.606355074577032,0.0127877639112057,0,0,0,0,0,0.00627483364171356,0,0.0486613682668068,0,2021,37.2844811320755,-11.7162264150943,38.0779451513822,-12.7932833479596,-0.4289060760744,-10.7259719206364,1.15681469535229,-0.990254494457989,-0.0847032406604554
2021,"LU02","LU02_26",-1.4700824700444,-111.41759,11,10,4,6,6,1,1.20309902999501,-2.05001493374434,-0.794902375059073,-0.76252069910163,-0.606355074577032,0.0127877639112057,0,0,0,0,0,0.00627483364171356,0,0.0486613682668068,0,2020,29.2050236966825,-10.3503317535545,30.5309192108454,-11.3920066130277,-0.706334387493951,-10.7817780955935,0.739826028650244,0.431446342038967,-0.165970072582275
2021,"LU02","LU02_27",-1.43172530028214,-111.65134,11,3,4,1,2,0,2.26697749662467,-2.61975710057177,-0.4865642977053,0.0226427512525632,-0.525138023926243,0.0292180736961868,0,0,0,0,0.00684720408840539,0.0110419854925474,0,0,0.0154155081131861,2020,27.0211848341232,-10.023317535545,30.5309192108454,-11.3920066130277,-1.02056317861127,-10.3475175262021,0.742165113424816,0.324199990657119,-0.165970072582275
2021,"LU02","LU02_29",-1.5981263832883,-111.5666,11,8,10,2,5,3,2.10183107992233,-1.20348849377399,-0.286182628683924,-0.589838093504428,-0.108684172607009,0.0254939219688503,0,0,0,0,0,0.00543306402423326,0,0.0710562260152215,0,2020,26.2849763033175,-10.022654028436,30.5309192108454,-11.3920066130277,-1.13195994289954,-10.3420975555124,0.745581728417477,0.319443527076359,0.159097255105005
2021,"LU02","LU02_30",-1.59553190249687,-111.60098,11,5,11,1,4,0,2.36757405781336,-0.795421339604512,-0.49131149349348,-0.465073391635626,-0.372325314398515,0.0291150284726929,0,0,0,0,0,0.0074629418150001,0,0.0231274792367515,0,2020,25.9204265402844,-9.98578199052133,30.5309192108454,-11.3920066130277,-1.17043539402754,-10.3031800012243,0.739249816175586,0.317398010703018,0.213275143052886
2021,"LU02","LU02_31",-1.58862852629413,-111.47372,11,6,12,3,3,0,1.40333066211948,-1.60888454963686,-0.557766267186302,-0.518440020389813,-0.427357298933358,0.0250055112077817,0,0,0,0,0,0.00792761757828916,0,0.0266792884323419,0,2020,28.5461137440758,-10.2234123222749,30.5309192108454,-11.3920066130277,-0.756505824331383,-10.6744012599874,0.719065746295942,0.450988937712564,0.267453031000765
2021,"LU02","LU02_32",-1.59070868269959,-111.4461,11,7,7,3,2,3,0.645846765588314,-1.07929414674964,-0.259987123096951,-0.444334076020411,-0.127308357379438,0.0359582374605226,0,0,0,0,0,0.00122306572823046,0,0,0,2020,28.2192417061611,-10.2023696682464,30.5309192108454,-11.3920066130277,-0.833048472932023,-10.6154906140116,0.733606776659231,0.413120945765151,-0.00343640873863536
2021,"LU02","LU02_33",-1.58554257997834,-111.50648,11,6,10,3,5,0,2.45972659601604,-1.8146020009548,0.844716023889276,-0.529089027008375,1.10231914598667,0.0251971501596781,0,0,0,0,0,0.0086115994297248,0,0.249699910814976,0,2020,27.9263507109005,-10.157345971564,30.5309192108454,-11.3920066130277,-0.875044063194554,-10.568454747273,0.733849322783355,0.411108775709,0.159097255105005
2021,"LU02","LU02_34",-1.56504961055529,-111.40033,11,6,13,1,3,3,1.44818369295233,-0.732788351963618,0.709857274113689,-0.820211925161208,1.04986063296608,0.0131471911998406,0,0,0,0,0,0.00449562795384176,0,0.246745251480816,0,2020,27.7041232227488,-10.1798578199052,30.5309192108454,-11.3920066130277,-1.00833669241971,-10.5009503931777,0.782809712315441,0.321092573272438,0.321630918948645
2021,"LU02","LU02_36",-1.52464657267997,-111.3576,11,5,5,1,2,4,2.77739210042835,-0.659192323261656,0.153912685029422,-0.768714408439885,0.428182722599674,0.0111545928900987,0,0,0,0,0,0.00934981543055908,0,0.15493198586128,0,2020,29.9507582938389,-10.5163033175355,30.5309192108454,-11.3920066130277,-0.496364580880439,-11.0683425498866,0.689655402016606,0.552039232351067,-0.111792184634395
2021,"LU02","LU02_38",-1.51786892021602,-111.52653,8,4,11,2,3,0,1.75554155268722,-0.526963971486062,0.784786856794953,-0.690173835880127,1.08928011582845,0.0222141732390232,0,0,0,0,0,0.0049641146098138,0,0.240275451496133,0,2020,27.1157819905213,-10.0737440758294,30.5309192108454,-11.3920066130277,-1.07102488378147,-10.3767734979077,0.772876028381265,0.303029422078334,0.436758930837891
2022,"LU02","LU02_39",-1.52238354538172,-111.49615,14,5,6,1,2,2,2.10267782506451,-2.09214867950826,3.39969592726719,-0.767235963937554,3.95987124092268,0.0190206364282007,0,0,0,0,0,0.00281406307968237,0,0.657654025189397,0,2021,35.0695283018868,-11.4708962264151,38.0779451513822,-12.7932833479596,-0.664085261041349,-10.458762215826,1.11901988257869,-1.01213401058913,-0.127271581190932
2021,"LU02","LU02_39",-1.52238354538172,-111.49615,11,4,4,1,2,2,2.10267782506451,-2.09214867950826,3.39969592726719,-0.767235963937554,3.95987124092268,0.0190206364282007,0,0,0,0,0,0.00281406307968237,0,0.657654025189397,0,2020,27.8392890995261,-10.154691943128,30.5309192108454,-11.3920066130277,-0.917856433257486,-10.5118454062205,0.748506488207056,0.357153463092512,-0.165970072582275
2022,"LU02","LU02_40",-1.50512510487487,-111.58392,14,14,4,4,7,11,2.24747140920545,-1.34394169259554,-0.156072037049259,-0.531515246247587,0.0140147581021567,0.0238156037028918,0,0,0,0,0.00312540330999471,0.00796432136563694,0,0.0620363020353539,0.00314543812383653,2021,32.2620754716981,-11.322358490566,38.0779451513822,-12.7932833479596,-0.880039908683656,-10.2859325185258,1.03161692134953,-1.03642597204028,-0.212408262251887
2021,"LU02","LU02_40",-1.50512510487487,-111.58392,11,10,4,2,5,7,2.24747140920545,-1.34394169259554,-0.156072037049259,-0.531515246247587,0.0140147581021567,0.0238156037028918,0,0,0,0,0.00312540330999471,0.00796432136563694,0,0.0620363020353539,0.00314543812383653,2020,26.9821327014218,-10.0318957345972,30.5309192108454,-11.3920066130277,-1.10652372744308,-10.3338441823336,0.780842459519126,0.301948447736486,-0.165970072582275
2021,"LU02","LU02_42",-1.51397148431348,-111.45815,11,6,4,1,4,0,1.45835108369528,-1.5672299800817,2.41819377693505,-0.796680981629439,2.90130621585544,0.0184388395874692,0,0,0,0,0,0.00312162320893405,0,0.50665407295386,0,2020,29.0790047393365,-10.3034123222749,30.5309192108454,-11.3920066130277,-0.687729253993987,-10.7589604659899,0.722294109861314,0.455548143715029,-0.165970072582275
2022,"LU02","LU02_42",-1.51397148431348,-111.45815,14,6,7,1,3,1,1.45835108369528,-1.5672299800817,2.41819377693505,-0.796680981629439,2.90130621585544,0.0184388395874692,0,0,0,0,0,0.00312162320893405,0,0.50665407295386,0,2021,37.0758490566038,-11.6713679245283,38.0779451513822,-12.7932833479596,-0.41557131386986,-10.6970608090431,1.13618935234489,-0.974307115485217,-0.0847032406604554
2021,"LU02","LU02_44",-1.48536361902298,-111.4257,10,6,2,1,1,6,1.34629184160962,-1.89375203709504,0.676766540083516,-0.890660118186278,1.03666946836137,0.0140042288201389,0,0,0,0,0,0.00190188055962912,0,0.292035066533138,0,2020,29.4396208530806,-10.3619431279621,30.5309192108454,-11.3920066130277,-0.629334443236587,-10.8359585266934,0.718778992350585,0.474015398731284,-0.26349027088846
2022,"LU02","LU02_46",-1.46930526875004,-111.51454,14,3,16,0,1,3,1.41024832748472,-0.609817153581522,-0.710727260839182,-0.685053588470445,-0.539845753222449,0.0106937765875082,0,0,0,0,0,0.0137652967503615,0,0.0139650049440185,0,2021,33.3664622641509,-11.3584433962264,38.0779451513822,-12.7932833479596,-0.839232899171347,-10.3074980480326,1.08722796119714,-1.05094534819386,0.298411824113838
2021,"LU02","LU02_46",-1.46930526875004,-111.51454,11,7,15,4,3,2,1.41024832748472,-0.609817153581522,-0.710727260839182,-0.685053588470445,-0.539845753222449,0.0106937765875082,0,0,0,0,0,0.0137652967503615,0,0.0139650049440185,0,2020,27.2536492890995,-10.0849763033175,30.5309192108454,-11.3920066130277,-1.0777852364331,-10.3492947890274,0.785519041486285,0.264318485709877,0.429986694844404
2022,"LU02","LU02_47",-1.45997885321786,-111.64797,14,12,1,9,6,6,1.73481878454259,-1.41049188178394,-0.537902657040137,-0.206187990469721,-0.506884306245949,0.0246107026294792,0,0,0,0,0.00254580338955124,0.0183448981427479,0,0.0103272250809024,0.00610933409060233,2021,31.1717452830189,-11.3054245283019,38.0779451513822,-12.7932833479596,-0.914566537171875,-10.232531822088,0.973943284484251,-1.07289270621384,-0.340113283843319
2021,"LU02","LU02_47",-1.45997885321786,-111.64797,11,11,1,7,5,7,1.73481878454259,-1.41049188178394,-0.537902657040137,-0.206187990469721,-0.506884306245949,0.0246107026294792,0,0,0,0,0.00254580338955124,0.0183448981427479,0,0.0103272250809024,0.00610933409060233,2020,26.514691943128,-9.98412322274882,30.5309192108454,-11.3920066130277,-1.12425332542305,-10.2755206728599,0.757524733915882,0.291397450111097,-0.328503736425916
2022,"LU02","LU02_50",-1.4594530994011,-111.49719,14,12,5,8,9,8,2.43629982529371,-1.68610285194366,1.6416715806079,-0.931074580737022,2.09980153665093,0.0115041230982124,0,0,0,0,0,0.00261329303577114,0,0.401118496724885,0.000925858597264408,2021,33.9619811320755,-11.4296698113208,38.0779451513822,-12.7932833479596,-0.743132141848386,-10.3917892868226,1.08158278458394,-1.03788052449817,-0.16983992172141
2021,"LU02","LU02_50",-1.4594530994011,-111.49719,11,11,5,6,6,4,2.43629982529371,-1.68610285194366,1.6416715806079,-0.931074580737022,2.09980153665093,0.0115041230982124,0,0,0,0,0,0.00261329303577114,0,0.401118496724885,0.000925858597264408,2020,27.8286255924171,-10.1341232227488,30.5309192108454,-11.3920066130277,-0.986561212715443,-10.4367335406819,0.780819612507016,0.302610317933112,-0.111792184634395
2021,"LU02","LU02_51",-1.43734858023536,-111.47964,11,8,6,3,7,3,1.66065872231297,-2.21524606546016,-0.246862100044182,-0.376984481477859,-0.134840848292372,0.0119390532399962,0.00256473881818101,0.00256473881818101,0,0,0,0.00520589552812611,0,0.0513251976313328,0.0235512269484085,2020,27.7178199052133,-10.121990521327,30.5309192108454,-11.3920066130277,-1.04291699193672,-10.3861480625602,0.800372159780707,0.264157541233189,-0.0576142966865156
2022,"LU02","LU02_51",-1.43734858023536,-111.47964,14,11,2,8,4,7,1.66065872231297,-2.21524606546016,-0.246862100044182,-0.376984481477859,-0.134840848292372,0.0119390532399962,0.00256473881818101,0.00256473881818101,0,0,0,0.00520589552812611,0,0.0513251976313328,0.0235512269484085,2021,33.6190566037736,-11.3999056603774,38.0779451513822,-12.7932833479596,-0.80109952722996,-10.3461866560422,1.08609757108396,-1.05371900433517,-0.297544943312842
2022,"LU02","LU02_52",-1.43952017208722,-111.40199,14,4,10,0,0,4,1.4261316434988,-1.84226073311828,1.36027038733989,-0.569304449806177,1.67638864888734,0.0176097491454685,0,0,0,0,0,0.00288241471460951,0,0.357492547506974,0.00681206488106092,2021,36.6830660377358,-11.6572641509434,38.0779451513822,-12.7932833479596,-0.506877332707215,-10.6528418411368,1.15333987278575,-1.00442230980664,0.0430017809309762
2021,"LU02","LU02_52",-1.43952017208722,-111.40199,11,3,4,0,2,1,1.4261316434988,-1.84226073311828,1.36027038733989,-0.569304449806177,1.67638864888734,0.0176097491454685,0,0,0,0,0,0.00288241471460951,0,0.357492547506974,0.00681206488106092,2020,28.965308056872,-10.3189573459716,30.5309192108454,-11.3920066130277,-0.781066637701315,-10.703274945768,0.759433860153115,0.384317599796411,-0.165970072582275
2022,"LU02","LU02_54",-1.42959942615348,-111.41174,14,12,7,7,9,2,2.14428087282645,-1.92841738069989,2.03567524856103,-0.643656378618838,2.4354700275635,0.0191866079974961,0,0,0,0,0.0020413177290636,0.00173982646653539,0,0.404094524948345,0,2021,36.0934433962264,-11.6013679245283,38.0779451513822,-12.7932833479596,-0.576356813631182,-10.5823960081665,1.14658476968028,-1.01897191636183,-0.0847032406604554
2021,"LU02","LU02_54",-1.42959942615348,-111.41174,11,6,2,4,3,0,2.14428087282645,-1.92841738069989,2.03567524856103,-0.643656378618838,2.4354700275635,0.0191866079974961,0,0,0,0,0.0020413177290636,0.00173982646653539,0,0.404094524948345,0,2020,28.7005687203791,-10.2824170616114,30.5309192108454,-11.3920066130277,-0.845931202681143,-10.6287810853534,0.772591699309492,0.34636402374206,-0.274325848478036
2022,"LU02","LU02_56",-1.41427255945169,-111.39808,14,11,4,7,5,0,1.96454105315494,-1.05046866420131,2.22818010801106,-0.828588504034372,2.70486246839976,0.0150248638178134,0,0,0,0,0,0.00296340057412123,0,0.482344267890202,0,2021,35.0591509433962,-11.4980660377358,38.0779451513822,-12.7932833479596,-0.709364395270021,-10.4715002284769,1.14008730113996,-1.02656580925891,-0.212408262251887
2021,"LU02","LU02_56",-1.41427255945169,-111.39808,11,9,5,4,8,0,1.96454105315494,-1.05046866420131,2.22818010801106,-0.828588504034372,2.70486246839976,0.0150248638178134,0,0,0,0,0,0.00296340057412123,0,0.482344267890202,0,2020,27.9871563981043,-10.2318957345972,30.5309192108454,-11.3920066130277,-0.971061778258703,-10.5121220123534,0.784165750233022,0.280226277756285,-0.111792184634395
2021,"LU02","LU02_57",-1.38584756505398,-111.39145,11,8,14,5,6,3,2.29751677489472,-1.01255635775459,0.078583590725606,-0.835641119312246,0.367885731574304,0.00744666374817571,0.00240349656636388,0.00240349656636388,0,0,0,0.00688146514188388,0,0.190283045450816,0.00498625215040775,2020,27.4251658767772,-10.151990521327,30.5309192108454,-11.3920066130277,-1.12741368706842,-10.3496712382282,0.821069279054023,0.197680716901214,0.375808806896524
2022,"LU02","LU02_57",-1.38584756505398,-111.39145,14,12,11,8,8,3,2.29751677489472,-1.01255635775459,0.078583590725606,-0.835641119312246,0.367885731574304,0.00744666374817571,0.00240349656636388,0.00240349656636388,0,0,0,0.00688146514188388,0,0.190283045450816,0.00498625215040775,2021,33.4377830188679,-11.3467452830189,38.0779451513822,-12.7932833479596,-0.880675751235229,-10.3148299003209,1.11201611216876,-1.03191538269802,0.0855701214614539
2021,"LU03","LU03_05",-1.04415330187984,-110.86127,11,3,1,0,2,2,-1.37004659252438,-0.394375885752747,-0.187788177840245,0.0365174983073747,-0.204494329163952,0.0196808279694824,0.00433947166282374,0.00433947166282374,0,0,0.00153567251122372,0.00385293771413439,0.0333103471689718,0,0.00533551953116178,2020,25.7663507109005,-10.5283412322275,30.5309192108454,-11.3920066130277,-1.44236292673034,-10.9537387963194,0.859521320850839,0.425397564091952,-0.328503736425916
2022,"LU03","LU03_05",-1.04415330187984,-110.86127,1,1,0,0,1,0,-1.37004659252438,-0.394375885752747,-0.187788177840245,0.0365174983073747,-0.204494329163952,0.0196808279694824,0.00433947166282374,0.00433947166282374,0,0,0.00153567251122372,0.00385293771413439,0.0333103471689718,0,0.00533551953116178,2021,21.9187264150943,-12.1732075471698,38.0779451513822,-12.7932833479596,-1.32267216284714,-10.9460586934035,0.539849039983194,-1.22714885376632,-0.382681624373796
2021,"LU03","LU03_07",-0.96895907665163,-110.75082,12,6,8,0,2,5,-1.19163035166668,-1.1417734190272,1.6020443572202,2.99807416224519,0.783966161549489,0.0317649547650982,0.00363802674661812,0.00363802674661812,0,0,0,0.00672167653736284,0.00937215999994138,0.118142451806968,0.114228424951921,2020,23.6061137440758,-10.575971563981,30.5309192108454,-11.3920066130277,-1.59130824269105,-10.9829898987927,0.783984794141682,0.407018334811669,0.0146228872439917
2021,"LU03","LU03_10",-0.939551151205178,-110.78266,12,4,8,0,2,1,-0.392924839175162,-0.043968759910077,0.42761479934532,0.517430846802662,0.246468426663984,0.039016580386516,0.00302242416443358,0.00302242416443358,0,0,0.0221777769927208,0.000986666057493813,0.0174602680742336,0.030019339933107,0.00607320385371538,2020,24.315308056872,-10.6228909952607,30.5309192108454,-11.3920066130277,-1.53837376233442,-11.0453421881553,0.80684190285817,0.422451192894648,0.0146228872439917
2021,"LU03","LU03_102",-1.05558273267908,-110.85629,11,4,2,1,3,1,-1.36917531479322,-0.411795585612814,-0.224431733828414,0.125379768179516,-0.273154900976907,0.0213786832666674,0.00433947166282409,0.00433947166282409,0,0,0.00378471843580152,0.00529279324034899,0.0193087162934489,0,0.0204630603820303,2020,28.7709478672986,-10.566682464455,30.5309192108454,-11.3920066130277,-1.3851029139141,-10.9842110838013,1.03666939990574,0.417528619346275,-0.274325848478036
2022,"LU03","LU03_102",-1.05558273267908,-110.85629,1,0,1,0,0,0,-1.36917531479322,-0.411795585612814,-0.224431733828414,0.125379768179516,-0.273154900976907,0.0213786832666674,0.00433947166282409,0.00433947166282409,0,0,0.00378471843580152,0.00529279324034899,0.0193087162934489,0,0.0204630603820303,2021,23.6248113207547,-12.2123113207547,38.0779451513822,-12.7932833479596,-1.24438655168177,-10.9778345829436,0.618426765822335,-1.2344767378111,0.213275143052886
2021,"LU03","LU03_103",-1.05447407789156,-110.8249,11,1,1,0,0,1,-1.7421357650974,-0.157044177798505,-0.86784105527494,-0.090871613529318,-0.903286803755208,0,0,0,0,0,0.0039351625794235,0.00655507152836076,0.0393366976714547,0,0.009923568115411,2020,29.3596682464455,-10.5957345971564,30.5309192108454,-11.3920066130277,-1.36750740580523,-11.0061029232416,1.06831361143654,0.410368326085159,-0.328503736425916
2022,"LU03","LU03_103",-1.05447407789156,-110.8249,1,0,1,0,0,0,-1.7421357650974,-0.157044177798505,-0.86784105527494,-0.090871613529318,-0.903286803755208,0,0,0,0,0,0.0039351625794235,0.00655507152836076,0.0393366976714547,0,0.009923568115411,2021,23.6247641509434,-12.2393396226415,38.0779451513822,-12.7932833479596,-1.22642413436792,-11.0008199043736,0.609785574393919,-1.23851971826788,0.213275143052886
2021,"LU03","LU03_111",-0.977771167797849,-111.1192,11,7,8,4,2,3,0.318839012712531,1.25813603638374,-0.0776808141173514,0.532892762457802,-0.245455482972063,0.0161054855171413,0.00952290544609423,0.00952290544609423,0,0,0,0.0020690766704288,0.0064972775601993,0,0.0510744929287512,2020,28.7018483412322,-10.4965402843602,30.5309192108454,-11.3920066130277,-1.29359040844207,-11.0359087972266,0.987954484437911,0.53936851286644,0.0507414792092448
2021,"LU03","LU03_126",-0.801163603087957,-110.772418,10,1,5,0,1,0,-1.68115678263621,-0.161671193054568,-0.156867490674933,0.264585710626351,-0.344181356209928,0.00715616462880452,0.0532677908997665,0,0,0.0363936318288468,0.015372126696216,0.00820193873853482,0.0462075814985681,0,0.0115566836754378,2020,22.9128909952607,-10.653981042654,30.5309192108454,-11.3920066130277,-1.4128741445358,-11.095773749093,0.650952488245482,0.441792706439021,-0.0847032406604554
2021,"LU03","LU03_129",-0.770909899762368,-110.82375,12,10,2,3,5,4,-1.60952858434702,-1.09991376563656,1.08144547797693,1.32210697158233,0.760305006991048,0.0343982263516801,0.0668313545846622,8.97378485309857e-06,0,0.0326515898383392,0.0240523276904217,0.00249906117518077,0.0160416582136071,0,0.0709234010820391,2020,22.1591943127962,-10.5738862559242,30.5309192108454,-11.3920066130277,-1.46266080416786,-11.0378315466028,0.623549957351213,0.463945290678657,-0.283355496469349
2022,"LU03","LU03_13",-0.859533706179689,-111.11472,1,1,2,0,1,0,1.26445839213199,2.5841245152165,-0.526476230813636,-0.379852205716373,-0.438197184285814,0.00992710244624235,0.00171809561471641,0,0,0,0.00375332602360047,0.00717346018683111,0.0251016087585446,0,0,2021,23.4030188679245,-12.3824056603774,38.0779451513822,-12.7932833479596,-1.21597080668505,-11.1033763589588,0.589652570656928,-1.27902930141854,0.809231910479567
2021,"LU03","LU03_13",-0.859533706179689,-111.11472,11,2,13,0,2,0,1.26445839213199,2.5841245152165,-0.526476230813636,-0.379852205716373,-0.438197184285814,0.00992710244624235,0.00171809561471641,0,0,0,0.00375332602360047,0.00717346018683111,0.0251016087585446,0,0,2020,25.8222274881517,-10.5570142180095,30.5309192108454,-11.3920066130277,-1.33038512461712,-11.1098772165917,0.809478647844566,0.55286299858227,0.321630918948645
2021,"LU03","LU03_131",-1.05347971741203,-110.79513,11,4,0,0,2,2,-0.110454893882465,-0.839071580114669,-0.397553991586182,-0.111493402980692,-0.384825335296923,0.000505043381761039,0,0,0,0,0,0.00514962622343748,0.0268756685269505,0.0770680938649094,0.0212619470305709,2020,29.2923696682464,-10.6109004739336,30.5309192108454,-11.3920066130277,-1.3883469612779,-11.0127531527547,1.07375056067632,0.401852678821037,-0.382681624373796
2022,"LU03","LU03_131",-1.05347971741203,-110.79513,1,0,1,0,0,0,-0.110454893882465,-0.839071580114669,-0.397553991586182,-0.111493402980692,-0.384825335296923,0.000505043381761039,0,0,0,0,0,0.00514962622343748,0.0268756685269505,0.0770680938649094,0.0212619470305709,2021,23.2662735849057,-12.2488679245283,38.0779451513822,-12.7932833479596,-1.25066002984897,-11.0082548680206,0.597018751766155,-1.24061305650775,0.213275143052886
2021,"LU03","LU03_137",-0.946900275209092,-111.19794,11,1,6,0,1,0,-0.192999480211805,1.60615488050062,-0.294448666632612,-0.560744278432794,-0.127103479636167,0.0189747653444538,0,0,0,0,0.00257788623136968,0.00394757023814378,0.00084485341554293,0,0.00975576223995712,2020,25.7204265402844,-10.4316113744076,30.5309192108454,-11.3920066130277,-1.32384545577464,-11.0011782879049,0.79939872906329,0.569566913497329,-0.0576142966865156
2021,"LU03","LU03_14",-0.861213832507175,-111.09364,12,7,3,0,3,4,1.10047289328201,3.64949353002992,-0.349692155881866,0.397180075031802,-0.422119070006645,0.03777407270967,0.00171809561471616,0,0,0,0.0157681282660911,0.00428670542181782,0.0262565110022676,0,0,2020,28.4207109004739,-10.5878672985782,30.5309192108454,-11.3920066130277,-1.30624311460734,-11.1345030262079,0.974886974411161,0.546635727629688,-0.233692432517126
2021,"LU03","LU03_147",-0.817976295793643,-110.84415,12,10,8,5,6,4,-0.252528993990289,-1.15167550081876,0.635657938881313,2.04120152447913,0.00933160365602662,0.028373690759492,0.0276038824963727,0,0,0.0121037469224189,0.0253234007579693,0.00348560186841131,0.0104982625713172,0,0.0919570636155866,2020,23.3526066350711,-10.605355450237,30.5309192108454,-11.3920066130277,-1.42672914941686,-11.0715952374246,0.687570253745454,0.466239787187652,0.0146228872439917
2021,"LU03","LU03_15",-0.868311509033508,-110.79516,11,1,2,1,0,0,-0.454895455992094,-0.968377107447513,-0.573417959390332,-0.292649251626961,-0.517527086180823,0.0151669490069886,0.00396286660763715,0,0,0,0.00149338699976365,0.0131616756009788,0.000520516443769512,0,0.0144356975816919,2020,24.3370142180095,-10.6771563981043,30.5309192108454,-11.3920066130277,-1.43083968627691,-11.1102329404744,0.756608355934452,0.433076542370097,-0.274325848478036
2022,"LU03","LU03_15",-0.868311509033508,-110.79516,1,0,2,0,0,0,-0.454895455992094,-0.968377107447513,-0.573417959390332,-0.292649251626961,-0.517527086180823,0.0151669490069886,0.00396286660763715,0,0,0,0.00149338699976365,0.0131616756009788,0.000520516443769512,0,0.0144356975816919,2021,23.0171226415094,-12.3919339622642,38.0779451513822,-12.7932833479596,-1.31756193642849,-11.1097183607145,0.612218268968527,-1.28221560154965,0.809231910479567
2022,"LU03","LU03_17",-0.848149993103645,-110.85303,1,1,0,0,0,0,-0.543840837287684,-1.26551063819979,0.124590921191411,2.41271923602095,-0.634241489136539,0.0196384820627942,0.00399991186805748,0,0,0,0.0105580461773117,0.00205146984710116,0.0182242071029182,0,0.109687170267058,2021,22.4964622641509,-12.3162264150943,38.0779451513822,-12.7932833479596,-1.35454374864741,-11.0470975758354,0.594533262568494,-1.26912883925891,-0.382681624373796
2021,"LU03","LU03_17",-0.848149993103645,-110.85303,11,1,14,0,1,0,-0.543840837287684,-1.26551063819979,0.124590921191411,2.41271923602095,-0.634241489136539,0.0196384820627942,0.00399991186805748,0,0,0,0.0105580461773117,0.00205146984710116,0.0182242071029182,0,0.109687170267058,2020,23.2549289099526,-10.5854502369668,30.5309192108454,-11.3920066130277,-1.46365549960877,-11.0511713322677,0.698673673068557,0.465721095300855,0.375808806896524
2022,"LU03","LU03_18",-0.819267821473961,-111.11633,1,0,0,0,0,0,0.952714306608387,2.62655309660192,-0.478992293722628,-0.565933319433974,-0.326249076027908,0.00735036267239869,0,0,0,0,0.0119374165675723,0,0.0182107601254832,0,0,2021,23.287358490566,-12.3666037735849,38.0779451513822,-12.7932833479596,-1.24133506332136,-11.0901787419391,0.593970831898213,-1.27642503164576,-0.382681624373796
2021,"LU03","LU03_18",-0.819267821473961,-111.11633,11,0,2,0,0,0,0.952714306608387,2.62655309660192,-0.478992293722628,-0.565933319433974,-0.326249076027908,0.00735036267239869,0,0,0,0,0.0119374165675723,0,0.0182107601254832,0,0,2020,25.4421327014218,-10.5504739336493,30.5309192108454,-11.3920066130277,-1.36277958030851,-11.0962464949409,0.799163452320999,0.545772561291567,-0.274325848478036
2022,"LU03","LU03_19",-0.834126081512974,-111.07001,1,0,0,0,0,0,-1.42011202615891,0.532019216285792,-0.283968754873151,-0.329543760631734,-0.190588302319286,0.0124350891692161,0.0575080090179528,0,0,0.0480974815435868,0.0331029326699184,0.00615038096712927,0.0155639256885611,0,0.00550131807177337,2021,22.8766509433962,-12.3902830188679,38.0779451513822,-12.7932833479596,-1.26448451678593,-11.1106291236481,0.577124340047353,-1.27965389521982,-0.382681624373796
2021,"LU03","LU03_19",-0.834126081512974,-111.07001,12,4,3,1,3,2,-1.42011202615891,0.532019216285792,-0.283968754873151,-0.329543760631734,-0.190588302319286,0.0124350891692161,0.0575080090179528,0,0,0.0480974815435868,0.0331029326699184,0.00615038096712927,0.0155639256885611,0,0.00550131807177337,2020,25.2487203791469,-10.5831753554502,30.5309192108454,-11.3920066130277,-1.3800931120309,-11.114771490715,0.794313444829963,0.53159613526476,-0.233692432517126
2021,"LU03","LU03_20",-0.831394447551957,-111.04119,12,5,2,0,5,4,-1.56642174073328,-0.543398280528919,-0.362665412484442,-0.352571320892863,-0.400607087188127,0.00987006725729194,0.0322423836752484,0,0,0.020679929736122,0.0250362311801424,0.00591056160112738,0.0120689913381497,0,0.0135123143773887,2020,24.6081516587678,-10.6191469194313,30.5309192108454,-11.3920066130277,-1.39278231900641,-11.1419418156461,0.756777738466209,0.522794896214831,-0.283355496469349
2021,"LU03","LU03_21",-0.835006147684519,-110.91676,12,8,4,3,8,2,0.286496269106931,-1.04833878705673,-0.442016698375414,0.602033884983342,-0.664333573616876,0.0076219667652886,0.00886014392634957,0,0,0.0036833734686603,0.0294736838712891,0.0120591919713481,0.0152153465453292,0,0.0544166611847215,2020,23.0784834123223,-10.5727962085308,30.5309192108454,-11.3920066130277,-1.4764118494188,-11.0487209704238,0.692787995467439,0.475924761892985,-0.184029368564903
2021,"LU03","LU03_25",-0.814604613707869,-110.90796,12,5,7,0,3,3,-0.370312549418228,-0.800587454267748,0.558222798349937,0.231354649758625,0.445502878766775,0.0434784741129524,0.0562656628318021,0,0,0.0478638045598581,0.0215115175154693,0.00345176331392841,0.00631849489151505,0,0.013818567671197,2020,22.5735071090047,-10.5677725118483,30.5309192108454,-11.3920066130277,-1.46328989585396,-11.0492846969607,0.65207695757685,0.481512185112386,-0.0350401767082321
2021,"LU03","LU03_27",-0.803278047785822,-110.96253,11,8,8,1,7,4,-1.53253938859205,-0.509504466753319,-0.424998461842508,-0.384786500508292,-0.326167465389489,0.0255579825829802,0,0,0,0,0.0165576232024783,0.00544970496785847,0.0100100320460642,0,0,2020,23.1235545023697,-10.5322748815166,30.5309192108454,-11.3920066130277,-1.46250279868689,-11.0304214135313,0.689169652387594,0.49814653201469,0.0507414792092448
2021,"LU03","LU03_28",-0.802999169674318,-110.88773,12,9,4,0,6,4,0.169835510867289,-1.1550435576057,0.0567863813324828,-0.00260252831752103,0.0743312783538102,0.0163405654652332,0.0586000718844967,0.00321929046912803,0,0.037944055783223,0.0298565039857914,0.00808741297211227,0.00252102693034586,0,0.0328252913879538,2020,23.4949289099526,-10.5823696682464,30.5309192108454,-11.3920066130277,-1.44991577314326,-11.0585001289417,0.708416013850736,0.476130460695231,-0.184029368564903
2021,"LU03","LU03_32",-0.965324517657471,-111.20451,12,10,12,7,6,5,-1.13065560587266,-0.222830557269827,0.305745627711735,0.338493004635813,0.302368697574956,0.0354491147675666,0.00584373678682732,0.00257795216303652,0,0,0,0.00626649519318554,0,0.0641680545109196,0.0248545889496385,2020,26.0227962085308,-10.4248341232227,30.5309192108454,-11.3920066130277,-1.28232243800275,-10.9968027362008,0.800029160380907,0.571968612978003,0.213275143052886
2021,"LU03","LU03_36",-0.92150407997318,-111.22414,11,4,11,0,1,4,0.335871187915447,2.8714661567863,-0.289973497543287,1.34815976916705,-0.740556847580717,0.0205534847808451,0,0,0,0,0,0.0033889118045217,0.0239496329747465,0,0.0772203331556127,2020,25.8895260663507,-10.4608056872038,30.5309192108454,-11.3920066130277,-1.27908800280877,-11.0520364231896,0.789394906643943,0.591230735985803,0.213275143052886
2021,"LU03","LU03_38",-0.922418434437117,-110.76387,12,0,4,0,0,0,0.871507589646522,-0.839056791450522,0.146922805941929,0.031196396328272,0.0695894191454348,0.0344250438051495,0.00731001507728632,0.00575347189503314,0,0,0.0302661900228056,0.002012807762337,0.0165714099440577,0,0.00770932329860971,2020,25.3063981042654,-10.7220853080569,30.5309192108454,-11.3920066130277,-1.4647732127683,-11.1315581247587,0.838964619231782,0.409472816701804,-0.184029368564903
2021,"LU03","LU03_39",-0.90030248584058,-111.23818,11,2,2,0,0,2,0.79228579990788,2.9620558722165,0.947625824520195,-0.417161413437261,1.15741212659442,0.013491450351219,0.00171793287589898,0,0,0,0.0289977225080352,0.00284964908667131,0.00689358847426182,0.0138668144971373,0.0166761804026116,2020,25.2762085308057,-10.426018957346,30.5309192108454,-11.3920066130277,-1.32648445656241,-11.0193695768213,0.770406077001972,0.593350619475348,-0.274325848478036
2021,"LU03","LU03_40",-0.893330533053047,-111.16615,11,3,5,0,2,1,1.77588043203382,4.17783634204217,-0.215704595311453,-0.0966653609200804,-0.191733909694405,0.0151118933876914,0.0521401677796512,0.0025015177160377,0,0.0479229640580108,0.0491685938272018,0.00285021401006152,0.0246253527934034,0.000138812900238906,0.0127151805080288,2020,27.7891469194313,-10.5218483412322,30.5309192108454,-11.3920066130277,-1.30192799581042,-11.0946865820396,0.929787463475202,0.572838240807329,-0.111792184634395
2021,"LU03","LU03_41",-0.905502876854238,-111.16666,11,3,7,0,0,3,1.45015997061679,2.90645332054236,0.165933487160648,0.0191591961149985,0.186059768885336,0.0124896099218032,0.0555449873596592,0.00478006992318427,0,0.0507649174364749,0.0479519432108087,0.00619579888987115,0.0260150619069055,0.0603600875672775,0.0153667943371957,2020,28.4617061611374,-10.547345971564,30.5309192108454,-11.3920066130277,-1.23980278061087,-11.1336460480016,0.945729111176802,0.586300076437587,-0.00343640873863536
2021,"LU03","LU03_44",-0.860413772351234,-110.84864,11,7,1,4,4,4,0.101424674536415,-0.755128705915757,0.359449968347033,2.15744586312018,-0.31932649624839,0.0292073659370292,0.0103268947247804,0,0,0,0.00283214653385195,0.000355314028496626,0.00570118712401697,0,0.104907441419439,2020,23.3864454976303,-10.5758767772512,30.5309192108454,-11.3920066130277,-1.47701099230751,-11.0402980651803,0.71405560129422,0.464421287929071,-0.328503736425916
2021,"LU03","LU03_45",-0.841943812179652,-110.96503,12,3,7,1,1,2,0.942919164261429,-1.31754099891469,0.0692275930244482,0.787970244318885,-0.168212389070796,0.0261515467792207,0.0216542942564629,0,0,0.0178640305536438,0.0316417984140324,0.00963871523477903,0.0182269223463509,0,0.0431900836940191,2020,24.10663507109,-10.635355450237,30.5309192108454,-11.3920066130277,-1.43011832505392,-11.1351083364829,0.74056720463861,0.499752886245963,-0.0350401767082321
2021,"LU03","LU03_46",-0.852310305914565,-110.89555,12,4,5,2,1,2,-0.354294967327584,-0.452032575050221,-0.360474724377406,-0.316451954826789,-0.467494722336381,0.0178346499454336,0,0,0,0,0.00478921597581991,0.00656902927613313,0.0174695644244666,0,0.00302267837994485,2020,23.6481516587678,-10.6025592417062,30.5309192108454,-11.3920066130277,-1.43238040912698,-11.0729750701184,0.71042148598348,0.470415828412195,-0.134366304612679
2022,"LU03","LU03_48",-0.805998252316036,-111.09771,1,0,3,0,0,0,0.907402853287623,3.95108018493895,-0.326012012887408,0.156256325851169,-0.318482984609851,0.041667121282598,0,0,0,0,0.00951148988129826,0.00445489335738444,0.00825034916207332,0,0,2021,23.1909433962264,-12.3403773584906,38.0779451513822,-12.7932833479596,-1.30011291756823,-11.0707519165023,0.615668473890683,-1.26962544198829,1.40518867790625
2021,"LU03","LU03_48",-0.805998252316036,-111.09771,12,1,15,0,1,0,0.907402853287623,3.95108018493895,-0.326012012887408,0.156256325851169,-0.318482984609851,0.041667121282598,0,0,0,0,0.00951148988129826,0.00445489335738444,0.00825034916207332,0,0,2020,24.1969668246445,-10.5396682464455,30.5309192108454,-11.3920066130277,-1.4245145769558,-11.0768025168453,0.744026131866079,0.537134270399834,0.362264334909556
2021,"LU03","LU03_49",-0.796843278245845,-111.07931,12,6,11,1,2,4,0.293813856486489,2.48577854225589,-0.367612966519368,0.0960024009401341,-0.368230318106194,0.0472782828574476,0,0,0,0,0.00782597823481635,0.00590072656349787,0.000623111057551123,0,0,2020,24.3505687203791,-10.5773933649289,30.5309192108454,-11.3920066130277,-1.35089138895376,-11.1129604654747,0.719085261782396,0.535567100545769,0.163612079100662
2021,"LU03","LU03_50",-0.802878017707844,-111.03035,12,7,10,4,2,1,-0.20506524062215,-0.89233690743496,-0.238135394433489,-0.561460157406632,-0.0655896520736442,0.0276139392878318,0,0,0,0,0.00576979211152067,0.00166963293056849,0.00398571717154191,0,0,2020,24.1081516587678,-10.6061137440758,30.5309192108454,-11.3920066130277,-1.35353957068555,-11.1247643024599,0.703844429878941,0.518650558384055,0.113949015148438
2021,"LU03","LU03_51",-0.796157512397892,-110.82767,12,11,5,4,3,6,-1.35046300617676,-0.941350354072448,0.484343643108633,1.43725375257828,-0.030138917679453,0.00999896788244676,0.109777682577047,0,0,0.0675694158129994,0.0214532659001608,0.00434859471431864,0.0226075177483058,0,0.0917233026106045,2020,23.3371090047393,-10.5934123222749,30.5309192108454,-11.3920066130277,-1.43048574286585,-11.0573346117394,0.688321014270861,0.463922289464501,-0.134366304612679
2021,"LU03","LU03_52",-0.789837037165911,-110.89193,12,8,17,4,3,4,0.170715330837111,-1.41535685300287,1.73118572741047,2.01110281637701,1.24419722683938,0.0352105341421883,0.0131628746039803,0,0,0,0.0147157899326395,0.00243512385101836,0.00251758688914402,0,0.0907372710509751,2020,23.0997630331754,-10.5640758293839,30.5309192108454,-11.3920066130277,-1.47503129672109,-11.0404579840583,0.693573743258647,0.476382154674365,0.461590462814005
2023,"LU09","LU09_05",-0.397944713921503,-113.6983,2,0,0,0,0,0,1.6028004480427,1.38238378864183,-0.533918037405296,-0.373790595077147,-0.448259050402244,0.0324338628142869,0,0,0,0,0.00255103817160355,0.0100591452758815,0,0,0,2022,9.0261320754717,-10.8410377358491,13.6092764370338,-11.9164168494954,-1.30904828418719,-10.6353146135858,-0.344992386853528,-0.205723122263233,-0.382681624373796
2024,"LU09","LU09_05",-0.397944713921503,-113.6983,14,0,3,0,0,0,1.6028004480427,1.38238378864183,-0.533918037405296,-0.373790595077147,-0.448259050402244,0.0324338628142869,0,0,0,0,0.00255103817160355,0.0100591452758815,0,0,0,2023,4.18605633802817,-8.04793427230047,16.2434159842778,-9.26000327546675,-1.77621712166623,-10.3530889054667,-0.450058090531478,2.30515463316618,-0.254976602782365
2023,"LU09","LU09_06",-0.399361963340612,-113.66641,2,0,0,0,0,0,3.09413396552068,0.275162537405285,-0.6957228297901,-0.565918594155613,-0.562107098732488,0.0294692184757131,0,0,0,0,0,0.00319275801162932,0,0,0,2022,9.02650943396226,-10.8355660377358,13.6092764370338,-11.9164168494954,-1.33723409044221,-10.6281330296821,-0.331412358527238,-0.207433008053769,-0.382681624373796
2024,"LU09","LU09_06",-0.399361963340612,-113.66641,14,4,11,1,1,2,3.09413396552068,0.275162537405285,-0.6957228297901,-0.565918594155613,-0.562107098732488,0.0294692184757131,0,0,0,0,0,0.00319275801162932,0,0,0,2023,4.551220657277,-8.03924882629108,16.2434159842778,-9.26000327546675,-1.80192678012024,-10.3462465593449,-0.412818223717515,2.30699773305382,0.0855701214614539
2024,"LU09","LU09_07",-0.381474904139798,-113.66419,14,4,14,0,4,1,0.214099570728416,-0.196383733156869,-0.360263411819394,0.181077109874178,-0.360173164914086,0.038935847832533,0,0,0,0,0.0032759873284002,0.00879013521688223,0,0,0.0092807720794794,2023,4.46009389671362,-8.08075117370892,16.2434159842778,-9.26000327546675,-1.68654383644522,-10.4211321060994,-0.474512809961586,2.34038093239048,0.213275143052886
2023,"LU09","LU09_07",-0.381474904139798,-113.66419,2,1,2,0,0,1,0.214099570728416,-0.196383733156869,-0.360263411819394,0.181077109874178,-0.360173164914086,0.038935847832533,0,0,0,0,0.0032759873284002,0.00879013521688223,0,0,0.0092807720794794,2022,9.18344339622642,-10.898820754717,13.6092764370338,-11.9164168494954,-1.21046042388127,-10.7059022492909,-0.381685862198654,-0.192918505426103,0.213275143052886
2024,"LU09","LU09_08",-0.387006748646633,-113.64588,14,6,16,1,2,3,0.852841109027538,-0.640412137016095,-0.130566531346259,0.537613614049608,-0.226285076666029,0.0610904285131013,0,0,0,0,0,0.00575969243027971,0,0,0.00758321223392035,2023,4.95380281690141,-8.08582159624413,16.2434159842778,-9.26000327546675,-1.69042820565381,-10.4319904321155,-0.439011624645334,2.34616883587135,0.298411824113838
2023,"LU09","LU09_08",-0.387006748646633,-113.64588,2,1,1,0,0,1,0.852841109027538,-0.640412137016095,-0.130566531346259,0.537613614049608,-0.226285076666029,0.0610904285131013,0,0,0,0,0,0.00575969243027971,0,0,0.00758321223392035,2022,9.27457547169811,-10.9135849056604,13.6092764370338,-11.9164168494954,-1.21221851026126,-10.716372872095,-0.374632168803639,-0.197212033565368,-0.0847032406604554
2023,"LU09","LU09_100",-0.178591078022457,-113.39996,2,0,1,0,0,0,-0.189405253712622,-1.02489936910638,-0.305242431374392,-0.154305372927887,-0.270501422556102,0.0135359856679008,0.0176516810531139,0,0,0.00715207348869277,0,0.0023614480303014,0,0,0.0358936861596524,2022,11.2257547169811,-11.5257547169811,13.6092764370338,-11.9164168494954,-0.259602356557298,-11.5408472842998,-0.699816069324114,0.0150925673186428,-0.0847032406604554
2024,"LU09","LU09_100",-0.178591078022457,-113.39996,14,1,0,0,1,0,-0.189405253712622,-1.02489936910638,-0.305242431374392,-0.154305372927887,-0.270501422556102,0.0135359856679008,0.0176516810531139,0,0,0.00715207348869277,0,0.0023614480303014,0,0,0.0358936861596524,2023,7.86042253521127,-8.44924882629108,16.2434159842778,-9.26000327546675,-0.77285884435482,-11.2094562900505,-0.682253776862053,2.76020746375941,-0.382681624373796
2023,"LU09","LU09_102",-0.174327900334335,-113.78246,2,1,0,0,1,0,1.99021460521768,-0.775671133087969,-0.612431844139824,-0.352797192941636,-0.54050042700867,0.0300420065215897,0,0,0,0,0.0025830940129003,0.0134582671505875,0,0,0,2022,9.80051886792453,-11.3246226415094,13.6092764370338,-11.9164168494954,-0.461576170873769,-11.2501277580724,-0.699780714280762,-0.0744948834370689,-0.382681624373796
2024,"LU09","LU09_102",-0.174327900334335,-113.78246,14,3,2,2,0,0,1.99021460521768,-0.775671133087969,-0.612431844139824,-0.352797192941636,-0.54050042700867,0.0300420065215897,0,0,0,0,0.0025830940129003,0.0134582671505875,0,0,0,2023,6.73507042253521,-8.4231455399061,16.2434159842778,-9.26000327546675,-0.957482961371297,-10.9408187140914,-0.670132591049694,2.5176731741853,-0.297544943312842
2024,"LU09","LU09_106",-0.163298499613065,-113.39658,14,1,8,0,1,1,-0.389002150216428,-1.33045799403259,-0.266272229229117,0.335195862244575,-0.386649756880729,0.016493533886116,0.0179738760007097,0,0,0.0114714682478958,0.00344590213545608,0.00911621868537377,0.00540226528104855,0,0.040992148978531,2023,8.17046948356808,-8.49291079812207,16.2434159842778,-9.26000327546675,-0.656945070358045,-11.2631421216255,-0.716874241589752,2.77023132350338,-0.0421349001299784
2023,"LU09","LU09_106",-0.163298499613065,-113.39658,2,0,0,0,0,0,-0.389002150216428,-1.33045799403259,-0.266272229229117,0.335195862244575,-0.386649756880729,0.016493533886116,0.0179738760007097,0,0,0.0114714682478958,0.00344590213545608,0.00911621868537377,0.00540226528104855,0,0.040992148978531,2022,11.7505188679245,-11.5709433962264,13.6092764370338,-11.9164168494954,-0.159724769665397,-11.5964276974963,-0.712097557426214,0.0254843012698878,-0.382681624373796
2024,"LU09","LU09_112",-0.135182099846931,-113.29684,14,4,0,0,4,0,0.720075321789958,1.82114943557385,-0.421594651358278,-0.109714027408841,-0.411563534131697,0.0144858535261807,0.00306512907703836,0,0,0.00288167295512725,0.00125153448525554,0.016173390230846,0,0,0.0241840853159928,2023,8.66169014084507,-8.52042253521127,16.2434159842778,-9.26000327546675,-0.516626602251387,-11.3592021948022,-0.75088851850326,2.83877965959092,-0.382681624373796
2023,"LU09","LU09_112",-0.135182099846931,-113.29684,2,0,0,0,0,0,0.720075321789958,1.82114943557385,-0.421594651358278,-0.109714027408841,-0.411563534131697,0.0144858535261807,0.00306512907703836,0,0,0.00288167295512725,0.00125153448525554,0.016173390230846,0,0,0.0241840853159928,2022,11.6937264150943,-11.6290566037736,13.6092764370338,-11.9164168494954,0.00105992106093889,-11.7040970009506,-0.793286492326972,0.0750403971770002,-0.382681624373796
2023,"LU09","LU09_113",-0.144359932778728,-113.26157,2,0,0,0,0,0,-0.411173236184316,-0.528329906543635,-0.361077273099169,0.204586354889356,-0.447513275110888,0.019514235397035,0.0131005367393321,0,0,0.0122896691561474,0.0035872092104565,0.00868327083363086,0,0,0.0402689019213803,2022,12.6311320754717,-11.6358018867925,13.6092764370338,-11.9164168494954,-0.000246532339522807,-11.7172967606691,-0.728798790423019,0.081494873876645,-0.382681624373796
2024,"LU09","LU09_113",-0.144359932778728,-113.26157,14,0,1,0,0,0,-0.411173236184316,-0.528329906543635,-0.361077273099169,0.204586354889356,-0.447513275110888,0.019514235397035,0.0131005367393321,0,0,0.0122896691561474,0.0035872092104565,0.00868327083363086,0,0,0.0402689019213803,2023,10.3973708920188,-8.52610328638498,16.2434159842778,-9.26000327546675,-0.498457044003093,-11.3712596186731,-0.641385304335243,2.8451563322881,-0.340113283843319
2023,"LU09","LU09_12",-0.372617095270384,-113.67606,2,1,0,0,0,1,1.04817719575744,-0.630777065803549,-0.319767338347736,0.205048397419949,-0.325115095973745,0.0384019541689034,0,0,0,0,0.00327598732840024,0.0112918674091808,0,0,0.00871607907536916,2022,9.21061320754717,-10.9325,13.6092764370338,-11.9164168494954,-1.14531929631548,-10.7440718645753,-0.41116078704498,-0.188428135424749,-0.382681624373796
2024,"LU09","LU09_12",-0.372617095270384,-113.67606,14,9,16,0,5,3,1.04817719575744,-0.630777065803549,-0.319767338347736,0.205048397419949,-0.325115095973745,0.0384019541689034,0,0,0,0,0.00327598732840024,0.0112918674091808,0,0,0.00871607907536916,2023,4.58295774647887,-8.10530516431925,16.2434159842778,-9.26000327546675,-1.62633037005827,-10.4584016317753,-0.495099041787269,2.35309646745607,0.298411824113838
2024,"LU09","LU09_13",-0.364890800050096,-113.48714,14,2,1,0,2,0,-1.07819685156263,-0.444944832747444,-0.520210470660297,-0.467953754704398,-0.402841131966443,0.00740477594192808,0.00996143947733382,0,0,0.00996143947733382,0,0.00565696873599776,0,0.0253783451932501,0.0225814037026434,2023,6.14572769953052,-8.17924882629108,16.2434159842778,-9.26000327546675,-1.53416303586672,-10.6570757547897,-0.432960050969817,2.47782692849861,-0.340113283843319
2023,"LU09","LU09_13",-0.364890800050096,-113.48714,2,0,0,0,0,0,-1.07819685156263,-0.444944832747444,-0.520210470660297,-0.467953754704398,-0.402841131966443,0.00740477594192808,0.00996143947733382,0,0,0.00996143947733382,0,0.00565696873599776,0,0.0253783451932501,0.0225814037026434,2022,10.3310849056604,-11.0916037735849,13.6092764370338,-11.9164168494954,-1.03192261968975,-10.9548217684272,-0.389361756733182,-0.136782005157743,-0.382681624373796
2024,"LU09","LU09_18",-0.360239021714806,-113.68761,14,6,2,1,2,1,1.85126603213771,-0.998212227290348,-0.390953289519378,0.115084399679946,-0.376568475938169,0.0378246223683815,0.00242892173520653,0.00242892173520653,0,0,0,0.00713033518050896,0,0,0.00916326549504925,2023,4.5750234741784,-8.11234741784038,16.2434159842778,-9.26000327546675,-1.59915556647043,-10.4732794371632,-0.508707691386646,2.36093201932282,-0.297544943312842
2023,"LU09","LU09_18",-0.360239021714806,-113.68761,2,2,0,1,0,1,1.85126603213771,-0.998212227290348,-0.390953289519378,0.115084399679946,-0.376568475938169,0.0378246223683815,0.00242892173520653,0.00242892173520653,0,0,0,0.00713033518050896,0,0,0.00916326549504925,2022,9.205,-10.9422169811321,13.6092764370338,-11.9164168494954,-1.11921600560494,-10.7601362638912,-0.424096035691666,-0.182080717240886,-0.382681624373796
2024,"LU09","LU09_21",-0.339037427582215,-113.71101,14,10,1,2,5,7,1.93144292950842,-0.741417680050519,-0.0112028797837785,0.623324279887278,-0.143486569773211,0.0636967569326622,0.00187322094931952,0.00187322094931952,0,0,0.00342389229481763,0.0147349817371345,0,0.00726829252793503,0.00302489188295066,2023,4.50399061032864,-8.12150234741784,16.2434159842778,-9.26000327546675,-1.5957272889762,-10.4905228918895,-0.515195335426476,2.36902054447163,-0.340113283843319
2023,"LU09","LU09_21",-0.339037427582215,-113.71101,2,1,9,0,0,1,1.93144292950842,-0.741417680050519,-0.0112028797837785,0.623324279887278,-0.143486569773211,0.0636967569326622,0.00187322094931952,0.00187322094931952,0,0,0.00342389229481763,0.0147349817371345,0,0.00726829252793503,0.00302489188295066,2022,9.13768867924528,-10.9517452830189,13.6092764370338,-11.9164168494954,-1.1168651123307,-10.7794384475529,-0.429812049685689,-0.172306835465957,2.29912382904627
2024,"LU09","LU09_24",-0.317458662233243,-113.71067,14,11,5,0,1,8,1.43123346344014,-1.02269169891421,-0.448269430411308,0.242726466608315,-0.554752799528219,0.0376419992241602,0,0,0,0,0,0.00730036553197325,0,0,0.027131195021107,2023,5.18403755868545,-8.20136150234742,16.2434159842778,-9.26000327546675,-1.4195938287576,-10.6285786681998,-0.553569221171873,2.42721716585243,-0.16983992172141
2023,"LU09","LU09_24",-0.317458662233243,-113.71067,2,0,1,0,0,0,1.43123346344014,-1.02269169891421,-0.448269430411308,0.242726466608315,-0.554752799528219,0.0376419992241602,0,0,0,0,0,0.00730036553197325,0,0,0.027131195021107,2022,9.35985849056604,-11.0791037735849,13.6092764370338,-11.9164168494954,-0.928806124122705,-10.9212080189128,-0.505113057836639,-0.157895754672138,-0.0847032406604554
2023,"LU09","LU09_27",-0.325447834361915,-113.36397,2,1,6,0,0,1,0.130446117684798,-2.01292743220979,-0.0384040290835755,0.852781029828586,-0.306329933681188,0.0219509433486825,0.0169123985970179,0,0,0.0138516281513466,0.00209481857985029,0.00647079303818197,0,0,0.0722677544791297,2022,10.3402830188679,-11.1790566037736,13.6092764370338,-11.9164168494954,-0.899683739228213,-11.094828773584,-0.452327733077566,-0.0842278301896329,1.40518867790625
2024,"LU09","LU09_27",-0.325447834361915,-113.36397,14,4,13,0,1,2,0.130446117684798,-2.01292743220979,-0.0384040290835755,0.852781029828586,-0.306329933681188,0.0219509433486825,0.0169123985970179,0,0,0.0138516281513466,0.00209481857985029,0.00647079303818197,0,0,0.0722677544791297,2023,6.73586854460094,-8.22389671361502,16.2434159842778,-9.26000327546675,-1.39228011828577,-10.7797801766743,-0.460987860350519,2.55588346305931,0.170706802522409
2023,"LU09","LU09_28",-0.304817711769281,-113.76594,2,1,2,1,1,0,0.906227456802422,-1.04143323817344,0.0592826627514423,0.476137971687577,-0.0780236009217707,0.022805057492464,0.00636718231610822,0.00636718231610822,0,0,0.00401255350419269,0.00555584265240112,0,0,0.0519195978052597,2022,9.15603773584906,-11.0510849056604,13.6092764370338,-11.9164168494954,-0.961641131679771,-10.8889141690204,-0.503207975651008,-0.162170736639958,0.213275143052886
2023,"LU09","LU09_29",-0.313652661777098,-113.73471,2,2,0,2,1,1,0.656359474829059,-1.19747646453489,0.00990960406339661,0.607647424660977,-0.174350912439508,0.0236167713641798,0.00243168154492153,0.00243168154492153,0,0,0,0.00723246517478792,0,0.0168876150890736,0.0446972629518592,2022,9.33254716981132,-11.0921698113208,13.6092764370338,-11.9164168494954,-0.914076394189351,-10.9366792429168,-0.514057008469359,-0.155490568403989,-0.382681624373796
2024,"LU09","LU09_29",-0.313652661777098,-113.73471,14,10,9,3,9,4,0.656359474829059,-1.19747646453489,0.00990960406339661,0.607647424660977,-0.174350912439508,0.0236167713641798,0.00243168154492153,0.00243168154492153,0,0,0,0.00723246517478792,0,0.0168876150890736,0.0446972629518592,2023,5.21230046948357,-8.21760563380282,16.2434159842778,-9.26000327546675,-1.40471923512015,-10.6441737662827,-0.558796919374888,2.42656813247991,0.000433440400499234
2023,"LU09","LU09_30",-0.299343014416444,-113.70862,2,0,0,0,0,0,0.74127928849996,-0.400273298366885,1.35193594539428,0.379917099230421,1.25733337970374,0.0598298863357148,0.00550391138650158,0.00550391138650158,0,0,0,0.00721206023073197,0,0.084963414152297,0.0112172825200822,2022,9.73056603773585,-11.2668396226415,13.6092764370338,-11.9164168494954,-0.671911471786638,-11.1294397111126,-0.603397644156421,-0.137399911528874,-0.382681624373796
2024,"LU09","LU09_30",-0.299343014416444,-113.70862,14,10,3,4,3,4,0.74127928849996,-0.400273298366885,1.35193594539428,0.379917099230421,1.25733337970374,0.0598298863357148,0.00550391138650158,0.00550391138650158,0,0,0,0.00721206023073197,0,0.084963414152297,0.0112172825200822,2023,6.40643192488263,-8.32197183098592,16.2434159842778,-9.26000327546675,-1.19669199834058,-10.8319757112583,-0.577486976314013,2.51000388027236,-0.254976602782365
2023,"LU09","LU09_31",-0.305412042170844,-113.68733,2,1,1,0,0,1,0.847300810233375,-0.946382283437124,-0.441978864718768,-0.150297375178755,-0.420600730551058,0.0226688341635875,0,0,0,0,0.00451007760708234,0.0210670509212928,0,0,0.00948035055853849,2022,9.6288679245283,-11.1875,13.6092764370338,-11.9164168494954,-0.813357135033113,-11.0461273027023,-0.542305634165527,-0.141372697297651,-0.0847032406604554
2024,"LU09","LU09_31",-0.305412042170844,-113.68733,14,11,5,1,2,7,0.847300810233375,-0.946382283437124,-0.441978864718768,-0.150297375178755,-0.420600730551058,0.0226688341635875,0,0,0,0,0.00451007760708234,0.0210670509212928,0,0,0.00948035055853849,2023,5.85694835680751,-8.26450704225352,16.2434159842778,-9.26000327546675,-1.32831361867144,-10.749936430628,-0.55162402029994,2.4854293883745,-0.16983992172141
2023,"LU09","LU09_32",-0.304017651613332,-113.66647,2,2,1,0,1,1,0.821056848854334,-0.129841354775669,-0.432503738911865,-0.268573689513349,-0.371978070839585,0.0243961416223547,0,0,0,0,0.00864636482245703,0.0128321368928485,0,0,0.00948150171157967,2022,9.79533018867924,-11.2478301886792,13.6092764370338,-11.9164168494954,-0.739579892205139,-11.1113987876162,-0.566444493471372,-0.136431401063035,-0.0847032406604554
2024,"LU09","LU09_32",-0.304017651613332,-113.66647,14,7,6,2,3,6,0.821056848854334,-0.129841354775669,-0.432503738911865,-0.268573689513349,-0.371978070839585,0.0243961416223547,0,0,0,0,0.00864636482245703,0.0128321368928485,0,0,0.00948150171157967,2023,6.32018779342723,-8.29887323943662,16.2434159842778,-9.26000327546675,-1.262122743751,-10.8139676172246,-0.551897131428367,2.515094377788,-0.127271581190932
2023,"LU09","LU09_33",-0.304749135184488,-113.64686,2,1,0,1,0,0,1.79853256983792,-0.431805243323602,-0.556623807797612,-0.38776131908268,-0.468442879385493,0.0227227518107974,0,0,0,0,0.00106510499404334,0.00928440598988881,0,0,0.00943602694533422,2022,9.85679245283019,-11.2574056603774,13.6092764370338,-11.9164168494954,-0.726661588070293,-11.1248393222038,-0.568469769068809,-0.132566338173579,-0.382681624373796
2024,"LU09","LU09_33",-0.304749135184488,-113.64686,14,7,14,1,4,4,1.79853256983792,-0.431805243323602,-0.556623807797612,-0.38776131908268,-0.468442879385493,0.0227227518107974,0,0,0,0,0.00106510499404334,0.00928440598988881,0,0,0.00943602694533422,2023,6.38530516431925,-8.30305164319249,16.2434159842778,-9.26000327546675,-1.25092379455468,-10.826801363011,-0.552846584449417,2.52374971981854,0.213275143052886
2023,"LU09","LU09_39",-0.302040360085069,-113.44392,2,1,4,0,1,0,-0.869159541745337,0.625118506240119,0.371831862085911,1.04452040881609,0.0779948360852589,0.0272996536408946,0.00716558829075334,0,0,0.00716558829075334,0.0031267314525304,0.00415757354460473,0,0,0.079039670807305,2022,10.6579245283019,-11.1958490566038,13.6092764370338,-11.9164168494954,-0.84782954885121,-11.1116606512331,-0.455625104638855,-0.0841884053706448,0.809231910479567
2024,"LU09","LU09_39",-0.302040360085069,-113.44392,14,1,1,1,0,0,-0.869159541745337,0.625118506240119,0.371831862085911,1.04452040881609,0.0779948360852589,0.0272996536408946,0.00716558829075334,0,0,0.00716558829075334,0.0031267314525304,0.00415757354460473,0,0,0.079039670807305,2023,6.58981220657277,-8.24605633802817,16.2434159842778,-9.26000327546675,-1.3581264013998,-10.8060026966118,-0.487361982716655,2.55994635858365,-0.340113283843319
2023,"LU09","LU09_41",-0.288439337433966,-113.76165,2,0,1,0,0,0,1.12099181535079,-0.955185694532395,0.634821132518854,0.444329888009272,0.558599300486803,0.0246793160089428,0.00197352896023169,0.00197352896023169,0,0,0,0.00551163495341381,0,0.135938300369244,0.048147006838097,2022,9.42320754716981,-11.1792924528302,13.6092764370338,-11.9164168494954,-0.781156663888109,-11.0304504214009,-0.57180089795811,-0.148842031429252,-0.0847032406604554
2024,"LU09","LU09_41",-0.288439337433966,-113.76165,14,7,7,3,2,4,1.12099181535079,-0.955185694532395,0.634821132518854,0.444329888009272,0.558599300486803,0.0246793160089428,0.00197352896023169,0.00197352896023169,0,0,0,0.00551163495341381,0,0.135938300369244,0.048147006838097,2023,5.71680751173709,-8.2737558685446,16.2434159842778,-9.26000327546675,-1.28980338832493,-10.7379310281493,-0.579690169369296,2.46417515960468,-0.0847032406604554
2024,"LU09","LU09_44",-0.280987348552858,-113.47067,14,0,3,0,0,0,-1.0776507502342,0.375113016189566,-0.212996586952699,-0.0289381308029268,-0.224316333351045,0.0173117397295363,0.00644741450942654,0,0,0.00644741450942654,0.0066988378853402,0,0,0,0.0416770650402009,2023,6.62305164319249,-8.29741784037559,16.2434159842778,-9.26000327546675,-1.26235567520306,-10.8972750751104,-0.531152943765182,2.5998572347348,-0.254976602782365
2023,"LU09","LU09_44",-0.280987348552858,-113.47067,2,0,0,0,0,0,-1.0776507502342,0.375113016189566,-0.212996586952699,-0.0289381308029268,-0.224316333351045,0.0173117397295363,0.00644741450942654,0,0,0.00644741450942654,0.0066988378853402,0,0,0,0.0416770650402009,2022,10.803820754717,-11.2767924528302,13.6092764370338,-11.9164168494954,-0.73717334421473,-11.2046403640724,-0.498899784255579,-0.0721520887578233,-0.382681624373796
2023,"LU09","LU09_51",-0.266563406884217,-113.36845,2,0,0,0,0,0,0.770935440906527,0.471887636561293,-0.506354931586892,-0.169211674956551,-0.53095883728322,0.012196805679435,0.00892846988753562,0,0,0.00892846988753562,0,0.0025500576676796,0,0,0.037561862258103,2022,10.9961320754717,-11.3676886792453,13.6092764370338,-11.9164168494954,-0.610993554840665,-11.334598510696,-0.546477664615648,-0.0330901685493075,-0.382681624373796
2024,"LU09","LU09_51",-0.266563406884217,-113.36845,13,2,0,0,0,1,0.770935440906527,0.471887636561293,-0.506354931586892,-0.169211674956551,-0.53095883728322,0.012196805679435,0.00892846988753562,0,0,0.00892846988753562,0,0.0025500576676796,0,0,0.037561862258103,2023,7.2769014084507,-8.34887323943662,16.2434159842778,-9.26000327546675,-1.12195349660249,-11.0139144320752,-0.554128597621886,2.66504119263856,-0.382681624373796
2023,"LU09","LU09_55",-0.263328877968036,-113.4966,2,1,0,0,0,1,0.209719236951804,-1.01993946248817,0.866102889095971,0.519654833890913,0.581914595278097,0.0333577126259929,0.0242007317259333,0,0,0.0242007317259333,0.00896048044784706,1.89791059407428e-05,0,0,0.0519839194362684,2022,10.9890566037736,-11.351320754717,13.6092764370338,-11.9164168494954,-0.638496918218309,-11.2895614497441,-0.533733530980837,-0.0617593049728828,-0.382681624373796
2024,"LU09","LU09_55",-0.263328877968036,-113.4966,14,5,10,0,2,2,0.209719236951804,-1.01993946248817,0.866102889095971,0.519654833890913,0.581914595278097,0.0333577126259929,0.0242007317259333,0,0,0.0242007317259333,0.00896048044784706,1.89791059407428e-05,0,0,0.0519839194362684,2023,7.03352112676056,-8.34511737089202,16.2434159842778,-9.26000327546675,-1.17033206216454,-10.9796862947498,-0.547443683850341,2.63456892385777,0.0430017809309762
2023,"LU09","LU09_57",-0.257614162568412,-113.4364,2,0,0,0,0,0,1.11856625910388,0.472279203092744,-0.385482018974335,-0.123731030692367,-0.376523493380635,0.0119450898553947,0.0140851391475687,0,0,0.0140851391475687,0,0.0071408179997747,0,0,0.0354049837143446,2022,11.0518396226415,-11.34,13.6092764370338,-11.9164168494954,-0.603383894521862,-11.2968516732592,-0.546342089253175,-0.0431483267408392,-0.382681624373796
2024,"LU09","LU09_57",-0.257614162568412,-113.4364,14,0,0,0,0,0,1.11856625910388,0.472279203092744,-0.385482018974335,-0.123731030692367,-0.376523493380635,0.0119450898553947,0.0140851391475687,0,0,0.0140851391475687,0,0.0071408179997747,0,0,0.0354049837143446,2023,6.96183098591549,-8.33474178403756,16.2434159842778,-9.26000327546675,-1.13085547893137,-10.9818799009334,-0.571311436299079,2.64713811689585,-0.382681624373796
2024,"LU09","LU09_62",-0.249613561008945,-113.76742,14,14,3,13,12,9,-0.825933746752499,-0.270881655397603,0.480108351218053,-0.0191955932669008,0.540378830874372,0.0204329112546392,0.0172501017511788,0.0172501017511788,0,0,0.00309326371745355,0.00666845914261727,0,0.0678367150395387,0.0315554590992994,2023,6.13098591549296,-8.33798122065728,16.2434159842778,-9.26000327546675,-1.17011835387621,-10.8243925426371,-0.609030393467191,2.48641132197983,-0.254976602782365
2023,"LU09","LU09_62",-0.249613561008945,-113.76742,2,2,0,1,2,1,-0.825933746752499,-0.270881655397603,0.480108351218053,-0.0191955932669008,0.540378830874372,0.0204329112546392,0.0172501017511788,0.0172501017511788,0,0,0.00309326371745355,0.00666845914261727,0,0.0678367150395387,0.0315554590992994,2022,9.32495283018868,-11.2479716981132,13.6092764370338,-11.9164168494954,-0.664428238754743,-11.1193369469634,-0.634628097100437,-0.128634751149818,-0.382681624373796
2023,"LU09","LU09_63",-0.256379784042092,-113.73437,2,2,0,1,1,0,-1.07434880917878,-0.244245155498883,0.498225234873319,0.0230563325557598,0.509319158502878,0.0463727558978732,0.00848062926932301,0.00848062926932301,0,0,4.19432405151821e-05,0.00449664122773974,0,0.0900281424815016,0.0098644832311015,2022,9.63235849056604,-11.2958490566038,13.6092764370338,-11.9164168494954,-0.579096545302583,-11.1762680250711,-0.654721826033632,-0.119581031532642,-0.382681624373796
2024,"LU09","LU09_63",-0.256379784042092,-113.73437,14,5,10,2,3,0,-1.07434880917878,-0.244245155498883,0.498225234873319,0.0230563325557598,0.509319158502878,0.0463727558978732,0.00848062926932301,0.00848062926932301,0,0,4.19432405151821e-05,0.00449664122773974,0,0.0900281424815016,0.0098644832311015,2023,6.48164319248826,-8.35131455399061,16.2434159842778,-9.26000327546675,-1.09615990109341,-10.8785202314012,-0.620708369531468,2.52720567741056,0.0430017809309762
2023,"LU09","LU09_64",-0.245064647550841,-113.72797,2,2,1,0,1,2,-0.619356712131884,-0.50055170320566,0.219340825124606,-0.0489863553505332,0.26625277229225,0.0418185353580171,0.00784805209446546,0.00784805209446546,0,0,0,0.00633745440602775,0,0.0690126086133229,0.00883481875615777,2022,9.45169811320755,-11.2743867924528,13.6092764370338,-11.9164168494954,-0.634650263210242,-11.1588424433289,-0.640313735718359,-0.115544349123908,-0.0847032406604554
2024,"LU09","LU09_64",-0.245064647550841,-113.72797,14,5,4,3,1,3,-0.619356712131884,-0.50055170320566,0.219340825124606,-0.0489863553505332,0.26625277229225,0.0418185353580171,0.00784805209446546,0.00784805209446546,0,0,0,0.00633745440602775,0,0.0690126086133229,0.00883481875615777,2023,6.28638497652582,-8.34370892018779,16.2434159842778,-9.26000327546675,-1.14493876292138,-10.8612821598992,-0.61055270869802,2.51757323971141,-0.212408262251887
2023,"LU09","LU09_65",-0.242584461067406,-113.54919,2,0,0,0,0,0,-1.58373512420133,0.0973300917586803,-0.470996669742796,-0.231227076200352,-0.425964478973393,0.0205468561271997,0.00762415946872614,0,0,0.00762415946872614,0.00473997933817185,0.0103881675302009,0,0,0.0183981966521944,2022,10.1271226415094,-11.37,13.6092764370338,-11.9164168494954,-0.57282651799615,-11.3087363208186,-0.624031919981517,-0.061263679181355,-0.382681624373796
2024,"LU09","LU09_65",-0.242584461067406,-113.54919,14,3,13,0,1,1,-1.58373512420133,0.0973300917586803,-0.470996669742796,-0.231227076200352,-0.425964478973393,0.0205468561271997,0.00762415946872614,0,0,0.00762415946872614,0.00473997933817185,0.0103881675302009,0,0,0.0183981966521944,2023,6.96877934272301,-8.37215962441315,16.2434159842778,-9.26000327546675,-1.09926136484065,-10.9979460066227,-0.586031437670111,2.62578638220954,0.170706802522409
2023,"LU09","LU09_67",-0.245658977952403,-113.40793,2,0,0,0,0,0,-1.40450250046513,0.245029162648941,-0.706410795765049,-0.488734924184429,-0.603402557043629,0.00639013234550168,0.00951109434449912,0,0,0.0051458820124741,0.00266567514234009,0.000708591613836568,0,0,0.0298792434618852,2022,11.3932547169811,-11.3867924528302,13.6092764370338,-11.9164168494954,-0.51819679066213,-11.3562469025469,-0.564049441496739,-0.0305455502832661,-0.382681624373796
2024,"LU09","LU09_67",-0.245658977952403,-113.40793,14,0,0,0,0,0,-1.40450250046513,0.245029162648941,-0.706410795765049,-0.488734924184429,-0.603402557043629,0.00639013234550168,0.00951109434449912,0,0,0.0051458820124741,0.00266567514234009,0.000708591613836568,0,0,0.0298792434618852,2023,7.24450704225352,-8.36239436619718,16.2434159842778,-9.26000327546675,-1.04994721706486,-11.0377743524683,-0.590962642953017,2.67537998627116,-0.382681624373796
2023,"LU09","LU09_68",-0.23723548745336,-113.36591,2,0,0,0,0,0,0.600089990872311,0.555051039209853,-0.498090789354839,-0.317229922821299,-0.512247149179901,0.0207414597545109,0.01743212514831,0,0,0.01743212514831,0.0012515986260607,0.00345294110153145,0,0,0.0210123940749081,2022,11.1354245283019,-11.4142924528302,13.6092764370338,-11.9164168494954,-0.526803082707355,-11.3970829751037,-0.577475064941438,-0.0172094777264853,-0.382681624373796
2024,"LU09","LU09_68",-0.23723548745336,-113.36591,14,4,0,0,2,1,0.600089990872311,0.555051039209853,-0.498090789354839,-0.317229922821299,-0.512247149179901,0.0207414597545109,0.01743212514831,0,0,0.01743212514831,0.0012515986260607,0.00345294110153145,0,0,0.0210123940749081,2023,7.47460093896714,-8.37906103286385,16.2434159842778,-9.26000327546675,-1.04002834264122,-11.0744082133348,-0.580057725320887,2.69534718047091,-0.382681624373796
2023,"LU09","LU09_72",-0.227417606396813,-113.72662,2,1,1,0,0,1,0.272751112830598,0.0184642907895773,-0.696317151073035,-0.47290080601017,-0.592883751416986,0.0365816311140599,0,0,0,0,0,0.00115605891693584,0,0,0,2022,9.41235849056604,-11.271320754717,13.6092764370338,-11.9164168494954,-0.659901644598466,-11.171912927234,-0.630850511416651,-0.0994078274829455,-0.0847032406604554
2024,"LU09","LU09_72",-0.227417606396813,-113.72662,14,9,10,3,3,8,0.272751112830598,0.0184642907895773,-0.696317151073035,-0.47290080601017,-0.592883751416986,0.0365816311140599,0,0,0,0,0,0.00115605891693584,0,0,0,2023,6.18507042253521,-8.34962441314554,16.2434159842778,-9.26000327546675,-1.16377465222673,-10.8706077790969,-0.608396596362925,2.52098336595136,0.0430017809309762
2023,"LU09","LU09_73",-0.227520471274007,-113.5569,2,1,0,1,0,0,-0.268971527345754,0.201211925655831,-0.678026062690769,-0.664706374190768,-0.575290262466322,0.0110775761755821,0.00777671655443923,0,0,0.00777671655443923,0.00192487534500626,0.00752677379641174,0,0,0.00993048927670029,2022,10.0715094339623,-11.3649528301887,13.6092764370338,-11.9164168494954,-0.573056174813697,-11.3079996577712,-0.627710051288335,-0.0569531724174812,-0.382681624373796
2024,"LU09","LU09_73",-0.227520471274007,-113.5569,14,9,8,0,4,3,-0.268971527345754,0.201211925655831,-0.678026062690769,-0.664706374190768,-0.575290262466322,0.0110775761755821,0.00777671655443923,0,0,0.00777671655443923,0.00192487534500626,0.00752677379641174,0,0,0.00993048927670029,2023,6.85746478873239,-8.37666666666667,16.2434159842778,-9.26000327546675,-1.09542474576719,-10.9964988678818,-0.59545958316137,2.61983220121512,-0.0421349001299784
2023,"LU09","LU09_75",-0.227326170950423,-113.48314,2,0,2,0,0,0,-0.237178208556302,-0.410806676179615,0.791291191827061,1.10370099479954,0.347610063550147,0.0353378199327275,0.0204294241681211,0,0,0.0204294241681211,0.00537327318606566,0.00362029786951866,0,0,0.0743025345147037,2022,10.834858490566,-11.3670283018868,13.6092764370338,-11.9164168494954,-0.549802614769194,-11.3265948863987,-0.586890417679671,-0.0404334154880921,0.213275143052886
2024,"LU09","LU09_75",-0.227326170950423,-113.48314,14,2,2,0,0,2,-0.237178208556302,-0.410806676179615,0.791291191827061,1.10370099479954,0.347610063550147,0.0353378199327275,0.0204294241681211,0,0,0.0204294241681211,0.00537327318606566,0.00362029786951866,0,0,0.0743025345147037,2023,6.93455399061033,-8.35619718309859,16.2434159842778,-9.26000327546675,-1.07801365882891,-11.0111177668958,-0.598580837777145,2.65492058379722,-0.297544943312842
2024,"LU09","LU09_76",-0.22115427831883,-113.45915,14,13,4,0,3,11,-0.849396804220677,-0.399363701569647,0.0479941706736469,0.342809226763208,-0.111387866227019,0.0261481493966297,0.0120289862436226,0,0,0.00545773039590028,0.00175074106726432,0.000253801117133952,0,0,0.0503510369364034,2023,7.22784037558685,-8.38305164319249,16.2434159842778,-9.26000327546675,-0.974271130340546,-11.0708740693233,-0.628490040873332,2.68782242613085,-0.212408262251887
2023,"LU09","LU09_76",-0.22115427831883,-113.45915,2,1,1,0,0,1,-0.849396804220677,-0.399363701569647,0.0479941706736469,0.342809226763208,-0.111387866227019,0.0261481493966297,0.0120289862436226,0,0,0.00545773039590028,0.00175074106726432,0.000253801117133952,0,0,0.0503510369364034,2022,11.2227358490566,-11.4147169811321,13.6092764370338,-11.9164168494954,-0.442786407267383,-11.3911912185204,-0.611930029224382,-0.0235257626116763,-0.0847032406604554
2023,"LU09","LU09_77",-0.225246014544958,-113.42562,2,0,0,0,0,0,0.939490923406517,0.841022873599187,-0.42303846158836,0.259287600092183,-0.532660040567794,0.0141108407959388,0.00990780275188193,0,0,0.00990780275188193,0,0.00266570300227939,0,0,0.0560916208577206,2022,11.3325,-11.4118396226415,13.6092764370338,-11.9164168494954,-0.468240699173473,-11.3932095172658,-0.592211742530472,-0.0186301053757081,-0.382681624373796
2024,"LU09","LU09_77",-0.225246014544958,-113.42562,14,9,1,6,1,0,0.939490923406517,0.841022873599187,-0.42303846158836,0.259287600092183,-0.532660040567794,0.0141108407959388,0.00990780275188193,0,0,0.00990780275188193,0,0.00266570300227939,0,0,0.0560916208577206,2023,7.28539906103286,-8.3793427230047,16.2434159842778,-9.26000327546675,-0.999697048388504,-11.0716762620112,-0.612341822682267,2.69233353900647,-0.340113283843319
2023,"LU09","LU09_79",-0.213187965051756,-113.76394,2,1,0,0,1,1,-0.378293565490779,0.0341191288120581,-0.307864755217103,-0.0621661584469116,-0.303200430380815,0.0384355394073734,0.00250208174943054,0.00250208174943054,0,0,0,0.0091803201795732,0,0,0.00982892085076185,2022,9.77981132075472,-11.2629716981132,13.6092764370338,-11.9164168494954,-0.629996508721056,-11.1604582620929,-0.620199438034806,-0.102513436020292,-0.382681624373796
2024,"LU09","LU09_79",-0.213187965051756,-113.76394,14,8,3,5,4,1,-0.378293565490779,0.0341191288120581,-0.307864755217103,-0.0621661584469116,-0.303200430380815,0.0384355394073734,0.00250208174943054,0.00250208174943054,0,0,0,0.0091803201795732,0,0,0.00982892085076185,2023,6.20995305164319,-8.36032863849765,16.2434159842778,-9.26000327546675,-1.12408567880671,-10.8572740064802,-0.625787601671934,2.4969453679826,-0.254976602782365
2023,"LU09","LU09_80",-0.214902379671642,-113.73965,2,0,1,0,0,0,-0.797844747111094,-0.237317529515323,-0.520538286005421,-0.393145092838537,-0.42742954799422,0.0308256512121041,0,0,0,0,0,0.0107387260955796,0,0,0,2022,9.84193396226415,-11.259858490566,13.6092764370338,-11.9164168494954,-0.65874937757863,-11.1587726707498,-0.60214040361854,-0.101085819816211,-0.0847032406604554
2024,"LU09","LU09_80",-0.214902379671642,-113.73965,14,7,9,2,3,3,-0.797844747111094,-0.237317529515323,-0.520538286005421,-0.393145092838537,-0.42742954799422,0.0308256512121041,0,0,0,0,0,0.0107387260955796,0,0,0,2023,6.14694835680751,-8.35220657276995,16.2434159842778,-9.26000327546675,-1.15660583782194,-10.8567113122209,-0.614441031961161,2.50450473945099,0.000433440400499234
2023,"LU09","LU09_81",-0.220274212147286,-113.52341,2,1,1,1,0,0,-0.921282621852643,0.135319786309049,0.0904892471773406,-0.1483171622858,0.0266364933019742,0.0223311733249401,0.0180994342998217,0,0,0.0180994342998217,0.0119609282285905,0.00688007330771167,0,0,0.0226098452908745,2022,10.1674528301887,-11.3635377358491,13.6092764370338,-11.9164168494954,-0.556697334769189,-11.3186156432797,-0.629040873654884,-0.0449220925693989,-0.0847032406604554
2024,"LU09","LU09_82",-0.212696499527395,-113.4772,14,4,6,0,1,4,-0.645175182887631,0.581917182157387,-0.0630001069339211,0.130909877967009,-0.205057748316759,0.0163329286226748,0.000811999735936712,0,0,0,0.00558122539832797,0.0013489691054689,0,0,0.0484032922056347,2023,7.15347417840376,-8.39028169014085,16.2434159842778,-9.26000327546675,-0.994737107341009,-11.0694887973976,-0.623714214014598,2.67920710725677,-0.127271581190932
2023,"LU09","LU09_82",-0.212696499527395,-113.4772,2,0,0,0,0,0,-0.645175182887631,0.581917182157387,-0.0630001069339211,0.130909877967009,-0.205057748316759,0.0163329286226748,0.000811999735936712,0,0,0,0.00558122539832797,0.0013489691054689,0,0,0.0484032922056347,2022,11.1391981132075,-11.4129716981132,13.6092764370338,-11.9164168494954,-0.464960050964875,-11.3890711168204,-0.60695779770612,-0.0239005812928124,-0.382681624373796
2023,"LU09","LU09_85",-0.201415651328544,-113.77494,2,0,0,0,0,0,-0.213930173716618,-0.374770840929994,-0.384502315766676,-0.106320049938488,-0.372297803742167,0.0404473346517185,0,0,0,0,0.00259566495233588,0.00741969386859326,0,0,0.00710518953997285,2022,9.69283018867925,-11.2514622641509,13.6092764370338,-11.9164168494954,-0.621237793679501,-11.1525001826213,-0.630336898734827,-0.0989620815296863,-0.382681624373796
2024,"LU09","LU09_85",-0.201415651328544,-113.77494,14,5,4,0,0,5,-0.213930173716618,-0.374770840929994,-0.384502315766676,-0.106320049938488,-0.372297803742167,0.0404473346517185,0,0,0,0,0.00259566495233588,0.00741969386859326,0,0,0.00710518953997285,2023,6.15004694835681,-8.36225352112676,16.2434159842778,-9.26000327546675,-1.11147692177463,-10.8483276246539,-0.635932067578199,2.48607410352713,-0.212408262251887
2023,"LU09","LU09_86",-0.190854857270038,-113.52008,2,0,0,0,0,0,0.463668713548589,-1.0164016889689,-0.294864657326823,-0.10807309828767,-0.323048037315035,0.0158372801621393,0.00901499852570406,0,0,0.00426091429614576,0.00342331665926359,0.00460568433833015,0.00527604831184137,0,0.0290042865276464,2022,10.061320754717,-11.4295283018868,13.6092764370338,-11.9164168494954,-0.431312169334055,-11.4062719682209,-0.696567661615616,-0.0232563336658682,-0.382681624373796
2024,"LU09","LU09_86",-0.190854857270038,-113.52008,14,6,6,0,3,1,0.463668713548589,-1.0164016889689,-0.294864657326823,-0.10807309828767,-0.323048037315035,0.0158372801621393,0.00901499852570406,0,0,0.00426091429614576,0.00342331665926359,0.00460568433833015,0.00527604831184137,0,0.0290042865276464,2023,7.18765258215962,-8.42840375586854,16.2434159842778,-9.26000327546675,-0.959034095302439,-11.0886645543856,-0.638555141889071,2.66026079851708,-0.127271581190932
2023,"LU09","LU09_87",-0.200432720279806,-113.44093,2,1,1,0,1,0,0.348082439385076,-0.195753233814566,0.451468485855524,0.493392660336958,0.343176770814597,0.030210503052966,0.00930128416454603,0,0,0.00414345459892885,0.00113953810371549,0.00428350213844413,0,0,0.0487085972345366,2022,11.4057075471698,-11.4817924528302,13.6092764370338,-11.9164168494954,-0.284561490250615,-11.4754689342731,-0.675554395286287,-0.00632351855708535,-0.0847032406604554
2024,"LU09","LU09_87",-0.200432720279806,-113.44093,14,3,6,0,1,2,0.348082439385076,-0.195753233814566,0.451468485855524,0.493392660336958,0.343176770814597,0.030210503052966,0.00930128416454603,0,0,0.00414345459892885,0.00113953810371549,0.00428350213844413,0,0,0.0487085972345366,2023,7.60192488262911,-8.4293896713615,16.2434159842778,-9.26000327546675,-0.818123714435476,-11.1505577841901,-0.67809606309988,2.72116811282856,-0.127271581190932
2023,"LU09","LU09_90",-0.183162850342151,-113.33807,2,0,1,0,0,0,0.00615759654455027,-0.634709871609429,-0.492024433822522,-0.257322856351142,-0.473122296450397,0.0116339077064454,0.0182571397803241,0,0,0.0182571397803241,0,0.00888393281195401,0,0,0.0274143953224627,2022,11.3819811320755,-11.5234905660377,13.6092764370338,-11.9164168494954,-0.2025524008968,-11.5531377778348,-0.716608217247864,0.0296472117970357,-0.0847032406604554
2024,"LU09","LU09_90",-0.183162850342151,-113.33807,14,0,8,0,0,0,0.00615759654455027,-0.634709871609429,-0.492024433822522,-0.257322856351142,-0.473122296450397,0.0116339077064454,0.0182571397803241,0,0,0.0182571397803241,0,0.00888393281195401,0,0,0.0274143953224627,2023,7.95657276995305,-8.44629107981221,16.2434159842778,-9.26000327546675,-0.713320654351839,-11.2181215856074,-0.704335101223265,2.77183050579524,-0.0421349001299784
2023,"LU09","LU09_93",-0.189929073375298,-113.78278,2,2,0,0,1,1,1.704151289829,-0.392355873616237,-0.560181590980637,-0.462920239114021,-0.447969444663593,0.0333820366534994,0,0,0,0,0,0.00480418548991316,0,0,0,2022,9.80471698113208,-11.3152358490566,13.6092764370338,-11.9164168494954,-0.508841518991907,-11.2308825230464,-0.676765208409308,-0.0843533260101648,-0.382681624373796
2024,"LU09","LU09_93",-0.189929073375298,-113.78278,14,11,7,7,5,6,1.704151289829,-0.392355873616237,-0.560181590980637,-0.462920239114021,-0.447969444663593,0.0333820366534994,0,0,0,0,0,0.00480418548991316,0,0,0,2023,6.66530516431925,-8.40920187793427,16.2434159842778,-9.26000327546675,-1.00570657909532,-10.9234553779556,-0.651694911664075,2.51425350002132,-0.0847032406604554
2023,"LU09","LU09_94",-0.178122471359685,-113.76354,2,1,1,0,0,1,2.0748596254414,-0.526289513415968,-0.704272522861573,-0.493919084483114,-0.594732903205887,0.0252989846766357,0,0,0,0,0,0.0114302462031365,0,0,0,2022,9.92556603773585,-11.3704245283019,13.6092764370338,-11.9164168494954,-0.393590789063747,-11.2991021858104,-0.723955660408621,-0.071322342491456,-0.0847032406604554
2024,"LU09","LU09_94",-0.178122471359685,-113.76354,14,9,4,2,5,2,2.0748596254414,-0.526289513415968,-0.704272522861573,-0.493919084483114,-0.594732903205887,0.0252989846766357,0,0,0,0,0,0.0114302462031365,0,0,0,2023,7.03915492957746,-8.44342723004695,16.2434159842778,-9.26000327546675,-0.894895355051716,-10.988138439813,-0.679515125319005,2.54471120976603,-0.212408262251887
2023,"LU09","LU09_96",-0.175859444061432,-113.50814,2,0,1,0,0,0,0.68405600891132,1.40732014336577,-0.118690049638782,-0.127434252681713,-0.0958246853215254,0.019441330711052,0.026541891347755,0,0,0.0235864627535266,0.0029735848810356,0.0030378928858847,0.00336717706150282,0,0.0283445326294419,2022,10.0766037735849,-11.4497641509434,13.6092764370338,-11.9164168494954,-0.383299414151326,-11.4393876555625,-0.718615464705817,-0.0103764953809033,-0.0847032406604554
2024,"LU09","LU09_96",-0.175859444061432,-113.50814,14,2,2,0,2,0,0.68405600891132,1.40732014336577,-0.118690049638782,-0.127434252681713,-0.0958246853215254,0.019441330711052,0.026541891347755,0,0,0.0235864627535266,0.0029735848810356,0.0030378928858847,0.00336717706150282,0,0.0283445326294419,2023,7.23272300469484,-8.45267605633803,16.2434159842778,-9.26000327546675,-0.905561816672412,-11.1189329584006,-0.66119915980267,2.6662569020626,-0.297544943312842
2023,"LU09","LU09_98",-0.177859594451301,-113.47141,2,0,0,0,0,0,-0.45384973083794,0.137990059450396,-0.38670677720488,-0.0675873958428989,-0.387242873368417,0.0153102640468212,0.0106103588504349,0,0,0.0106103588504349,0,0.0034715159560724,0,0,0.038402888909983,2022,10.9730660377358,-11.5152358490566,13.6092764370338,-11.9164168494954,-0.260460692257933,-11.5146875227203,-0.716617362865907,-0.000548326336286209,-0.382681624373796
2024,"LU09","LU09_98",-0.177859594451301,-113.47141,14,0,4,0,0,0,-0.45384973083794,0.137990059450396,-0.38670677720488,-0.0675873958428989,-0.387242873368417,0.0153102640468212,0.0106103588504349,0,0,0.0106103588504349,0,0.0034715159560724,0,0,0.038402888909983,2023,7.75507042253521,-8.47169014084507,16.2434159842778,-9.26000327546675,-0.793769397080587,-11.1897356139389,-0.679375029026482,2.71804547309382,-0.212408262251887
2022,"LU13","LU13_03",0.99497144701291,-111.49142,1,0,32,0,0,0,-1.43807195618103,0.280399862053691,1.70552686342788,-0.630002514223489,2.0717690675368,0.022038903,0,0,0,0,0.009299889,0.006598235,0,0.428955774,0,2021,30.5558962264151,-13.1895283018868,38.0779451513822,-12.7932833479596,-0.655912816816998,-12.0753037121272,0.807604998894375,-1.11422458975957,18.68793493328
2023,"LU13","LU13_03",0.99497144701291,-111.49142,16,2,28,0,2,0,-1.43807195618103,0.280399862053691,1.70552686342788,-0.630002514223489,2.0717690675368,0.022038903,0,0,0,0,0.009299889,0.006598235,0,0.428955774,0,2022,10.1957547169811,-12.2629716981132,13.6092764370338,-11.9164168494954,-0.710914169901815,-12.2895687448622,-0.55295124588627,0.0265970467490195,0.660242718622897
2023,"LU13","LU13_05",0.979941745511903,-111.21362,16,3,2,0,1,2,-1.55652573858273,-0.283460096606623,-0.131706012893516,2.24237066557854,-0.857973666496068,0.031209444,0,0,0,0,0.001611287,0.001926123,0,0,0.0754082,2022,13.6177830188679,-13.1383490566038,13.6092764370338,-11.9164168494954,0.439573715495728,-13.1139131088821,-0.873090508346401,-0.0244359477216971,-0.308187028445461
2022,"LU13","LU13_05",0.979941745511903,-111.21362,2,0,0,0,0,0,-1.55652573858273,-0.283460096606623,-0.131706012893516,2.24237066557854,-0.857973666496068,0.031209444,0,0,0,0,0.001611287,0.001926123,0,0,0.0754082,2021,39.321320754717,-14.004858490566,38.0779451513822,-12.7932833479596,0.525863096174546,-12.889645781073,0.836430918467187,-1.11521270949301,-0.382681624373796
2022,"LU13","LU13_06",0.990491110139606,-111.2196,2,0,0,0,0,0,-1.44162458981515,-0.573273734435108,-0.450317482761802,0.924185293453977,-0.850487240397522,0.047961656,0,0,0,0,0.001434644,0.002289114,0,0,0.038788052,2021,37.1160849056604,-13.8574528301887,38.0779451513822,-12.7932833479596,0.268299282821505,-12.7352161883612,0.810062644148937,-1.1222366418275,-0.382681624373796
2023,"LU13","LU13_06",0.990491110139606,-111.2196,16,0,1,0,0,0,-1.44162458981515,-0.573273734435108,-0.450317482761802,0.924185293453977,-0.850487240397522,0.047961656,0,0,0,0,0.001434644,0.002289114,0,0,0.038788052,2022,12.5322169811321,-12.966179245283,13.6092764370338,-11.9164168494954,0.181303376904148,-12.9574339345179,-0.822843092890087,-0.00874531076508589,-0.345434326409629
2022,"LU13","LU13_08",1.01339568946129,-111.17169,2,0,3,0,0,0,-1.79432668238099,-0.385991906946671,0.105883822753713,2.96775021531528,-0.90049460623502,0.037803287,0,0,0,0,0.001851545,0.000125981,0,0,0.108760448,2021,40.4433018867925,-14.0723113207547,38.0779451513822,-12.7932833479596,0.616509012480742,-12.9724980174049,0.869273429473845,-1.09981330334986,0.511253526766226
2023,"LU13","LU13_08",1.01339568946129,-111.17169,7,0,1,0,0,0,-1.79432668238099,-0.385991906946671,0.105883822753713,2.96775021531528,-0.90049460623502,0.037803287,0,0,0,0,0.001851545,0.000125981,0,0,0.108760448,2022,13.8872641509434,-13.2066509433962,13.6092764370338,-11.9164168494954,0.537546912892761,-13.1959579623231,-0.901846987094706,-0.0106929810731486,-0.297544943312842
2022,"LU13","LU13_11",1.04994700915726,-111.04179,2,0,0,0,0,0,-0.841961818845063,-0.0584513154564595,1.57321165926776,0.938869568107026,1.27539916641322,0.023889109,0.005599401,0,0,0,0.012774304,0.01004589,0.05878861,0,0.012091471,2021,49.2115566037736,-14.7691981132075,38.0779451513822,-12.7932833479596,1.63085663396834,-13.7682202039488,0.978807033480256,-1.00097790925872,-0.382681624373796
2023,"LU13","LU13_11",1.04994700915726,-111.04179,16,0,5,0,0,0,-0.841961818845063,-0.0584513154564595,1.57321165926776,0.938869568107026,1.27539916641322,0.023889109,0.005599401,0,0,0,0.012774304,0.01004589,0.05878861,0,0.012091471,2022,17.4177830188679,-14.0605188679245,13.6092764370338,-11.9164168494954,1.5127222539175,-13.990951966163,-1.13028912879891,-0.0695669017614815,-0.196445134552958
2023,"LU13","LU13_12",0.918497125535182,-111.31858,16,2,5,0,0,2,-1.58893806189988,-0.198427765286713,-0.687240938856017,0.483342173333352,-0.892748535300687,0.011190966,0,0,0,0,0.005302454,0.010756409,0,0,0.039384181,2022,11.7403301886792,-12.6019811320755,13.6092764370338,-11.9164168494954,-0.220427185094633,-12.5865349989346,-0.683600356880216,-0.0154461331408573,-0.196445134552958
2022,"LU13","LU13_12",0.918497125535182,-111.31858,2,0,0,0,0,0,-1.58893806189988,-0.198427765286713,-0.687240938856017,0.483342173333352,-0.892748535300687,0.011190966,0,0,0,0,0.005302454,0.010756409,0,0,0.039384181,2021,34.7906132075472,-13.501320754717,38.0779451513822,-12.7932833479596,-0.149966138382436,-12.3594108072436,0.852783547333702,-1.14190994747339,-0.382681624373796
2022,"LU13","LU13_128",0.924749024182362,-111.3068,2,0,2,0,0,0,-1.70831817292866,0.0060899060413889,-0.596749688706225,0.764555621288951,-0.885362362083354,0.01290677,0,0,0,0,0.001165671,0.01238519,0,0,0.042951325,2021,34.3520283018868,-13.4739150943396,38.0779451513822,-12.7932833479596,-0.20394652739466,-12.3321691232947,0.848864291860702,-1.14174597104493,0.213275143052886
2023,"LU13","LU13_128",0.924749024182362,-111.3068,16,3,18,0,1,2,-1.70831817292866,0.0060899060413889,-0.596749688706225,0.764555621288951,-0.885362362083354,0.01290677,0,0,0,0,0.001165671,0.01238519,0,0,0.042951325,2022,11.5847169811321,-12.5690566037736,13.6092764370338,-11.9164168494954,-0.272416920837957,-12.5581226258998,-0.669199852999072,-0.0109339778737851,0.287769738981221
2022,"LU13","LU13_13",0.934498328654116,-111.30007,2,0,1,0,0,0,-1.84483157139011,-0.11868632048601,-0.599872287073998,0.673406920250462,-0.859236008919879,0.014630494,0,0,0,0,0.004082031,0.006069763,0,0,0.036726931,2021,34.9110849056604,-13.554858490566,38.0779451513822,-12.7932833479596,-0.10402511584171,-12.4167699046389,0.838897853852151,-1.13808858592716,-0.0847032406604554
2023,"LU13","LU13_13",0.934498328654116,-111.30007,16,1,15,0,1,0,-1.84483157139011,-0.11868632048601,-0.599872287073998,0.673406920250462,-0.859236008919879,0.014630494,0,0,0,0,0.004082031,0.006069763,0,0,0.036726931,2022,11.8053773584906,-12.6543867924528,13.6092764370338,-11.9164168494954,-0.179207889768317,-12.6420427969959,-0.698991128627893,-0.0123439954569484,0.176027845088718
2022,"LU13","LU13_131",0.927172063511807,-111.3223,2,0,1,0,0,0,-1.35676461823891,0.441452930695742,-0.592954147303241,0.742432742237019,-0.874065988946929,0.012057701,0,0,0,0,0.007037756,0.00815449,0,0,0.042621357,2021,34.3520283018868,-13.4739150943396,38.0779451513822,-12.7932833479596,-0.20394652739466,-12.3321691232947,0.848864291860702,-1.14174597104493,-0.0847032406604554
2023,"LU13","LU13_131",0.927172063511807,-111.3223,16,2,6,0,2,0,-1.35676461823891,0.441452930695742,-0.592954147303241,0.742432742237019,-0.874065988946929,0.012057701,0,0,0,0,0.007037756,0.00815449,0,0,0.042621357,2022,11.5847169811321,-12.5690566037736,13.6092764370338,-11.9164168494954,-0.272416920837957,-12.5581226258998,-0.669199852999072,-0.0109339778737851,-0.159197836588791
2023,"LU13","LU13_14",0.993108449792627,-111.19258,16,0,11,0,0,0,-1.13662600805948,-0.613762232989766,0.126300867914485,3.13013798914468,-0.905165722146999,0.037971637,0,0,0,0,0.001249638,0.003324065,0,0,0.098433213,2022,13.5080660377358,-13.1553301886792,13.6092764370338,-11.9164168494954,0.439581659206609,-13.1408111063035,-0.88056864309547,-0.0145190823756973,0.0270386532320474
2022,"LU13","LU13_14",0.993108449792627,-111.19258,2,0,0,0,0,0,-1.13662600805948,-0.613762232989766,0.126300867914485,3.13013798914468,-0.905165722146999,0.037971637,0,0,0,0,0.001249638,0.003324065,0,0,0.098433213,2021,38.9684433962264,-14.0248113207547,38.0779451513822,-12.7932833479596,0.526012502360845,-12.9179876619208,0.812319797630502,-1.10682365883387,-0.382681624373796
2022,"LU13","LU13_15",1.01293851222931,-111.59116,1,0,1,0,0,0,-0.2818837025207,-0.30910999958339,0.901542200157296,1.53500889735177,0.566605888658462,0.059258098,0,0,0,0,0,0.00938488,0,0,0.024486189,2021,27.7959905660377,-12.8278301886792,38.0779451513822,-12.7932833479596,-1.13487150640518,-11.717310202605,0.849917591991164,-1.11051998607422,0.213275143052886
2023,"LU13","LU13_15",1.01293851222931,-111.59116,16,5,7,0,2,3,-0.2818837025207,-0.30910999958339,0.901542200157296,1.53500889735177,0.566605888658462,0.059258098,0,0,0,0,0,0.00938488,0,0,0.024486189,2022,9.48367924528302,-11.8925,13.6092764370338,-11.9164168494954,-1.17094434637055,-11.9314299209149,-0.380235673318552,0.0389299209148817,-0.121950538624623
2022,"LU13","LU13_16",1.0387690258356,-111.58554,1,0,2,0,0,0,-1.05052309615627,-0.0407687312437633,0.874280218524366,-0.0531738566042179,0.867928945891795,0.009815015,0,0,0,0,0,0.005012196,0,0,0.013271029,2021,28.2242924528302,-12.8935849056604,38.0779451513822,-12.7932833479596,-1.06662705074066,-11.7845983096599,0.846276859518431,-1.10898659600045,0.809231910479567
2023,"LU13","LU13_16",1.0387690258356,-111.58554,16,1,3,0,1,0,-1.05052309615627,-0.0407687312437633,0.874280218524366,-0.0531738566042179,0.867928945891795,0.009815015,0,0,0,0,0,0.005012196,0,0,0.013271029,2022,9.63047169811321,-11.9652358490566,13.6092764370338,-11.9164168494954,-1.10399214394493,-11.9989411333258,-0.402432405264448,0.0337052842691641,-0.270939730481293
2022,"LU13","LU13_17",1.04010626923912,-111.10896,2,0,0,0,0,0,-1.25640533356944,-0.21957680809156,0.415944998457615,3.73637031479467,-0.745931411008478,0.063292476,0,0,0,0,0.00246306,0.005597058,0.031222698,0.017294314,0.122015768,2021,45.5649528301887,-14.565,38.0779451513822,-12.7932833479596,1.2965848373304,-13.5108868633068,0.891135836310467,-1.05411313669318,-0.382681624373796
2023,"LU13","LU13_17",1.04010626923912,-111.10896,16,1,15,0,1,0,-1.25640533356944,-0.21957680809156,0.415944998457615,3.73637031479467,-0.745931411008478,0.063292476,0,0,0,0,0.00246306,0.005597058,0.031222698,0.017294314,0.122015768,2022,16.0158962264151,-13.782641509434,13.6092764370338,-11.9164168494954,1.19573201430555,-13.7335853872118,-1.07335270371522,-0.0490561222221295,0.176027845088718
2023,"LU13","LU13_18",1.05815334047111,-111.5902,16,10,1,1,4,5,-0.281879584464273,0.452925571682344,1.50362063947518,1.23492600234061,1.30582112937697,0.059760412,0,0,0,0,0.001887473,0.002689921,0,0,0.017471784,2022,9.39018867924528,-12.0158018867925,13.6092764370338,-11.9164168494954,-1.07310518153527,-12.0451608504945,-0.433654632209801,0.0293589637020322,-0.345434326409629
2022,"LU13","LU13_18",1.05815334047111,-111.5902,1,0,6,0,0,0,-0.281879584464273,0.452925571682344,1.50362063947518,1.23492600234061,1.30582112937697,0.059760412,0,0,0,0,0.001887473,0.002689921,0,0,0.017471784,2021,27.8257547169811,-12.9388679245283,38.0779451513822,-12.7932833479596,-1.0311020801393,-11.8307537647553,0.802043373239691,-1.10811415977295,3.19305898018629
2023,"LU13","LU13_19",1.03919191477517,-111.13,16,0,2,0,0,0,-1.40639519659071,-0.163445234359285,1.69455027074612,2.75849403370064,0.962237810148944,0.042180748,0,0,0,0,0,0.001550814,0.002341159,0.239676912,0.093848336,2022,14.1155188679245,-13.2899528301887,13.6092764370338,-11.9164168494954,0.606205885097091,-13.281860353112,-0.919314988605822,-0.0080924770766444,-0.308187028445461
2022,"LU13","LU13_19",1.03919191477517,-111.13,2,0,1,0,0,0,-1.40639519659071,-0.163445234359285,1.69455027074612,2.75849403370064,0.962237810148944,0.042180748,0,0,0,0,0,0.001550814,0.002341159,0.239676912,0.093848336,2021,40.7575,-14.1595754716981,38.0779451513822,-12.7932833479596,0.69038046422636,-13.0597050168636,0.855153562348664,-1.09987045483456,-0.0847032406604554
2022,"LU13","LU13_20",1.05891911233466,-111.10409,2,0,0,0,0,0,-1.09862710013564,-0.615569608658726,1.00692649390791,3.42973845500516,-0.106116436191079,0.063925859,0.00439156,0,0,0,0.00515793,0.007958112,0.028928128,0,0.100118053,2021,44.706320754717,-14.5499056603774,38.0779451513822,-12.7932833479596,1.23124388793675,-13.4932843225204,0.864064659094484,-1.056621337857,-0.382681624373796
2023,"LU13","LU13_20",1.05891911233466,-111.10409,16,0,4,0,0,0,-1.09862710013564,-0.615569608658726,1.00692649390791,3.42973845500516,-0.106116436191079,0.063925859,0.00439156,0,0,0,0.00515793,0.007958112,0.028928128,0,0.100118053,2022,15.5043867924528,-13.7457547169811,13.6092764370338,-11.9164168494954,1.13547093728578,-13.7143068384047,-1.07921950892386,-0.0314478785764418,-0.233692432517126
2022,"LU13","LU13_21",1.07386880782007,-111.58622,1,0,0,0,0,0,-0.170824103845337,0.646980437442959,4.20924126868072,2.34687421517578,3.86038602081899,0.066947486,0,0,0,0,0.002406516,8.21e-05,0,0,0.045859026,2021,28.4730188679245,-12.9683018867925,38.0779451513822,-12.7932833479596,-1.00654000247651,-11.8586659418874,0.834325630972318,-1.10963594490509,-0.382681624373796
2023,"LU13","LU13_21",1.07386880782007,-111.58622,16,7,2,0,4,4,-0.170824103845337,0.646980437442959,4.20924126868072,2.34687421517578,3.86038602081899,0.066947486,0,0,0,0,0.002406516,8.21e-05,0,0,0.045859026,2022,9.63674528301887,-12.0425943396226,13.6092764370338,-11.9164168494954,-1.04618169126468,-12.0733832250029,-0.429805595105791,0.0307888853802183,-0.308187028445461
2022,"LU13","LU13_22",1.0523471896251,-111.12086,2,0,3,0,0,0,0.227937914350421,-0.338170709983364,2.00460630360812,2.54600651258108,1.3683877576086,0.062467377,0,0,0,0,0.000143674,0.003374214,0.002409717,0.213800434,0.082729137,2021,40.909858490566,-14.2821698113208,38.0779451513822,-12.7932833479596,0.824155588028504,-13.1916883861926,0.801201418187474,-1.0904814251282,0.511253526766226
2023,"LU13","LU13_22",1.0523471896251,-111.12086,16,0,2,0,0,0,0.227937914350421,-0.338170709983364,2.00460630360812,2.54600651258108,1.3683877576086,0.062467377,0,0,0,0,0.000143674,0.003374214,0.002409717,0.213800434,0.082729137,2022,14.1893867924528,-13.4210377358491,13.6092764370338,-11.9164168494954,0.731736126821559,-13.4128753421191,-0.974649296280641,-0.00816239372998062,-0.308187028445461
2023,"LU13","LU13_26",0.944190485971872,-111.27681,16,0,4,0,0,0,-1.90354369109504,-0.247201233342826,-0.708892762368744,0.420451415381929,-0.895939473117602,0.012600354,0,0,0,0,0.002898051,0.002955173,0,0,0.033104263,2022,11.9994811320755,-12.7314622641509,13.6092764370338,-11.9164168494954,-0.0933173509820198,-12.7192590217859,-0.72707213299322,-0.0122032423650484,-0.233692432517126
2022,"LU13","LU13_26",0.944190485971872,-111.27681,2,0,0,0,0,0,-1.90354369109504,-0.247201233342826,-0.708892762368744,0.420451415381929,-0.895939473117602,0.012600354,0,0,0,0,0.002898051,0.002955173,0,0,0.033104263,2021,35.4031603773585,-13.6294811320755,38.0779451513822,-12.7932833479596,-0.016201875431605,-12.494943416893,0.830186331164418,-1.13453771518251,-0.382681624373796
2022,"LU13","LU13_27",0.96354051231499,-111.24763,2,0,0,0,0,0,-1.99015679073201,-0.343824599205061,-0.485181769638595,1.15119400078731,-0.889188626374693,0.012513307,0,0,0,0,0,0.006440819,0,0,0.067966375,2021,36.6676886792453,-13.7646226415094,38.0779451513822,-12.7932833479596,0.173389029261218,-12.6362576336926,0.825157839911424,-1.12836500781684,-0.382681624373796
2023,"LU13","LU13_27",0.96354051231499,-111.24763,16,0,0,0,0,0,-1.99015679073201,-0.343824599205061,-0.485181769638595,1.15119400078731,-0.889188626374693,0.012513307,0,0,0,0,0,0.006440819,0,0,0.067966375,2022,12.3174528301887,-12.8744339622642,13.6092764370338,-11.9164168494954,0.0905108586634908,-12.8598276012394,-0.793812226198269,-0.0146063610247076,-0.382681624373796
2022,"LU13","LU13_30",0.902507351847043,-111.36054,2,0,3,0,0,0,-1.57544143467269,-0.438974233588599,-0.71351610900549,0.409638224597211,-0.897468191159866,0.012381135,0,0,0,0,0.005540116,0.00775983,0,0,0.033698551,2021,33.8338679245283,-13.3658018867925,38.0779451513822,-12.7932833479596,-0.308457138592441,-12.2218404911897,0.863823635832805,-1.14396139560272,0.511253526766226
2023,"LU13","LU13_30",0.902507351847043,-111.36054,16,4,9,0,4,0,-1.57544143467269,-0.438974233588599,-0.71351610900549,0.409638224597211,-0.897468191159866,0.012381135,0,0,0,0,0.005540116,0.00775983,0,0,0.033698551,2022,11.3630660377358,-12.4549528301887,13.6092764370338,-11.9164168494954,-0.369861512475609,-12.4472032538147,-0.637439212209225,-0.00774957637402274,-0.0474559426962878
2022,"LU13","LU13_32",0.909170710002996,-111.34759,2,0,0,0,0,0,-1.46195709201825,-0.114654118114546,-0.757768731334896,0.324337760360454,-0.917995208249974,0.012613239,0,0,0,0,0.002499543,0.003376669,0,0,0.034522046,2021,33.9282075471698,-13.3991037735849,38.0779451513822,-12.7932833479596,-0.278517888649884,-12.2563325313073,0.855852851754916,-1.14277124227757,-0.382681624373796
2023,"LU13","LU13_32",0.909170710002996,-111.34759,16,1,3,0,0,0,-1.46195709201825,-0.114654118114546,-0.757768731334896,0.324337760360454,-0.917995208249974,0.012613239,0,0,0,0,0.002499543,0.003376669,0,0,0.034522046,2022,11.4106603773585,-12.4897641509434,13.6092764370338,-11.9164168494954,-0.345335513723537,-12.4817442957764,-0.645991265036878,-0.00801985516702963,-0.270939730481293
2023,"LU13","LU13_33",0.916622698884104,-111.33517,16,1,8,0,1,0,-1.84010631434331,-0.747114203983541,-0.700102566106045,0.472007703960156,-0.903073569410248,0.012645646,0,0,0,0,0.004709817,0.00729941,0,0,0.036178363,2022,11.4631603773585,-12.5115566037736,13.6092764370338,-11.9164168494954,-0.326500593892314,-12.5026271923663,-0.651472333842203,-0.00892941140729775,-0.0847032406604554
2022,"LU13","LU13_33",0.916622698884104,-111.33517,2,0,0,0,0,0,-1.84010631434331,-0.747114203983541,-0.700102566106045,0.472007703960156,-0.903073569410248,0.012645646,0,0,0,0,0.004709817,0.00729941,0,0,0.036178363,2021,34.0565566037736,-13.4208962264151,38.0779451513822,-12.7932833479596,-0.259249612006429,-12.2765232416178,0.855330495305091,-1.14437298479732,-0.382681624373796
2022,"LU13","LU13_34",0.993051302638637,-111.45408,1,0,8,0,0,0,-1.91679413061007,0.164833114459675,1.70967588370806,-0.978344101675564,2.18911736709969,0.006047942,0,0,0,0,0.017287372,0.004749173,0,0.420398385,0,2021,31.7553773584906,-13.2983490566038,38.0779451513822,-12.7932833479596,-0.529712686868566,-12.1788271698373,0.828629360624371,-1.1195218867665,4.38497251503966
2023,"LU13","LU13_34",0.993051302638637,-111.45408,16,0,4,0,0,0,-1.91679413061007,0.164833114459675,1.70967588370806,-0.978344101675564,2.18911736709969,0.006047942,0,0,0,0,0.017287372,0.004749173,0,0.420398385,0,2022,10.5781132075472,-12.3702358490566,13.6092764370338,-11.9164168494954,-0.587160164062865,-12.3937696520605,-0.586415891434429,0.0235338030039109,-0.233692432517126
2022,"LU13","LU13_35",0.984684959293592,-111.43315,2,0,3,0,0,0,-1.79937458469671,0.329643849490109,0.0340264660585325,-0.104488920186122,0.0825657647148405,0.039478864,0,0,0,0,0.019312547,0.010076551,0,0.130743241,0,2021,32.4205188679245,-13.363820754717,38.0779451513822,-12.7932833479596,-0.386350715986035,-12.2436654332385,0.80499960127319,-1.12015532147849,0.511253526766226
2023,"LU13","LU13_35",0.984684959293592,-111.43315,16,1,21,0,0,0,-1.79937458469671,0.329643849490109,0.0340264660585325,-0.104488920186122,0.0825657647148405,0.039478864,0,0,0,0,0.019312547,0.010076551,0,0.130743241,0,2022,10.7903773584906,-12.44,13.6092764370338,-11.9164168494954,-0.44738160121317,-12.4585352582492,-0.639174051152341,0.018535258249166,0.399511632873724
2022,"LU13","LU13_36",0.990491110139606,-111.38155,2,0,0,0,0,0,-1.93960580456268,0.132814520603266,-0.812602580293264,-0.186263276892818,-0.879765341615257,0.037567638,0,0,0,0,0.008162358,0.013229607,0,0,0,2021,32.3434433962264,-13.3826886792453,38.0779451513822,-12.7932833479596,-0.39722917384588,-12.2545668286748,0.804980303897505,-1.12812185057047,-0.382681624373796
2023,"LU13","LU13_36",0.990491110139606,-111.38155,16,0,2,0,0,0,-1.93960580456268,0.132814520603266,-0.812602580293264,-0.186263276892818,-0.879765341615257,0.037567638,0,0,0,0,0.008162358,0.013229607,0,0,0,2022,10.7803301886792,-12.4497169811321,13.6092764370338,-11.9164168494954,-0.457935384410954,-12.4702730672498,-0.634783273306109,0.020556086117697,-0.308187028445461
2023,"LU13","LU13_37",0.987462310977804,-111.37926,16,0,3,0,0,0,-1.93960580456268,0.132814520603266,-0.80830123511531,-0.153639190551067,-0.885651920758647,0.037923763,0,0,0,0,0.007290406,0.014416373,0,0,0,2022,11.1757075471698,-12.4606132075472,13.6092764370338,-11.9164168494954,-0.422561230995296,-12.4787857121403,-0.62485988613593,0.0181725045931067,-0.270939730481293
2022,"LU13","LU13_37",0.987462310977804,-111.37926,1,0,0,0,0,0,-1.93960580456268,0.132814520603266,-0.80830123511531,-0.153639190551067,-0.885651920758647,0.037923763,0,0,0,0,0.007290406,0.014416373,0,0,0,2021,33.1834905660377,-13.3915566037736,38.0779451513822,-12.7932833479596,-0.363106895746297,-12.2619779386842,0.845798211658234,-1.12957866508937,-0.382681624373796
2023,"LU13","LU13_38",0.987107998623028,-111.35448,16,0,3,0,0,0,-1.56107874823542,0.452022986033533,-0.810704673111046,-0.187933865244319,-0.89326746041633,0.037743316,0,0,0,0,0.006162351,0.008770183,0,0,0,2022,11.2987735849057,-12.5041037735849,13.6092764370338,-11.9164168494954,-0.373889762722217,-12.5205851302445,-0.639881892676926,0.0164813566595452,-0.270939730481293
2022,"LU13","LU13_38",0.987107998623028,-111.35448,2,0,0,0,0,0,-1.56107874823542,0.452022986033533,-0.810704673111046,-0.187933865244319,-0.89326746041633,0.037743316,0,0,0,0,0.006162351,0.008770183,0,0,0,2021,33.5093867924528,-13.4334433962264,38.0779451513822,-12.7932833479596,-0.313003887797574,-12.3034130842463,0.843905310214194,-1.13003031198008,-0.382681624373796
2022,"LU13","LU13_41",1.00301776629557,-111.18623,2,0,2,0,0,0,-1.36759387773331,-0.437330951110618,0.10217966140059,3.16017137654976,-0.900741403849734,0.038115569,0,0,0,0,0.003101183,0.00323983,6e-05,0,0.111781924,2021,39.8659433962264,-14.1163679245283,38.0779451513822,-12.7932833479596,0.659154392943863,-13.0165571098463,0.809433885081052,-1.09981081468202,0.213275143052886
2023,"LU13","LU13_41",1.00301776629557,-111.18623,16,0,3,0,0,0,-1.36759387773331,-0.437330951110618,0.10217966140059,3.16017137654976,-0.900741403849734,0.038115569,0,0,0,0,0.003101183,0.00323983,6e-05,0,0.111781924,2022,13.9249528301887,-13.260141509434,13.6092764370338,-11.9164168494954,0.570650141457449,-13.2400014724197,-0.915198568010557,-0.0201400370142952,-0.270939730481293
2022,"LU13","LU13_43",1.02172774451393,-111.15835,2,0,0,0,0,0,-1.84309739888054,-0.216961858288197,0.640577174052925,2.95422471268103,-0.354729465183238,0.037794294,0,0,0,0,0,0.002883533,0,0.077321172,0.1070441,2021,39.7659905660377,-14.0249528301887,38.0779451513822,-12.7932833479596,0.537745986522741,-12.9223137635287,0.861009038790594,-1.10263906665996,-0.382681624373796
2023,"LU13","LU13_43",1.02172774451393,-111.15835,16,0,0,0,0,0,-1.84309739888054,-0.216961858288197,0.640577174052925,2.95422471268103,-0.354729465183238,0.037794294,0,0,0,0,0,0.002883533,0,0.077321172,0.1070441,2022,13.6006603773585,-13.1487264150943,13.6092764370338,-11.9164168494954,0.458669820301038,-13.1451215853021,-0.883440123161178,-0.00360482979221644,-0.382681624373796
2022,"LU13","LU13_45",1.03011694672058,-111.14605,2,0,0,0,0,0,-1.87152838644717,-0.0743764663440921,1.57464185940863,2.825903977515,0.769427674918218,0.037578821,0,0,0,0,0,0.002470103,0.002154446,0.246239715,0.097773082,2021,39.9060849056604,-14.0683490566038,38.0779451513822,-12.7932833479596,0.574042761764764,-12.9660079838503,0.853097948931568,-1.10234107275352,-0.382681624373796
2023,"LU13","LU13_45",1.03011694672058,-111.14605,16,0,1,0,0,0,-1.87152838644717,-0.0743764663440921,1.57464185940863,2.825903977515,0.769427674918218,0.037578821,0,0,0,0,0,0.002470103,0.002154446,0.246239715,0.097773082,2022,13.7153301886792,-13.1900943396226,13.6092764370338,-11.9164168494954,0.49258470022291,-13.1881292362359,-0.891937789396364,-0.00196510338672162,-0.345434326409629
2023,"LU13","LU13_47",1.06634824235417,-111.09103,16,0,1,0,0,0,-2.00362064417986,-0.235665628244763,0.240757978493407,3.149854328934,-0.792850765320439,0.051825491,0.0082,0,0,0,0.004599636,0.004182669,0.060386033,0,0.071444386,2022,15.6054716981132,-13.8025471698113,13.6092764370338,-11.9164168494954,1.18322034737805,-13.7706403386352,-1.09529553894361,-0.0319068311761708,-0.345434326409629
2022,"LU13","LU13_47",1.06634824235417,-111.09103,1,0,0,0,0,0,-2.00362064417986,-0.235665628244763,0.240757978493407,3.149854328934,-0.792850765320439,0.051825491,0.0082,0,0,0,0.004599636,0.004182669,0.060386033,0,0.071444386,2021,45.1171226415094,-14.5908018867925,38.0779451513822,-12.7932833479596,1.28954494933259,-13.5495423671585,0.8640134599248,-1.04125951963396,-0.382681624373796
2022,"LU13","LU13_49",1.0734802071729,-111.07793,2,0,0,0,0,0,-1.8841760882919,-0.0458644675306754,0.165855389391201,2.93075785983759,-0.825101907924515,0.041958924,0.007013944,0,0,0,0.007673496,0.003359222,0.060393435,0,0.071722848,2021,45.5345754716981,-14.6390566037736,38.0779451513822,-12.7932833479596,1.3529558348057,-13.610933708808,0.861958074725824,-1.0281228949656,-0.382681624373796
2023,"LU13","LU13_49",1.0734802071729,-111.07793,16,0,13,0,0,0,-1.8841760882919,-0.0458644675306754,0.165855389391201,2.93075785983759,-0.825101907924515,0.041958924,0.007013944,0,0,0,0.007673496,0.003359222,0.060393435,0,0.071722848,2022,15.6677830188679,-13.8731132075472,13.6092764370338,-11.9164168494954,1.23395202036911,-13.8325953021531,-1.1154471103641,-0.0405179053940987,0.101533249160383
2022,"LU13","LU13_51",0.953745490120042,-111.25424,2,0,0,0,0,0,-1.93373803198022,-0.151448917280187,-0.683974229248714,0.598309060355337,-0.926433138832285,0.012484689,0,0,0,0,0.001249671,0.00541221,0,0,0.047403305,2021,36.7175,-13.7505660377358,38.0779451513822,-12.7932833479596,0.164259171881334,-12.6203046886834,0.832941638892769,-1.13026134905243,-0.382681624373796
2023,"LU13","LU13_51",0.953745490120042,-111.25424,16,1,12,0,0,1,-1.93373803198022,-0.151448917280187,-0.683974229248714,0.598309060355337,-0.926433138832285,0.012484689,0,0,0,0,0.001249671,0.00541221,0,0,0.047403305,2022,12.3271226415094,-12.8646698113208,13.6092764370338,-11.9164168494954,0.0812128987335551,-12.845628918223,-0.788682171837036,-0.0190408930977135,0.0642859511962151
2022,"LU13","LU13_52",0.986559385944661,-111.41942,2,0,14,0,0,0,-1.78187242130443,0.3542099844625,-0.351882737959984,-0.13279417455206,-0.405405858665732,0.039777005,0,0,0,0,0.0129324,0.011707817,0,0.064842387,0,2021,32.1550471698113,-13.3455660377358,38.0779451513822,-12.7932833479596,-0.427238547101008,-12.2212376704413,0.806577336145695,-1.12432836729459,3.78901574761298
2023,"LU13","LU13_52",0.986559385944661,-111.41942,16,0,7,0,0,0,-1.78187242130443,0.3542099844625,-0.351882737959984,-0.13279417455206,-0.405405858665732,0.039777005,0,0,0,0,0.0129324,0.011707817,0,0.064842387,0,2022,10.6989150943396,-12.4155188679245,13.6092764370338,-11.9164168494954,-0.486757986688314,-12.4364171492581,-0.626469010590515,0.0208982813335989,-0.121950538624623
2023,"LU13","LU13_53",0.9860336321279,-111.2645,16,0,2,0,0,0,-2.00777352606422,-0.247512816411868,-0.720635731550136,0.228444571730123,-0.926433037566748,0.03764856,0,0,0,0,0.001249686,0.001742659,0,0,0.031997094,2022,12.1031132075472,-12.8328301886792,13.6092764370338,-11.9164168494954,0.0223749262238391,-12.830862207338,-0.775647804000412,-0.00196798134126119,-0.308187028445461
2022,"LU13","LU13_53",0.9860336321279,-111.2645,2,0,1,0,0,0,-2.00777352606422,-0.247512816411868,-0.720635731550136,0.228444571730123,-0.926433037566748,0.03764856,0,0,0,0,0.001249686,0.001742659,0,0,0.031997094,2021,36.0429716981132,-13.7368867924528,38.0779451513822,-12.7932833479596,0.10460642262753,-12.6098793519438,0.815676863300153,-1.12700744050907,-0.0847032406604554
2022,"LU13","LU13_55",0.987153716346224,-111.30484,1,0,0,0,0,0,-1.34915960647035,0.961568125010203,-0.0855191050646907,-0.409541125152638,-0.0187872112791502,0.037785636,0,0,0,0,0.003749185,0.002641229,0,0.131945919,0,2021,34.2927830188679,-13.538679245283,38.0779451513822,-12.7932833479596,-0.187273357660648,-12.407149757045,0.836810300922114,-1.13152948823799,-0.382681624373796
2023,"LU13","LU13_55",0.987153716346224,-111.30484,16,0,1,0,0,0,-1.34915960647035,0.961568125010203,-0.0855191050646907,-0.409541125152638,-0.0187872112791502,0.037785636,0,0,0,0,0.003749185,0.002641229,0,0.131945919,0,2022,11.602358490566,-12.6130188679245,13.6092764370338,-11.9164168494954,-0.257008140781182,-12.6255377292464,-0.67540800503299,0.0125188613219205,-0.345434326409629
2022,"LU13","LU13_56",1.02634523455682,-111.10345,2,0,1,0,0,0,-1.00871627270601,-0.0216165126726137,-0.0481869985114119,1.45487178183966,-0.512002539670697,0.026779129,0,0,0,0,0.003144545,0.010157922,0.038275061,0,0.054836908,2021,45.8806132075472,-14.5747169811321,38.0779451513822,-12.7932833479596,1.32262323550393,-13.5242269315862,0.900118104057666,-1.05049004954589,-0.0847032406604554
2023,"LU13","LU13_56",1.02634523455682,-111.10345,16,0,1,0,0,0,-1.00871627270601,-0.0216165126726137,-0.0481869985114119,1.45487178183966,-0.512002539670697,0.026779129,0,0,0,0,0.003144545,0.010157922,0.038275061,0,0.054836908,2022,16.1294339622642,-13.8040094339623,13.6092764370338,-11.9164168494954,1.22208381623064,-13.7477156253267,-1.07829046928597,-0.0562938086355924,-0.345434326409629
2022,"LU13","LU13_57",1.08850990867391,-111.05726,1,0,0,0,0,0,-1.74944577357605,-0.212485188991524,0.791790684463664,4.19507506836301,-0.485505379116414,0.053673212,0.001579378,0,0,0,0.013041398,0.007701207,0.054696356,0,0.090045345,2021,45.7823113207547,-14.6804245283019,38.0779451513822,-12.7932833479596,1.32306675437188,-13.6665496884008,0.893208142026332,-1.01387483990108,-0.382681624373796
2023,"LU13","LU13_57",1.08850990867391,-111.05726,16,0,0,0,0,0,-1.74944577357605,-0.212485188991524,0.791790684463664,4.19507506836301,-0.485505379116414,0.053673212,0.001579378,0,0,0,0.013041398,0.007701207,0.054696356,0,0.090045345,2022,15.4354245283019,-13.9231603773585,13.6092764370338,-11.9164168494954,1.18975884831278,-13.8874729322665,-1.11002407375875,-0.0356874450919715,-0.382681624373796
2023,"LU13","LU13_59",0.990891140217576,-111.25407,16,0,12,0,0,0,-1.81869388575813,0.00633062939662793,-0.765246026437228,0.2060350113386,-0.934869712456405,0.037263466,0,0,0,0,0,0.003806263,0,0,0.029243371,2022,11.8388679245283,-12.790141509434,13.6092764370338,-11.9164168494954,-0.0523240055316245,-12.7943568030655,-0.757727042432674,0.00421529363151052,0.0642859511962151
2022,"LU13","LU13_59",0.990891140217576,-111.25407,2,0,0,0,0,0,-1.81869388575813,0.00633062939662793,-0.765246026437228,0.2060350113386,-0.934869712456405,0.037263466,0,0,0,0,0,0.003806263,0,0,0.029243371,2021,35.108679245283,-13.7006132075472,38.0779451513822,-12.7932833479596,0.0286471281496943,-12.57393847549,0.78855770393134,-1.12667473205721,-0.382681624373796
2022,"LU13","LU13_70",1.07871488647896,-111.05211,2,0,1,0,0,0,-1.69196182979115,-0.282916235126797,0.90434344845156,3.83866845016943,-0.306216960943607,0.064487638,0.014221673,0,0,0,0.00803133,0.007151668,0.044721649,0,0.098236581,2021,45.6320283018868,-14.6818396226415,38.0779451513822,-12.7932833479596,1.3624654709075,-13.6665244100503,0.864023805997064,-1.01531521259118,-0.0847032406604554
2023,"LU13","LU13_70",1.07871488647896,-111.05211,16,0,2,0,0,0,-1.69196182979115,-0.282916235126797,0.90434344845156,3.83866845016943,-0.306216960943607,0.064487638,0.014221673,0,0,0,0.00803133,0.007151668,0.044721649,0,0.098236581,2022,15.4879716981132,-13.9281132075472,13.6092764370338,-11.9164168494954,1.22862807732254,-13.8881369210224,-1.12513626291505,-0.0399762865247766,-0.308187028445461
2024,"LU14","LU14_03",0.790658942045657,-112.30953,17,2,21,0,1,1,-0.568000944732179,-0.191253504170816,-0.851354452545199,-0.527676327481976,-0.743857775879133,0.0274764165188501,0,0,0,0,0.00300682964385193,0.00221965872440785,0,0,0,2023,18.9186854460094,-10.1528638497653,16.2434159842778,-9.26000327546675,0.587764176190568,-12.4748438257165,-0.583237570530368,2.32197997595124,0.353500264800341
2024,"LU14","LU14_07",0.803471333971605,-112.41011,17,0,3,0,0,0,1.1879941285288,-0.520563024160547,-0.690800452868431,-0.441343719218485,-0.597102126102101,0.0294468658227772,0,0,0,0,0.00320176651280906,0.00349319563160358,0,0,0,2023,19.4383568075117,-10.1489671361502,16.2434159842778,-9.26000327546675,0.607656357064478,-12.4640479534035,-0.55740167694997,2.31508081725322,-0.277512783063205
2024,"LU14","LU14_08",0.802088372844896,-112.38725,17,2,20,0,0,1,-0.202686667654246,-0.563886020831905,-0.926296888176943,-0.664316414041636,-0.84546734170935,0.026465000363144,0,0,0,0,0.00277072859533203,0.000735759376127655,0,0,0,2023,19.5451643192488,-10.1547417840376,16.2434159842778,-9.26000327546675,0.623428342439306,-12.4770363482901,-0.557710183200151,2.32229456425251,0.318443984363474
2024,"LU14","LU14_09",0.802202667152892,-112.36073,17,1,14,0,0,1,-0.24089027534416,-0.405263024420403,-0.348307908875682,-0.402356385339365,-0.30133372752672,0.0324430858408081,0,0,0,0,0.00414711487837639,0,0,0,0,2023,19.4034741784038,-10.1523004694836,16.2434159842778,-9.26000327546675,0.613559776229246,-12.471220268849,-0.562616912380575,2.31891979936545,0.108106301742295
2024,"LU14","LU14_100",1.09651051023337,-112.32694,16,0,5,0,0,0,0.146525097902549,1.52109736380814,-0.999446934843196,-1.06184119089009,-0.731992636942518,0,0,0,0,0,0.00125065905032812,0.00866634981611409,0,0.0288005926935867,0,2023,24.3879342723005,-10.8858685446009,16.2434159842778,-9.26000327546675,1.48361344632388,-13.2943528778534,-0.641459214656046,2.40848433325246,-0.196445134552958
2024,"LU14","LU14_102",1.09501325479867,-112.24976,16,3,0,0,0,2,0.837361942852893,-0.0535393956589039,-1.13352190299992,-0.939040488219085,-0.917674436513733,0,0,0,0,0,0.00254705744772001,0.0134694749295009,0,0,0,2023,23.4002816901408,-10.79779342723,16.2434159842778,-9.26000327546675,1.26308245029309,-13.186967502843,-0.602690121029624,2.38917407561298,-0.382681624373796
2024,"LU14","LU14_105",1.11128876425679,-112.42336,16,0,26,0,0,0,0.925060046697251,-0.995995275273802,-0.898822336890929,-0.877343450246253,-0.682251317691342,0,0,0,0,0,0.00615173443328586,0.00287178481613182,0,0.03043925533266,0.0140203513911029,2023,25.8399061032864,-11.1060093896714,16.2434159842778,-9.26000327546675,2.01413184831436,-13.5787155115366,-0.797667595859489,2.47270612186528,0.585748122694562
2024,"LU14","LU14_110",1.12836433387086,-112.55234,16,0,12,0,0,0,-0.0590990245116729,0.882737048210848,-0.765237506640965,-0.0365159180093969,-0.809236914788498,0,0,0,0,0,0.0186094107500685,0.0108289526720214,0.0294900168825925,0,0.0155081685154275,2023,24.2562441314554,-10.9540375586854,16.2434159842778,-9.26000327546675,1.68939324308258,-13.3839834492663,-0.749388223646284,2.4299458905809,0.0642859511962151
2024,"LU14","LU14_114",1.12044373832699,-112.3881,16,0,1,0,0,0,0.093224770518585,-0.226261680035976,-1.02861222257106,-1.0875389510706,-0.755407356352592,0,0,0,0,0,0.00699296140288233,0.00393073746499382,0,0.0195899752259661,0.00173118249994265,2023,25.8312676056338,-11.0925352112676,16.2434159842778,-9.26000327546675,1.87386362355627,-13.5612459997453,-0.730802251173552,2.46871078847768,-0.345434326409629
2024,"LU14","LU14_115",1.12407829732114,-112.3089,16,0,11,0,0,0,0.306492152308623,2.32743981208682,-1.17453046536786,-1.07681608979496,-0.917673657109005,0,0,0,0,0,0.00254717289737174,0.00790515026034386,0,0,0,2023,24.9102816901408,-10.978779342723,16.2434159842778,-9.26000327546675,1.67469564708179,-13.4135802887965,-0.697764884421427,2.43480094607353,0.0270386532320474
2024,"LU14","LU14_120",1.16473278267405,-112.59342,16,0,2,0,0,0,-0.258831779638384,0.546211286026904,-1.11809774338114,-1.00677212657269,-0.878950042048453,0,0,0,0,0,0.00828312458965374,0.00961180888608905,5.13175219787019e-05,0,0,2023,25.7056338028169,-11.15,16.2434159842778,-9.26000327546675,2.14477401955885,-13.634899327408,-0.86963944763392,2.48489932740801,-0.308187028445461
2024,"LU14","LU14_121",1.15160036668572,-112.5294,16,0,1,0,0,0,2.10477869294699,1.78298956887812,-1.08033839025624,-0.811355921543589,-0.901157395519604,0,0,0,0,0,0.00499365105974772,0.00991490420073034,0.00370808515076054,0,0,2023,24.3910328638498,-10.966338028169,16.2434159842778,-9.26000327546675,1.69699278688226,-13.398625923597,-0.743860489061635,2.43228789542798,-0.345434326409629
2024,"LU14","LU14_131",1.18297415422964,-112.27245,16,0,11,0,0,0,-0.35578563933076,0.995891130708814,-1.22473546864318,-1.23290476697919,-0.921748858304006,0,0,0,0,0,0.00194353201430059,1.60126855054904e-05,0,0,0,2023,26.1346478873239,-11.2087323943662,16.2434159842778,-9.26000327546675,2.0037895721042,-13.7051626872025,-0.772615212120947,2.49643029283633,0.0270386532320474
2024,"LU14","LU14_135",1.21911401441684,-112.36021,16,0,0,0,0,0,1.21088938938548,3.82763072674945,-1.1814788059132,-1.08499307105767,-0.92258641833999,0,0,0,0,0,0.0018194680833304,0.00562970063454806,0,0,0,2023,25.8784976525822,-11.3059154929577,16.2434159842778,-9.26000327546675,2.20740551229573,-13.8457268356575,-0.887982308828892,2.5398113426998,-0.382681624373796
2024,"LU14","LU14_16",0.80589437330105,-112.29803,16,0,3,0,0,0,-0.465181609502293,-0.403860345812021,-0.940742577167834,-1.07205323800653,-0.664800797036241,0.00449209849050879,0,0,0,0,0,0,0,0,0,2023,18.5895305164319,-10.1225821596244,16.2434159842778,-9.26000327546675,0.445876799590934,-12.4223167610362,-0.537428319233446,2.29973460141184,-0.270939730481293
2024,"LU14","LU14_17",0.816558032236741,-112.19186,16,0,4,0,0,0,1.32002362195407,1.28679076371634,-0.388660133635338,-0.979783421711125,-0.0938942509932363,0.00579467387982786,0,0,0,0,0.00458598222143271,0.00123118861464506,0.00129299623467639,0.0509517515295518,0,2023,19.9384507042254,-10.2625352112676,16.2434159842778,-9.26000327546675,0.624824378284605,-12.5997006845225,-0.531589444696125,2.33716547325488,-0.233692432517126
2024,"LU14","LU14_19",0.831462009998949,-112.45065,17,1,4,0,1,0,-1.36598200717676,-0.107244434848711,-1.08651344908397,-0.73590891287802,-0.93231574336684,0.0251185341587247,0,0,0,0,0,0,0,0,0,2023,19.9846009389671,-10.1811737089202,16.2434159842778,-9.26000327546675,0.598853051146694,-12.494180978105,-0.515956128403795,2.31300726918476,-0.242456502626342
2024,"LU14","LU14_20",0.819986861476514,-112.4352,17,1,8,0,1,0,-1.00525939600243,0.368584584871806,-0.976880954797546,-0.686977533645676,-0.91291884767282,0.0238495853680048,0,0,0,0,0,0.00327786849340815,0,0,0,2023,20.1510328638498,-10.1901408450704,16.2434159842778,-9.26000327546675,0.641139478293962,-12.5128908250431,-0.524953381497044,2.32274997997273,-0.102231380878887
2024,"LU14","LU14_250",0.876036790115994,-112.16242,16,4,2,0,1,2,1.30424085601634,-0.116132168267461,-1.17656384866165,-1.18998932154858,-0.883227900113355,0,0,0,0,0,0,0.00333170969997337,0,0.00764946507288735,0,2023,18.4995774647887,-10.1769953051643,16.2434159842778,-9.26000327546675,0.370889767390993,-12.4504726454729,-0.507495599960059,2.27347734030859,-0.308187028445461
2024,"LU14","LU14_30",0.86592174385867,-112.49358,17,0,0,0,0,0,-0.246280658567545,-0.987551878263501,-0.927540572037227,-0.535079478179038,-0.82436800675165,0.025813534033645,0,0,0,0,0.00399314879518971,0.00894081694604142,0,0,0,2023,20.8369014084507,-10.2659154929577,16.2434159842778,-9.26000327546675,0.689457264143282,-12.5945417965863,-0.501465177621271,2.32862630362858,-0.382681624373796
2024,"LU14","LU14_31",0.855520961831356,-112.47708,17,0,15,0,0,0,0.584521579751319,-0.809970815614698,-1.04539252692656,-0.611021770831186,-0.928019478820858,0.0249061341658076,0,0,0,0,0,0.00620449784381465,0,0,0,2023,20.8854460093897,-10.2653521126761,16.2434159842778,-9.26000327546675,0.695622047765807,-12.5999605913059,-0.501122738610669,2.33460847862982,0.143162582179158
2024,"LU14","LU14_33",0.863052956728059,-112.3383,16,0,8,0,0,0,1.1054184199562,-0.409189060922441,-1.23354201121545,-1.22198436358006,-0.934869712456405,0,0,0,0,0,0,0.00179658431032902,0,0,0,2023,18.7829107981221,-10.1419718309859,16.2434159842778,-9.26000327546675,0.42022264820043,-12.4060065565611,-0.511917690722012,2.26403472557521,-0.0847032406604554
2024,"LU14","LU14_37",0.875271018252445,-112.10431,16,2,9,0,2,0,0.895273988245856,1.18906971699557,0.288432381416653,-1.18920844411948,0.710775941118391,0,0,0,0,0,0,0.00223037991683345,0,0.24363278844396,0,2023,20.4887323943662,-10.3483568075117,16.2434159842778,-9.26000327546675,0.666943092639444,-12.678061546436,-0.514356821904288,2.32970473892431,-0.0474559426962878
2024,"LU14","LU14_47",0.89075789698542,-112.55693,17,6,8,0,3,3,0.685032627237327,-0.124766299432065,-0.43205000314643,-0.519623626874038,-0.29016536314776,0.0249151567924749,0,0,0,0,0.00123932773396527,0.00984887596393487,0,0.0928682227098219,0,2023,22.1674647887324,-10.3689671361502,16.2434159842778,-9.26000327546675,0.870499433123113,-12.7382051670824,-0.497884105879895,2.36923803093219,-0.102231380878887
2024,"LU14","LU14_48",0.88828913993278,-112.53831,17,2,13,0,1,1,0.0049921069850689,-0.44849211285511,-0.851553656603928,-0.551165478742332,-0.736466058727177,0.025522825873495,0,0,0,0,0.00147452829093443,0.00845971715362662,0,0.0266926897712187,0,2023,21.9342253521127,-10.3514084507042,16.2434159842778,-9.26000327546675,0.828711500795627,-12.7063563920054,-0.493677742392282,2.35494794130122,0.0730500213054309
2024,"LU14","LU14_49",0.884288839153051,-112.51659,17,4,10,0,0,1,0.296307011594241,-0.421315144662753,-1.00551228207597,-0.61257464732682,-0.884117492339247,0.0244401691318607,0,0,0,0,0.00636459835034424,0.00596650482807443,0,0,0,2023,20.7399530516432,-10.2976525821596,16.2434159842778,-9.26000327546675,0.699102393276076,-12.6315714404627,-0.512707910667984,2.33391885830304,-0.03211882000516
2024,"LU14","LU14_51",0.888826323180344,-112.43441,16,2,18,0,1,1,1.96060422310127,0.125028538400748,-1.20486607515269,-1.12564410891919,-0.934869712456405,0,0,0,0,0,0,0.00641899958420744,0,0,0,2023,20.368779342723,-10.2660093896714,16.2434159842778,-9.26000327546675,0.637128780548969,-12.5708498481534,-0.508190998153448,2.30484045848202,0.287769738981221
2024,"LU14","LU14_54",0.907513442537108,-112.59723,17,0,43,0,0,0,1.97672589352773,0.730904643487915,-1.05612568308837,-0.708089459278689,-0.908257932295109,0.0244255547597973,0,0,0,0,0.0039418810772737,0.00167187296794981,0,0,0,2023,22.0322535211268,-10.3573708920188,16.2434159842778,-9.26000327546675,0.849509481026168,-12.724259317472,-0.497001288383397,2.36688842545326,1.12473843441134
2024,"LU14","LU14_56",0.927937835375356,-112.44809,16,1,2,0,1,0,0.73864083563538,1.09859547686436,-0.784406120913232,-1.18013057591149,-0.459662442918658,0,0,0,0,0,0,0.00380473332415404,0,0.0703902757433019,0,2023,20.5354460093897,-10.3204225352113,16.2434159842778,-9.26000327546675,0.638038062962304,-12.6158253494258,-0.497274332816309,2.29540281421457,-0.308187028445461
2024,"LU14","LU14_61",0.916508404576108,-112.6067,17,0,3,0,0,0,1.37373355350455,1.90036256852875,-0.96134007802343,-0.377511755538825,-0.91218834371607,0.0241053318095306,0,0,0,0,0.00139544562627456,0.00470747180263412,0,0,0.0131054818533729,2023,22.0870422535211,-10.3727230046948,16.2434159842778,-9.26000327546675,0.857654574337209,-12.7388204476766,-0.497185791283706,2.36609744298181,-0.277512783063205
2024,"LU14","LU14_62",0.923526075086845,-112.13075,16,0,2,0,0,0,-0.613189163538415,1.42241779968884,-1.20085129235687,-1.11215596345428,-0.934869712456405,0,0,0,0,0,0,0.00706616218340101,0,0,0,2023,15.0667136150235,-10.031220657277,16.2434159842778,-9.26000327546675,-0.135295180199073,-12.2290098988164,-0.497934452437712,2.19778924153938,-0.308187028445461
2024,"LU14","LU14_63",0.935526977426049,-112.60155,17,0,23,0,0,0,2.08017377272331,0.861774198092406,-0.66330948955675,-0.539445347190403,-0.53540893452866,0.0246337638872433,0,0,0,0,0.00254978787319299,0.00958844785075236,0,0.0556916603301945,0,2023,22.3518779342723,-10.4185915492958,16.2434159842778,-9.26000327546675,0.904177502290738,-12.7891074778195,-0.501516725445794,2.37051592852376,0.423612825674068
2024,"LU14","LU14_71",0.966477876030394,-112.35362,16,0,6,0,0,0,1.77305070921006,0.918501979158472,-1.21718555332479,-1.16703287690192,-0.934869712456405,0,0,0,0,0,0,0.00443316226247924,0,0,0,2023,19.9170422535211,-10.3100469483568,16.2434159842778,-9.26000327546675,0.539052511357149,-12.5795784828498,-0.491800883204637,2.26953153449296,-0.159197836588791
2024,"LU14","LU14_72",0.966626458630791,-112.30749,16,0,15,0,0,0,2.23559564293415,-0.155300082202185,-1.20174403838991,-1.11515525107936,-0.934869712456405,0,0,0,0,0,0,0.00647823045713159,0,0,0,2023,19.1123943661972,-10.2432863849765,16.2434159842778,-9.26000327546675,0.39581441108877,-12.4912924218972,-0.477734367555767,2.24800603692064,0.176027845088718
2024,"LU14","LU14_74",0.981187553469018,-112.29683,16,0,10,0,0,0,1.26302686704982,1.08501973447067,-1.13412795344602,-0.941105185438886,-0.917665173218434,0,0.00254842957721429,0.00254842957721429,0,0,0,0.00408401762763206,0,0,0.0108911783823723,2023,19.4614084507042,-10.3025821596244,16.2434159842778,-9.26000327546675,0.45216319738018,-12.5602059327559,-0.481055940696103,2.2576237731315,-0.0102086447321202
2024,"LU14","LU14_75",1.00273203052559,-112.51261,16,0,8,0,0,0,1.86165794512663,0.99178671541872,-1.08702334822851,-1.25064189905247,-0.766140697892854,0,0,0,0,0,0.00331026854408593,0.000421592826803662,0,0.0216827873756543,0,2023,23.4526291079812,-10.6415023474178,16.2434159842778,-9.26000327546675,1.18846916965581,-13.0248399293193,-0.563243116895295,2.38333758190143,-0.0847032406604554
2024,"LU14","LU14_76",1.0055436705022,-112.31454,16,1,6,0,1,0,2.4119844278905,2.12545115431947,-1.24468742627703,-1.25942872539561,-0.934869712456405,0,0,0,0,0,0,0,0,0,0,2023,19.6551643192488,-10.3526291079812,16.2434159842778,-9.26000327546675,0.509804745949931,-12.6197172620291,-0.495575939645884,2.26708815404792,-0.159197836588791
2024,"LU14","LU14_78",1.02244779865429,-112.39216,16,6,0,1,3,3,2.83330839500273,-0.0557925127500562,-1.22518879451345,-1.23142322906618,-0.922722075258875,0,0,0,0,0,0.00179937384542855,0.00134370657874441,0,0,0,2023,21.3671361502347,-10.5054460093897,16.2434159842778,-9.26000327546675,0.803091597660636,-12.8132708581623,-0.51998949520518,2.30782484877262,-0.382681624373796
2024,"LU14","LU14_80",1.02689384723519,-112.14778,16,3,32,0,2,1,1.69816123376017,1.77604485147072,-1.22143796901698,-1.22314490671601,-0.921321780349084,0,0,0,0,0,0,0.00174090133194714,0,0,0,2023,16.6935211267606,-10.2335211267606,16.2434159842778,-9.26000327546675,0.128400401807343,-12.4597479145397,-0.513919510129858,2.2262267877791,0.809231910479567
2024,"LU14","LU14_84",1.03977481574593,-112.20978,9,0,4,0,0,0,0.0292845611899631,1.03824952109042,-1.19280926757897,-1.11120172908325,-0.926427209443417,0,0,0,0,0,0.00125054929320828,0.0069039441324707,0,0,0,2023,19.1179812206573,-10.300234741784,16.2434159842778,-9.26000327546675,0.310396555018995,-12.5472763697749,-0.436277029848198,2.24704162799084,-0.117811949961938
2024,"LU14","LU14_85",1.04868977176934,-112.5036,16,0,7,0,0,0,1.21082802339149,3.04061057015565,-0.908568661097224,-0.505089566162852,-0.813436347144685,0,0,0,0,0,0.0107895917010761,0.0146216888411722,0.0177873175208832,0,0,2023,24.1308920187793,-10.8024882629108,16.2434159842778,-9.26000327546675,1.45177742174441,-13.2057373694883,-0.643660174714898,2.4032491065775,-0.121950538624623
2024,"LU14","LU14_86",1.04673533910267,-112.28728,16,4,8,0,4,0,1.95061330166055,0.62635714750762,-1.24468742627703,-1.25942872539561,-0.934869712456405,0,0,0,0,0,0,0,0,0,0,2023,20.9761502347418,-10.5220187793427,16.2434159842778,-9.26000327546675,0.719010308877497,-12.8303946766915,-0.50619086261066,2.30837589734876,-0.0847032406604554
2024,"LU14","LU14_88",1.07162863938342,-112.46383,16,1,8,0,0,0,0.771078245977424,0.963789151887766,-0.545249013049612,0.0582494763405038,-0.600534215347299,0,0,0,0,0,0.0235088384033838,0.0139469921797261,0.0430413031971451,0.0260147470736993,0.0025538059399007,2023,24.5868544600939,-10.8734741784038,16.2434159842778,-9.26000327546675,1.52433391628794,-13.2760174229076,-0.647490194764578,2.40254324450384,-0.0847032406604554
2024,"LU14","LU14_91",1.06759405031129,-112.12025,16,0,7,0,0,0,1.28238694717118,1.23238100218592,-1.23661916116559,-1.2323224187765,-0.934869712456405,0,0,0,0,0,0,0.00130056336445957,0,0,0,2023,16.7335680751174,-10.2756807511737,16.2434159842778,-9.26000327546675,0.172503709170287,-12.5118836973374,-0.532400284280191,2.23620294616367,-0.121950538624623
2024,"LU14","LU14_92",1.07597182308714,-112.49829,16,2,10,0,1,1,-0.517913370046967,1.33800466354785,-0.845751721087388,-0.261365789725683,-0.824022781271413,0,0,0,0,0,0.00887640036749848,0.0104334513729771,0.0309330075523664,0.00552778304474752,0,2023,24.6658215962441,-10.8657746478873,16.2434159842778,-9.26000327546675,1.53178419618801,-13.273157683361,-0.64569344796288,2.40738303547367,-0.0102086447321202
2024,"LU14","LU14_96",1.07221154035419,-112.2138,16,3,13,0,1,2,1.91797124242762,-0.263496707627981,-1.19311626691883,-1.15833129498927,-0.911495304582145,0,0,0,0,0,0.00142490987574603,0.00281687339983366,0,0,0,2023,21.14,-10.5115492957746,16.2434159842778,-9.26000327546675,0.691384717163452,-12.8213682981672,-0.481743909545024,2.30981900239255,0.101533249160383
2024,"LU14","LU14_97",1.10231666107939,-112.54814,16,1,5,0,1,0,0.818414340763393,0.147582552226868,-1.16816273018583,-1.19417997634941,-0.87272811083481,0,0,0,0,0,0.00920475075545325,0.00115094210456457,0,0,0.00124898991867005,2023,24.0862441314554,-10.9196244131455,16.2434159842778,-9.26000327546675,1.64675165421403,-13.341171133617,-0.740463246304052,2.42154672047143,-0.196445134552958
2022,"LU15","LU15_01",-0.138462346486315,-113.01591,2,0,3,0,0,0,-1.11354220354841,0.128666564284744,-0.0453880393711466,0.55914005257801,-0.218815331173024,0.027715266,0.011704603,0.002191861,0,0.004578704,0.008014799,0.013394066,0,0,0.046145784,2021,34.9757547169811,-12.4685849056604,38.0779451513822,-12.7932833479596,0.00150049583684863,-11.4167689422993,0.792556998958865,-1.0518159633611,0.511253526766226
2023,"LU15","LU15_01",-0.138462346486315,-113.01591,14,0,5,0,0,0,-1.11354220354841,0.128666564284744,-0.0453880393711466,0.55914005257801,-0.218815331173024,0.027715266,0.011704603,0.002191861,0,0.004578704,0.008014799,0.013394066,0,0,0.046145784,2022,11.4201886792453,-11.5357075471698,13.6092764370338,-11.9164168494954,-0.111907474095973,-11.6035148695495,-0.757595778196344,0.0678073223796449,-0.16983992172141
2023,"LU15","LU15_02",-0.136679355281636,-112.92681,14,0,9,0,0,0,-1.73071650344453,0.028718423231183,-0.515918302413823,-0.201031836484966,-0.484630370618981,0.020024137,0.01466181,0,0,0.01466181,0.005099077,0.007561621,0,0,0.023196233,2022,11.3215094339623,-11.5277830188679,13.6092764370338,-11.9164168494954,-0.135106463381972,-11.5801273722206,-0.753161960444581,0.0523443533526304,0.000433440400499234
2022,"LU15","LU15_02",-0.136679355281636,-112.92681,2,0,0,0,0,0,-1.73071650344453,0.028718423231183,-0.515918302413823,-0.201031836484966,-0.484630370618981,0.020024137,0.01466181,0,0,0.01466181,0.005099077,0.007561621,0,0,0.023196233,2021,34.6665566037736,-12.4555660377358,38.0779451513822,-12.7932833479596,-0.0155405835827872,-11.390350256122,0.779688227609575,-1.06521578161383,-0.382681624373796
2023,"LU15","LU15_03",-0.0874870851216931,-113.04402,14,3,0,2,0,0,-0.0456344345147571,2.09503523756599,0.253701103347985,0.48827409278902,0.115536945790206,0.020088209,0.019671347,0,0,0.01564645,0,0.018409512,0,0,0.045357239,2022,12.4817452830189,-11.6575943396226,13.6092764370338,-11.9164168494954,0.0480774976200709,-11.7346872369572,-0.762214181761188,0.0770928973345288,-0.382681624373796
2022,"LU15","LU15_03",-0.0874870851216931,-113.04402,2,0,1,0,0,0,-0.0456344345147571,2.09503523756599,0.253701103347985,0.48827409278902,0.115536945790206,0.020088209,0.019671347,0,0,0.01564645,0,0.018409512,0,0,0.045357239,2021,36.2777830188679,-12.6104716981132,38.0779451513822,-12.7932833479596,0.157119458487586,-11.550539736172,0.806419968542983,-1.0599319619412,-0.0847032406604554
2023,"LU15","LU15_04",-0.08489260433027,-112.92477,14,0,4,0,0,0,-1.94172772303418,-0.00312616435789725,-0.253232043427301,0.335069125558896,-0.376875407655594,0.018541054,0.027841893,0,0,0.027841893,0.00365536,0.013077041,0,0,0.044749377,2022,11.8371698113208,-11.5474528301887,13.6092764370338,-11.9164168494954,-0.0363982098552529,-11.6045315673152,-0.765501307537224,0.0570787371264903,-0.212408262251887
2022,"LU15","LU15_04",-0.08489260433027,-112.92477,2,0,2,0,0,0,-1.94172772303418,-0.00312616435789725,-0.253232043427301,0.335069125558896,-0.376875407655594,0.018541054,0.027841893,0,0,0.027841893,0.00365536,0.013077041,0,0,0.044749377,2021,35.8039150943396,-12.4810377358491,38.0779451513822,-12.7932833479596,0.0765691792733603,-11.4133802856975,0.812874347778502,-1.06765745015155,0.213275143052886
2022,"LU15","LU15_07",-0.0483641434958951,-112.98846,2,0,0,0,0,0,-1.41327601467796,-0.104724515084592,-0.326302868870141,-0.322634265841438,-0.350012030414828,0.015947047,0.015876657,0,0,0.015876657,0,0.007789127,0,0,0.02121132,2021,37.7498113207547,-12.7579716981132,38.0779451513822,-12.7932833479596,0.328281434515268,-11.6723028947015,0.824389441806248,-1.08566880341171,-0.382681624373796
2023,"LU15","LU15_07",-0.0483641434958951,-112.98846,14,1,4,0,0,1,-1.41327601467796,-0.104724515084592,-0.326302868870141,-0.322634265841438,-0.350012030414828,0.015947047,0.015876657,0,0,0.015876657,0,0.007789127,0,0,0.02121132,2022,11.9967452830189,-11.7900471698113,13.6092764370338,-11.9164168494954,0.205501140664441,-11.8583933971214,-0.870957852161889,0.068346227310073,-0.212408262251887
2023,"LU15","LU15_08",-0.0446095754783381,-112.806392,14,9,6,0,5,4,-1.99231771579342,-0.141361133459605,-0.843075190362367,-0.703858546837129,-0.682332090336889,0.008573108,0.010302786,0,0,0.010302786,0.00036597,0.005318402,0,0,0.012764804,2022,12.6533018867925,-11.6168396226415,13.6092764370338,-11.9164168494954,0.183796634884047,-11.6739445507477,-0.815793341530687,0.0571049281061899,-0.127271581190932
2022,"LU15","LU15_08",-0.0446095754783381,-112.806392,2,1,0,0,0,0,-1.99231771579342,-0.141361133459605,-0.843075190362367,-0.703858546837129,-0.682332090336889,0.008573108,0.010302786,0,0,0.010302786,0.00036597,0.005318402,0,0,0.012764804,2021,39.2371698113208,-12.5690094339623,38.0779451513822,-12.7932833479596,0.272601479157934,-11.4806339064359,0.952489672829921,-1.08837552752641,-0.382681624373796
2023,"LU15","LU15_09",-0.0436095002834037,-112.97829,14,1,2,0,1,0,-1.73281268529958,-0.0329099845750362,-0.558582822605817,-0.341697397352745,-0.485495556359366,0.014745106,0.01005837,0,0,0.01005837,0,0.006389239,0,0,0.022898498,2022,11.9967452830189,-11.7900471698113,13.6092764370338,-11.9164168494954,0.205501140664441,-11.8583933971214,-0.870957852161889,0.068346227310073,-0.297544943312842
2022,"LU15","LU15_09",-0.0436095002834037,-112.97829,2,0,0,0,0,0,-1.73281268529958,-0.0329099845750362,-0.558582822605817,-0.341697397352745,-0.485495556359366,0.014745106,0.01005837,0,0,0.01005837,0,0.006389239,0,0,0.022898498,2021,37.7498113207547,-12.7579716981132,38.0779451513822,-12.7932833479596,0.328281434515268,-11.6723028947015,0.824389441806248,-1.08566880341171,-0.382681624373796
2023,"LU15","LU15_10",-0.0436209297142066,-112.9125,14,10,22,9,7,6,-1.74943031357166,-0.143618634181135,-0.390709953646777,-0.296162521530497,-0.456691452114213,0.013678844,0.016808491,0,0,0.016808491,0,0.003995605,0,0,0.028543162,2022,13.1271698113208,-11.6587735849057,13.6092764370338,-11.9164168494954,0.189209892440734,-11.7206322201948,-0.786114947955461,0.0618586352890915,0.553821867296703
2022,"LU15","LU15_10",-0.0436209297142066,-112.9125,2,2,4,0,0,0,-1.74943031357166,-0.143618634181135,-0.390709953646777,-0.296162521530497,-0.456691452114213,0.013678844,0.016808491,0,0,0.016808491,0,0.003995605,0,0,0.028543162,2021,40.0256603773585,-12.6115566037736,38.0779451513822,-12.7932833479596,0.296185560593904,-11.5304065379135,0.994863091323822,-1.08115006586006,0.809231910479567
2022,"LU15","LU15_11",-0.0479755428487194,-112.83254,2,0,0,0,0,0,-1.90686296544065,-0.120168375698285,-0.639560410774327,-0.372839786144938,-0.567143420113299,0.013578295,0.016725293,0,0,0.016725293,0,0.006835444,0,0,0.022124889,2021,38.6743396226415,-12.5044339622642,38.0779451513822,-12.7932833479596,0.20000704709664,-11.4236729362624,0.9490577220684,-1.08076102600172,-0.382681624373796
2023,"LU15","LU15_11",-0.0479755428487194,-112.83254,14,0,1,0,0,0,-1.90686296544065,-0.120168375698285,-0.639560410774327,-0.372839786144938,-0.567143420113299,0.013578295,0.016725293,0,0,0.016725293,0,0.006835444,0,0,0.022124889,2022,12.4677358490566,-11.5639622641509,13.6092764370338,-11.9164168494954,0.0928427737174048,-11.6178018147363,-0.784695806054018,0.0538395505853071,-0.340113283843319
2022,"LU15","LU15_12",-0.0854297875778343,-112.82142,2,0,0,0,0,0,-1.65971659217581,-0.164522498482442,-0.197936449153848,-0.0090397906340404,-0.320607029977688,0.016425888,0.016337346,0,0,0.016337346,0.001856746,0.003155389,0,0,0.038620771,2021,37.9121698113208,-12.4854245283019,38.0779451513822,-12.7932833479596,0.114142001981767,-11.4014857008319,0.938427768654744,-1.08393882747001,-0.382681624373796
2022,"LU15","LU15_14",-0.0970992364238612,-113.07427,2,1,1,0,1,0,-0.208855860592849,0.34665766123533,-0.0126147116637831,0.171053301845037,-0.0700022564038141,0.016908532,0.008862737,0,0,0.004522455,0.002549826,0.01746049,0,0,0.034172152,2021,37.085,-12.7174528301887,38.0779451513822,-12.7932833479596,0.243722696418721,-11.6517798886022,0.819763706077001,-1.0656729415865,-0.0847032406604554
2023,"LU15","LU15_14",-0.0970992364238612,-113.07427,14,13,2,6,7,6,-0.208855860592849,0.34665766123533,-0.0126147116637831,0.171053301845037,-0.0700022564038141,0.016908532,0.008862737,0,0,0.004522455,0.002549826,0.01746049,0,0,0.034172152,2022,13.1937735849057,-11.7418396226415,13.6092764370338,-11.9164168494954,0.14126933280361,-11.831174613153,-0.758523440797138,0.0893349905115191,-0.297544943312842
2022,"LU15","LU15_15",-0.0808237269657396,-113.06137,2,1,0,0,0,1,0.0970347640983152,1.79246256605165,0.443004988615767,0.362430467806424,0.36230630741927,0.027372109,0.013424192,0,0,0.006817618,0,0.015285571,0,0,0.03515929,2021,37.3159433962264,-12.7219811320755,38.0779451513822,-12.7932833479596,0.281914575189506,-11.6531301138484,0.817130240513033,-1.06885101822705,-0.382681624373796
2023,"LU15","LU15_15",-0.0808237269657396,-113.06137,14,9,2,0,3,9,0.0970347640983152,1.79246256605165,0.443004988615767,0.362430467806424,0.36230630741927,0.027372109,0.013424192,0,0,0.006817618,0,0.015285571,0,0,0.03515929,2022,13.2159433962264,-11.747641509434,13.6092764370338,-11.9164168494954,0.180344683263156,-11.8338589407837,-0.775804166783006,0.0862174313497697,-0.297544943312842
2022,"LU15","LU15_16",-0.0873956496753026,-112.76156,2,0,3,0,0,0,-1.52985330680618,-0.473482765898291,-0.433243638451699,0.43131844098309,-0.599489083969219,0.020048057,0.023413932,0,0,0.023413932,0,0.006906721,0.023260646,0,0.030554719,2021,37.6684433962264,-12.4372641509434,38.0779451513822,-12.7932833479596,0.139032245513703,-11.3554684826815,0.909854737748873,-1.08179566826194,0.511253526766226
2023,"LU15","LU15_16",-0.0873956496753026,-112.76156,14,3,5,0,1,2,-1.52985330680618,-0.473482765898291,-0.433243638451699,0.43131844098309,-0.599489083969219,0.020048057,0.023413932,0,0,0.023413932,0,0.006906721,0.023260646,0,0.030554719,2022,11.9505188679245,-11.4956132075472,13.6092764370338,-11.9164168494954,0.0316359687694439,-11.5521972975374,-0.790496637122805,0.0565840899902597,-0.16983992172141
2023,"LU15","LU15_17",-0.0856240879014182,-112.74088,14,0,0,0,0,0,-0.180507989239235,-1.84474455253005,-0.696732093924814,0.267693696051934,-0.833225260492962,0.012985612,0.004603549,0,0,0,0.002573309,0.009774087,0.024802321,0,0.02570947,2022,11.9144339622641,-11.4839622641509,13.6092764370338,-11.9164168494954,0.0265849684395581,-11.5419717863324,-0.790525886137093,0.0580095221815,-0.382681624373796
2022,"LU15","LU15_17",-0.0856240879014182,-112.74088,2,0,0,0,0,0,-0.180507989239235,-1.84474455253005,-0.696732093924814,0.267693696051934,-0.833225260492962,0.012985612,0.004603549,0,0,0,0.002573309,0.009774087,0.024802321,0,0.02570947,2021,37.4921698113208,-12.4274528301887,38.0779451513822,-12.7932833479596,0.118673400837522,-11.3446077392713,0.907636748416743,-1.08284509091733,-0.382681624373796
2022,"LU15","LU15_18",-0.0486613086966723,-112.93424,2,0,2,0,0,0,-1.5553617980292,0.241116235464627,-0.446651964065202,-0.0634931134691279,-0.453803386015132,0.016262149,0.013160587,0,0,0.013160587,2.85e-05,0.009732313,0,0,0.031386651,2021,37.5755660377358,-12.6246698113208,38.0779451513822,-12.7932833479596,0.217445208308967,-11.5436132928658,0.865819452787552,-1.08105651845492,0.213275143052886
2023,"LU15","LU15_18",-0.0486613086966723,-112.93424,14,1,13,0,1,0,-1.5553617980292,0.241116235464627,-0.446651964065202,-0.0634931134691279,-0.453803386015132,0.016262149,0.013160587,0,0,0.013160587,2.85e-05,0.009732313,0,0,0.031386651,2022,12.0330660377358,-11.672358490566,13.6092764370338,-11.9164168494954,0.100458099714011,-11.7337252683206,-0.817969221587504,0.0613667777545857,0.170706802522409
2022,"LU15","LU15_19",-0.0476783776479341,-112.85681,2,0,0,0,0,0,-1.95197696553015,-0.0131749258194216,-0.515379650209524,-0.290787876882855,-0.454970829129097,0.014442302,0.015765303,0,0,0.015765303,0.003411362,0.010120596,0,0,0.021912589,2021,38.0905188679245,-12.4951886792453,38.0779451513822,-12.7932833479596,0.18297145046501,-11.4151520182664,0.917478033742944,-1.08003666097888,-0.382681624373796
2023,"LU15","LU15_19",-0.0476783776479341,-112.85681,14,0,1,0,0,0,-1.95197696553015,-0.0131749258194216,-0.515379650209524,-0.290787876882855,-0.454970829129097,0.014442302,0.015765303,0,0,0.015765303,0.003411362,0.010120596,0,0,0.021912589,2022,12.7981132075472,-11.5568396226415,13.6092764370338,-11.9164168494954,0.081336996071061,-11.6096064952714,-0.756656280811337,0.0527668726298582,-0.340113283843319
2022,"LU15","LU15_20",-0.0452324794568996,-113.06107,2,2,0,0,2,1,0.710412156684362,-1.45883342074402,-0.217106575381702,-0.159297431926284,-0.253756653515635,0.016417162,0.007087021,0,0,0.007087021,0.000782301,0.017771852,0,0,0.018595398,2021,39.1806603773585,-12.9450471698113,38.0779451513822,-12.7932833479596,0.520458965537,-11.8659741536917,0.829447430298355,-1.07907301611964,-0.382681624373796
2023,"LU15","LU15_20",-0.0452324794568996,-113.06107,14,6,15,0,2,4,0.710412156684362,-1.45883342074402,-0.217106575381702,-0.159297431926284,-0.253756653515635,0.016417162,0.007087021,0,0,0.007087021,0.000782301,0.017771852,0,0,0.018595398,2022,12.8452358490566,-11.9310377358491,13.6092764370338,-11.9164168494954,0.389477601280353,-12.0418516772665,-0.901628387967899,0.110813941417467,0.255843483583362
2022,"LU15","LU15_21",-0.042295115741496,-113.01251,2,0,0,0,0,0,-0.383404825211313,-0.396099067528543,-0.3736446517894,-0.294651874480342,-0.410594833029703,0.015211282,0.012086981,0,0,0.012086981,0.001251269,0.010159613,0,0,0.020919197,2021,38.6991037735849,-12.9058018867925,38.0779451513822,-12.7932833479596,0.454784237269639,-11.8093080560706,0.828224499573809,-1.09649383072189,-0.382681624373796
2023,"LU15","LU15_21",-0.042295115741496,-113.01251,14,2,10,1,0,1,-0.383404825211313,-0.396099067528543,-0.3736446517894,-0.294651874480342,-0.410594833029703,0.015211282,0.012086981,0,0,0.012086981,0.001251269,0.010159613,0,0,0.020919197,2022,12.7797641509434,-11.9081603773585,13.6092764370338,-11.9164168494954,0.324910798952363,-11.9898791872602,-0.875038913430368,0.0817188099017283,0.0430017809309762
2022,"LU15","LU15_22",0.16088587557663,-112.88847,2,1,0,0,0,1,-1.55781379761796,0.287754399881161,0.0637250691146726,0.353942094907903,-0.042205204164757,0.009799764,0.028524777,0,0,0.011893277,0.001852159,0.000115422,0.041099477,0,0.011442478,2021,42.0666509433962,-12.9856132075472,38.0779451513822,-12.7932833479596,0.743089310732987,-11.8912722000755,0.918990376288482,-1.09434100747167,-0.382681624373796
2023,"LU15","LU15_22",0.16088587557663,-112.88847,14,9,9,4,4,4,-1.55781379761796,0.287754399881161,0.0637250691146726,0.353942094907903,-0.042205204164757,0.009799764,0.028524777,0,0,0.011893277,0.001852159,0.000115422,0.041099477,0,0.011442478,2022,13.9248113207547,-11.9653773584906,13.6092764370338,-11.9164168494954,0.656556695705962,-12.0761400521278,-0.956519960179624,0.110762693637213,0.000433440400499234
2022,"LU15","LU15_23",-0.0589820847083909,-113.05704,2,0,2,0,0,0,-1.51639556012368,0.168885179029873,-0.313507273476917,-0.279819705186382,-0.238839470359518,0.018362053,0.014845172,0,0,0.014845172,0,0.013025211,0,0,0.015614477,2021,38.2057547169811,-12.8168396226415,38.0779451513822,-12.7932833479596,0.386882568345929,-11.7420320578355,0.82726914198171,-1.07480756480603,0.213275143052886
2023,"LU15","LU15_23",-0.0589820847083909,-113.05704,14,5,4,0,0,5,-1.51639556012368,0.168885179029873,-0.313507273476917,-0.279819705186382,-0.238839470359518,0.018362053,0.014845172,0,0,0.014845172,0,0.013025211,0,0,0.015614477,2022,13.0355660377358,-11.8258490566038,13.6092764370338,-11.9164168494954,0.271026238374016,-11.9208565772792,-0.831700130567083,0.0950075206754164,-0.212408262251887
2022,"LU15","LU15_24",-0.0481584137415085,-113.04411,2,1,0,0,1,0,-0.585597750906681,-0.983409653140437,-0.274003901254178,0.00947484267195885,-0.358210582770738,0.019374521,0.011311933,0,0,0.00730778,0,0.012469647,0,0,0.028017313,2021,38.8860377358491,-12.9207547169811,38.0779451513822,-12.7932833479596,0.461549459742554,-11.832383201493,0.837705772671689,-1.08837151548813,-0.382681624373796
2023,"LU15","LU15_24",-0.0481584137415085,-113.04411,14,5,16,2,1,3,-0.585597750906681,-0.983409653140437,-0.274003901254178,0.00947484267195885,-0.358210582770738,0.019374521,0.011311933,0,0,0.00730778,0,0.012469647,0,0,0.028017313,2022,12.7885849056604,-11.9138679245283,13.6092764370338,-11.9164168494954,0.330707963720684,-12.0100331664629,-0.877225820580357,0.0961652419346191,0.298411824113838
2022,"LU15","LU15_25",-0.0490156210514476,-112.96203,2,0,0,0,0,0,-0.938682927714965,0.329396526329874,-0.502683704357435,-0.287153849616234,-0.442331803247319,0.016509862,0.014242879,0.001449123,0,0.012793756,0,0.009434044,0,0,0.020705942,2021,37.3586320754717,-12.6417924528302,38.0779451513822,-12.7932833479596,0.238540066545879,-11.5654438105877,0.840896789389208,-1.07634864224244,-0.382681624373796
2023,"LU15","LU15_25",-0.0490156210514476,-112.96203,14,0,2,0,0,0,-0.938682927714965,0.329396526329874,-0.502683704357435,-0.287153849616234,-0.442331803247319,0.016509862,0.014242879,0.001449123,0,0.012793756,0,0.009434044,0,0,0.020705942,2022,12.1754716981132,-11.6930188679245,13.6092764370338,-11.9164168494954,0.123593069754738,-11.7547408736983,-0.819393452621071,0.0617220057737313,-0.297544943312842
2022,"LU15","LU15_26",-0.134016297905412,-113.00198,2,1,0,0,0,1,-0.886034022702391,0.609240533100794,-0.277810720928082,0.03266799872503,-0.530911103951062,0.01889048,0.009108915,0,0,0.009108915,0,0.009431677,0,0,0.03319188,2021,35.1095283018868,-12.4806132075472,38.0779451513822,-12.7932833479596,0.00503640359789691,-11.425216348274,0.799969747042384,-1.05539685927313,-0.382681624373796
2023,"LU15","LU15_26",-0.134016297905412,-113.00198,14,0,4,0,0,0,-0.886034022702391,0.609240533100794,-0.277810720928082,0.03266799872503,-0.530911103951062,0.01889048,0.009108915,0,0,0.009108915,0,0.009431677,0,0,0.03319188,2022,11.4548113207547,-11.5464622641509,13.6092764370338,-11.9164168494954,-0.107156013467277,-11.6129527811653,-0.757522097699132,0.0664905170143282,-0.212408262251887
2022,"LU15","LU15_27",-0.133079084579869,-112.9838,2,0,1,0,0,0,-0.472980507443902,-0.0719466079563189,-0.329739602443943,0.0654983163903185,-0.541450780491955,0.02022511,0.012511714,0,0,0.012511714,0,0.008221385,0,0,0.033321951,2021,34.4571698113208,-12.4629245283019,38.0779451513822,-12.7932833479596,-0.0266413658400037,-11.4054160752467,0.77076232197709,-1.05750845305521,-0.0847032406604554
2023,"LU15","LU15_27",-0.133079084579869,-112.9838,14,0,25,0,0,0,-0.472980507443902,-0.0719466079563189,-0.329739602443943,0.0654983163903185,-0.541450780491955,0.02022511,0.012511714,0,0,0.012511714,0,0.008221385,0,0,0.033321951,2022,11.3001886792453,-11.5301886792453,13.6092764370338,-11.9164168494954,-0.139610990898228,-11.5943192714393,-0.752448216747412,0.064130592193985,0.681526888888138
2022,"LU15","LU15_28",-0.13376485042783,-112.94679,2,0,0,0,0,0,-1.73748453637595,-0.313832906369877,-0.297289926371426,-0.0140631646675442,-0.307273855846807,0.020512866,0.018194729,0,0,0.018194729,0.002549553,0.010894589,0,0,0.028345312,2021,34.5287735849057,-12.4483962264151,38.0779451513822,-12.7932833479596,-0.0313549734281591,-11.3852113646411,0.777906963058569,-1.06318486177403,-0.382681624373796
2023,"LU15","LU15_28",-0.13376485042783,-112.94679,14,0,0,0,0,0,-1.73748453637595,-0.313832906369877,-0.297289926371426,-0.0140631646675442,-0.307273855846807,0.020512866,0.018194729,0,0,0.018194729,0.002549553,0.010894589,0,0,0.028345312,2022,11.3228301886792,-11.5197641509434,13.6092764370338,-11.9164168494954,-0.146342639041124,-11.5750874910393,-0.747668601868286,0.0553233400958533,-0.382681624373796
2022,"LU15","LU15_29",-0.132884784256285,-112.91135,2,0,0,0,0,0,-1.70819703037595,-0.174022431414999,-0.582313830723503,-0.278312309484026,-0.531851820279663,0.019515261,0.012762378,0,0,0.012762378,0.002549523,0.005120389,0,0,0.022438416,2021,34.8132075471698,-12.4638679245283,38.0779451513822,-12.7932833479596,0.0271895905074029,-11.3946193027081,0.769130028797654,-1.06924862182015,-0.382681624373796
2023,"LU15","LU15_29",-0.132884784256285,-112.91135,14,0,3,0,0,0,-1.70819703037595,-0.174022431414999,-0.582313830723503,-0.278312309484026,-0.531851820279663,0.019515261,0.012762378,0,0,0.012762378,0.002549523,0.005120389,0,0,0.022438416,2022,11.3618396226415,-11.5347169811321,13.6092764370338,-11.9164168494954,-0.0930915272407299,-11.584454862666,-0.770619158784201,0.0497378815338774,-0.254976602782365
2023,"LU15","LU15_30",-0.132427607024316,-112.88976,14,1,1,0,1,0,-1.69739331183687,-0.355501597706217,-0.573580571738308,-0.379522097866996,-0.489564594648098,0.019306319,0.011309289,0,0,0.011309289,0,0.000744172,0,0,0.022167519,2022,11.3574528301887,-11.5316037735849,13.6092764370338,-11.9164168494954,-0.0901017427468348,-11.5783879549316,-0.772355765493138,0.0467841813466876,-0.340113283843319
2022,"LU15","LU15_30",-0.132427607024316,-112.88976,2,0,0,0,0,0,-1.69739331183687,-0.355501597706217,-0.573580571738308,-0.379522097866996,-0.489564594648098,0.019306319,0.011309289,0,0,0.011309289,0,0.000744172,0,0,0.022167519,2021,34.7705188679245,-12.4603773584906,38.0779451513822,-12.7932833479596,0.0307292340134355,-11.3874739114943,0.764519737385659,-1.07290344699627,-0.382681624373796
2022,"LU15","LU15_31",-0.132484754178314,-112.87377,2,1,0,0,0,1,-1.72398864942796,-0.307999691934022,-0.544565662676401,-0.26433266025656,-0.495301253540101,0.019802559,0.011752529,0,0,0.011752529,0,0.004247891,0,0,0.023694361,2021,34.7802358490566,-12.4506132075472,38.0779451513822,-12.7932833479596,0.0435091780684759,-11.3740650420397,0.759035923540995,-1.07654816550745,-0.382681624373796
2023,"LU15","LU15_31",-0.132484754178314,-112.87377,14,0,0,0,0,0,-1.72398864942796,-0.307999691934022,-0.544565662676401,-0.26433266025656,-0.495301253540101,0.019802559,0.011752529,0,0,0.011752529,0,0.004247891,0,0,0.023694361,2022,11.4574528301887,-11.5225,13.6092764370338,-11.9164168494954,-0.0767111389354704,-11.5664348670504,-0.77198283716962,0.0439348670503872,-0.382681624373796
2022,"LU15","LU15_32",-0.132941931410283,-112.85918,2,0,3,0,0,0,-1.67702337366579,-0.457553324754246,-0.545351189903389,-0.217452372546663,-0.51134133647616,0.01952537,0.008000446,0,0,0.008000446,0,0.005806965,0,0,0.024661797,2021,35.4060377358491,-12.4130188679245,38.0779451513822,-12.7932833479596,0.0481604779063873,-11.3337814362839,0.799431023301977,-1.07923743164059,0.511253526766226
2023,"LU15","LU15_32",-0.132941931410283,-112.85918,14,2,4,0,2,0,-1.67702337366579,-0.457553324754246,-0.545351189903389,-0.217452372546663,-0.51134133647616,0.01952537,0.008000446,0,0,0.008000446,0,0.005806965,0,0,0.024661797,2022,12.0081132075472,-11.488679245283,13.6092764370338,-11.9164168494954,-0.0595497387562233,-11.5278952558509,-0.742722650695778,0.0392160105678361,-0.212408262251887
2022,"LU15","LU15_34",-0.0873385025213045,-112.99898,2,0,0,0,0,0,0.278256955504137,0.134062708030598,-0.351776338826572,0.316363037888267,-0.473597881968809,0.017264988,0.012162346,0,0,0.012162346,0,0.018933351,0,0,0.039408311,2021,36.0517452830189,-12.5757547169811,38.0779451513822,-12.7932833479596,0.127335685521345,-11.5147249084594,0.805344236705259,-1.06102980852171,-0.382681624373796
2023,"LU15","LU15_34",-0.0873385025213045,-112.99898,14,0,1,0,0,0,0.278256955504137,0.134062708030598,-0.351776338826572,0.316363037888267,-0.473597881968809,0.017264988,0.012162346,0,0,0.012162346,0,0.018933351,0,0,0.039408311,2022,11.9646698113208,-11.6343396226415,13.6092764370338,-11.9164168494954,0.0117882589222331,-11.7018116944699,-0.77998802439946,0.0674720718284334,-0.340113283843319
2022,"LU15","LU15_36",-0.087372790813705,-112.95157,2,0,0,0,0,0,-1.51984365041259,-0.344382644105796,-0.13131688152844,0.294327194915879,-0.441712058163458,0.019787563,0.0154729,0,0,0.0154729,0.003959531,0.013924968,0,0,0.040578521,2021,35.919858490566,-12.5272169811321,38.0779451513822,-12.7932833479596,0.0734951131114058,-11.4601261907164,0.822251121228637,-1.06709079041572,-0.382681624373796
2023,"LU15","LU15_36",-0.087372790813705,-112.95157,14,0,1,0,0,0,-1.51984365041259,-0.344382644105796,-0.13131688152844,0.294327194915879,-0.441712058163458,0.019787563,0.0154729,0,0,0.0154729,0.003959531,0.013924968,0,0,0.040578521,2022,11.8965094339623,-11.5881603773585,13.6092764370338,-11.9164168494954,-0.0395019420119208,-11.6505436727383,-0.759966320243,0.0623832953797887,-0.340113283843319
2022,"LU15","LU15_37",-0.0844811448214966,-112.86945,2,0,0,0,0,0,-1.39877374096636,-0.42612071980518,-0.18215178317243,0.304592471070535,-0.416146844342309,0.017868399,0.01788597,0,0,0.01788597,0,0.008860563,0,0,0.048312935,2021,38.6691509433962,-12.4930660377358,38.0779451513822,-12.7932833479596,0.125705955590659,-11.414262316697,0.984435031517397,-1.07880372103883,-0.382681624373796
2023,"LU15","LU15_37",-0.0844811448214966,-112.86945,14,0,0,0,0,0,-1.39877374096636,-0.42612071980518,-0.18215178317243,0.304592471070535,-0.416146844342309,0.017868399,0.01788597,0,0,0.01788597,0,0.008860563,0,0,0.048312935,2022,13.2383490566038,-11.5577830188679,13.6092764370338,-11.9164168494954,0.0325929398184946,-11.6072831374477,-0.703225220295326,0.049500118579779,-0.382681624373796
2022,"LU15","LU15_40",-0.0844011388059009,-112.73063,2,0,0,0,0,0,0.336831527645914,-2.12990083568394,-0.78279165980313,0.200022164633553,-0.904958242564621,0.008047534,0.003179645,0,0,0,0.001251004,0.009717963,0.026946955,0,0.025312151,2021,37.8165094339623,-12.4335377358491,38.0779451513822,-12.7932833479596,0.16125452364038,-11.3470549962676,0.909255017943386,-1.08648273958144,-0.382681624373796
2023,"LU15","LU15_40",-0.0844011388059009,-112.73063,14,1,0,0,0,1,0.336831527645914,-2.12990083568394,-0.78279165980313,0.200022164633553,-0.904958242564621,0.008047534,0.003179645,0,0,0,0.001251004,0.009717963,0.026946955,0,0.025312151,2022,11.951179245283,-11.4895283018868,13.6092764370338,-11.9164168494954,0.072449551028694,-11.5447842016888,-0.810078564286345,0.0552558998020309,-0.382681624373796
2022,"LU15","LU15_41",-0.06976003795207,-113.05862,2,0,1,0,0,0,-0.321937307848196,0.68533963657603,-0.373097847963546,-0.308404596305013,-0.294428795104306,0.018769975,0.011633959,0,0,0.011515526,0,0.012081456,0,0,0.014778804,2021,37.7106603773585,-12.7730660377358,38.0779451513822,-12.7932833479596,0.346867453955519,-11.6993462514878,0.812784475813105,-1.07371978624802,-0.0847032406604554
2023,"LU15","LU15_41",-0.06976003795207,-113.05862,14,8,3,0,1,8,-0.321937307848196,0.68533963657603,-0.373097847963546,-0.308404596305013,-0.294428795104306,0.018769975,0.011633959,0,0,0.011515526,0,0.012081456,0,0,0.014778804,2022,13.3471226415094,-11.7898113207547,13.6092764370338,-11.9164168494954,0.238657161938097,-11.8790858209803,-0.794909754728662,0.0892745002255388,-0.254976602782365
2022,"LU15","LU15_43",-0.0498842577921896,-112.89617,2,0,0,0,0,0,-1.10664305764675,-0.293761311737661,-0.531650237205572,-0.360212051500718,-0.463228594819763,0.014594031,0.018977729,0,0,0.018977729,0.003421781,0.004786744,0,0,0.023763733,2021,39.7521698113208,-12.5665566037736,38.0779451513822,-12.7932833479596,0.255213720246523,-11.489081814476,0.995934951467885,-1.07747478929762,-0.382681624373796
2023,"LU15","LU15_43",-0.0498842577921896,-112.89617,14,0,4,0,0,0,-1.10664305764675,-0.293761311737661,-0.531650237205572,-0.360212051500718,-0.463228594819763,0.014594031,0.018977729,0,0,0.018977729,0.003421781,0.004786744,0,0,0.023763733,2022,13.0206603773585,-11.6203773584906,13.6092764370338,-11.9164168494954,0.148774555418786,-11.6803154369081,-0.773925733578679,0.0599380784175292,-0.212408262251887
2022,"LU15","LU15_44",-0.0473926418779598,-112.87608,2,0,1,0,0,0,-1.48159303681063,-0.483977164426607,-0.571881442530132,-0.217749162243193,-0.54011628974885,0.014910183,0.012628183,0,0,0.012628183,0,0.006641043,0,0,0.028428666,2021,39.4566509433962,-12.5366037735849,38.0779451513822,-12.7932833479596,0.234687759984586,-11.4589257535436,0.985673909820739,-1.07767802004132,-0.0847032406604554
2023,"LU15","LU15_44",-0.0473926418779598,-112.87608,14,0,9,0,0,0,-1.48159303681063,-0.483977164426607,-0.571881442530132,-0.217749162243193,-0.54011628974885,0.014910183,0.012628183,0,0,0.012628183,0,0.006641043,0,0,0.028428666,2022,12.9344339622642,-11.593820754717,13.6092764370338,-11.9164168494954,0.132397681974222,-11.6514497914244,-0.771924283456364,0.0576290367074073,0.000433440400499234
2022,"LU15","LU15_46",-0.0482155608954984,-113.0253,2,1,1,0,0,1,-0.0978455445297853,-0.748670173153756,-0.492363459895315,-0.218975107941199,-0.453185119408105,0.016496451,0.011110798,0,0,0.008926924,0.000442385,0.009829899,0,0,0.022954445,2021,38.9752830188679,-12.9405660377358,38.0779451513822,-12.7932833479596,0.480228645975936,-11.8433047686589,0.834802815476689,-1.09726126907691,-0.0847032406604554
2023,"LU15","LU15_46",-0.0482155608954984,-113.0253,14,5,10,1,2,1,-0.0978455445297853,-0.748670173153756,-0.492363459895315,-0.218975107941199,-0.453185119408105,0.016496451,0.011110798,0,0,0.008926924,0.000442385,0.009829899,0,0,0.022954445,2022,12.8467452830189,-11.9325471698113,13.6092764370338,-11.9164168494954,0.349123427189594,-12.0217480239598,-0.882119571058515,0.0892008541484355,0.0430017809309762
2022,"LU15","LU15_58",-0.037266166189825,-112.9139,2,0,1,0,0,0,-1.46817695192112,-0.981707349346752,-0.651740062446538,-0.417431333424022,-0.701472113878694,0.006520469,0.004730804,0,0,0.004730804,0.001910408,0.003116204,0,0,0.030762448,2021,40.1888679245283,-12.6404716981132,38.0779451513822,-12.7932833479596,0.318835099507736,-11.557062953841,0.99508939932345,-1.08340874427219,-0.0847032406604554
2023,"LU15","LU15_58",-0.037266166189825,-112.9139,14,1,22,0,0,0,-1.46817695192112,-0.981707349346752,-0.651740062446538,-0.417431333424022,-0.701472113878694,0.006520469,0.004730804,0,0,0.004730804,0.001910408,0.003116204,0,0,0.030762448,2022,13.1984905660377,-11.686179245283,13.6092764370338,-11.9164168494954,0.209901772307235,-11.7472789927848,-0.79120687611088,0.0610997475017818,0.553821867296703
2022,"LU15","LU15_61",0.149742180547365,-112.9044,2,1,8,0,0,1,-1.2840072771068,-0.075199846953747,0.651107040503151,0.541050532996739,0.472695355764963,0.014293509,0.006609097,0,0,0,0.002726888,0.006101119,0.033336408,0,0.005593909,2021,43.3547169811321,-13.0169339622642,38.0779451513822,-12.7932833479596,0.727311951728232,-11.9115551172327,1.0143252610371,-1.10537884503142,2.00114544533293
2023,"LU15","LU15_61",0.149742180547365,-112.9044,14,11,13,4,3,9,-1.2840072771068,-0.075199846953747,0.651107040503151,0.541050532996739,0.472695355764963,0.014293509,0.006609097,0,0,0,0.002726888,0.006101119,0.033336408,0,0.005593909,2022,14.3402830188679,-11.9931603773585,13.6092764370338,-11.9164168494954,0.638355166910817,-12.0964732394595,-0.919463571601641,0.103312862101028,0.170706802522409
2024,"LU16","LU16_02",1.09199588506767,-111.00751,16,0,1,0,0,0,-1.97853018832145,-0.00925229173727932,0.0449756535805061,1.9835955780534,-0.581881669776186,0.0129078735245948,0,0,0,0,0.0194118207197463,0.010208373885745,0.0764526090904823,0,0.0386842405151877,2023,28.5276995305164,-11.2784037558685,16.2434159842778,-9.26000327546675,1.35729276558099,-13.8272385648847,-0.298696970291251,2.54883480901614,-0.345434326409629
2024,"LU16","LU16_03",1.09647622194097,-110.98463,16,0,7,0,0,0,-1.95366972326908,-0.00511402615010581,0.36046055142434,2.34530909221476,-0.371821605644192,0.0276149328978234,0.010200744049443,0,0,0,0.0193614005416709,0.00796373510066927,0.0665154108547275,0,0.0470014754747861,2023,30.8468075117371,-11.4501877934272,16.2434159842778,-9.26000327546675,1.52853060401991,-14.0432092396128,-0.223057869511329,2.59302144618556,-0.121950538624623
2024,"LU16","LU16_15",1.14182820335237,-111.0137,16,0,13,0,0,0,-1.80750788387743,0.0685289913267801,-0.258582016501516,0.745604348917499,-0.511218639808977,0.0073025147469342,0.00237210581828678,0,0,0,0.0182712759751711,0.00878907189318678,0.0728974887287344,0,0.00712639925497119,2023,27.3202816901408,-11.251220657277,16.2434159842778,-9.26000327546675,1.13844427092862,-13.8054189801078,-0.27570817611217,2.5541983228308,0.101533249160383
2024,"LU16","LU16_20",1.15088031254537,-110.98528,16,0,14,0,0,0,-1.96339731590201,-0.00673327831429871,-0.433076204180608,0.488044315556937,-0.617681260135222,0.0315400927204073,0,0,0,0,0.00914034931565876,0.00473929191825537,0.0421425127447922,0,0,2023,25.651455399061,-11.3310798122066,16.2434159842778,-9.26000327546675,1.17404992606327,-13.9014162732677,-0.406517080160906,2.57033646106108,0.13878054712455
2024,"LU16","LU16_200",1.24575601760988,-111.16485,16,1,26,0,0,1,1.33677218685205,1.62475380515133,0.394189485973619,-0.857904202552311,0.718549737255216,0.00693385393800166,0,0,0,0,0.0117877569257595,0.00375761433742913,0.00174654488840933,0.13027529898128,0,2023,14.3895774647887,-10.3070422535211,16.2434159842778,-9.26000327546675,-0.43415215277484,-12.5073238536871,-0.400345549722082,2.200281600166,0.585748122694562
2024,"LU16","LU16_201",1.22051983440515,-111.22929,16,1,17,0,1,0,1.56675729627879,1.33077418217684,3.04805020204201,-0.933255401495362,3.63097511991501,0.00784891216548135,0,0,0,0,0.00947150802794555,0.00383189483686508,0,0.288028632421121,0,2023,15.1221126760563,-10.317558685446,16.2434159842778,-9.26000327546675,-0.348166488851212,-12.5445974223153,-0.391792416252932,2.22703873686926,0.250522441017053
2024,"LU16","LU16_202",1.21113627171897,-111.238,16,0,12,0,0,0,2.01169459407261,1.84128326562299,1.84455786632684,-0.957104663322623,2.32902056816996,0.00741364207715161,0.0042624478051442,0,0,0,0.0125765095726561,0.00349603149139955,0,0.395725458007091,0,2023,14.5384976525822,-10.2661971830986,16.2434159842778,-9.26000327546675,-0.432385024304368,-12.4762509784168,-0.391050369322966,2.21005379531817,0.0642859511962151
2024,"LU16","LU16_203",1.1925634466702,-111.26814,16,1,7,0,1,1,1.74618096722467,2.36712146062675,2.35402872353881,-0.879442516510912,2.85828744217682,0.00946963952808136,0.00193907941664246,0,0,0,0.00999542065222505,0.000231248349175568,0,0.441317825519615,0,2023,15.6217370892019,-10.2991549295775,16.2434159842778,-9.26000327546675,-0.299149675353408,-12.5500217409939,-0.381327987925166,2.25086681141643,-0.121950538624623
2024,"LU16","LU16_22",1.1593152324752,-111.04905,16,0,0,0,0,0,-1.32722828914064,-0.110486191329651,-0.466248300913066,0.891375168742551,-0.784425289370234,0.0341454892643763,0.00706590588017939,0,0,0,0.0152187372722258,0.0147377843612741,0.0463097067277784,0,0.00641257466984496,2023,23.6886854460094,-11.0672769953052,16.2434159842778,-9.26000327546675,0.860599047249273,-13.5697712012307,-0.389492079139963,2.50249420592556,-0.382681624373796
2024,"LU16","LU16_23",1.16057246986312,-110.99068,15,0,14,0,0,0,-1.81790370063172,0.206778700862544,-0.275906176416254,0.948600756817813,-0.595825016863214,0.0286037921161522,0,0,0,0,0.0156919089426099,0.00972140921362536,0.0496891324505996,0,0,2023,25.1222535211268,-11.2929577464789,16.2434159842778,-9.26000327546675,1.10061148165098,-13.8480729268699,-0.407252271089913,2.55511518039106,0.173544691891107
2024,"LU16","LU16_24",1.17336200292747,-110.98764,16,0,12,0,0,0,-1.95487835296493,0.0451569369424704,-0.371692627029876,0.937870799998903,-0.696587364986403,0.0191020100633367,0,0,0,0,0.0098366893940291,0.00700332715943233,0.01574427777856,0,0,2023,24.5443192488263,-11.2486854460094,16.2434159842778,-9.26000327546675,1.03043415943609,-13.7872932214042,-0.412875534408678,2.53860777539486,0.0642859511962151
2024,"LU16","LU16_25",1.20334139991388,-111.10987,16,6,9,2,3,2,0.720153644896011,0.402938970061055,-0.18566514914487,0.193734588552954,-0.225705221804083,0.033336405417568,0,0,0,0,0.00569078254960237,0.00682774193409342,0,0,0.00463277726627396,2023,15.3959154929577,-10.3679812206573,16.2434159842778,-9.26000327546675,-0.309882532056776,-12.6065017344821,-0.391550423758107,2.23852051382485,-0.0474559426962878
2024,"LU16","LU16_26",1.21501084875991,-111.11306,16,0,9,0,0,0,0.377917781343255,2.42252741346367,-0.162702923539814,0.0749862909832213,-0.171760542358022,0.0221955824114151,0.000831252276356729,0,0,0,0.00851583333320282,0.0123949759091831,0,0.00335868187771132,0.00500364861280792,2023,14.8885915492958,-10.3332394366197,16.2434159842778,-9.26000327546675,-0.378940448499483,-12.5543975495509,-0.392901770955164,2.22115811293123,-0.0474559426962878
2024,"LU16","LU16_270",1.44185076183246,-111.50916,16,11,32,8,3,3,-1.59233216173733,-0.183378869594151,-0.741606102522197,-0.826354702941343,-0.527679512815466,3.20929728681054e-06,0.000534107259141026,0,0,0,0.00491698069059365,0.00928925216290425,0,0.0387927274508834,0,2023,13.1707042253521,-10.3424882629108,16.2434159842778,-9.26000327546675,-0.630410439732346,-12.4308012331152,-0.389000582660069,2.08831297020442,0.809231910479567
2024,"LU16","LU16_28",1.2363153077697,-111.19855,16,3,28,0,2,1,1.26021690565541,3.50462627095917,3.00660975154025,-0.777051861237665,3.53528153705674,0.0170227589544871,0,0,0,0,0.0186764736311764,0.00514470442442314,0.000815911417086331,0.561426390253726,0,2023,14.6779342723005,-10.3227230046948,16.2434159842778,-9.26000327546675,-0.384764171095439,-12.5328826704411,-0.404451920939694,2.21015966574623,0.660242718622897
2024,"LU16","LU16_300",1.10080797621389,-111.02139,16,0,2,0,0,0,-1.70337975236321,-0.0668369300068375,1.94536731840035,2.29468984214363,1.29937907616702,0.043387881225445,0,0,0,0,0.0117111558248911,0.00970696064226398,0.0479021655510578,0,0.0466606767135672,2023,28.6856338028169,-11.264882629108,16.2434159842778,-9.26000327546675,1.31024437594811,-13.8200520582217,-0.265312738828571,2.55516942911374,-0.308187028445461
2024,"LU16","LU16_301",1.12091234498975,-111.04526,16,0,12,0,0,0,-1.48772299866246,0.133365677010454,2.76996129661184,1.64631062425754,2.49278855660517,0.0605346993836569,0,0,0,0,0.00800961590949349,0.00333242909254881,0.0393088769298252,0,0.0297161472133076,2023,26.9059154929577,-11.0716431924883,16.2434159842778,-9.26000327546675,1.00164056771832,-13.5868053267701,-0.238148518831655,2.51516213428185,0.0642859511962151
2024,"LU16","LU16_302",1.12914153516521,-111.01058,16,0,6,0,0,0,-1.42340412269566,0.0615651459037713,1.9381301777581,0.680053478077743,1.90054830292571,0.024261063145468,0.00155896839228595,0,0,0,0.0121157400100565,0.00943447823105952,0.0593610131479436,0,0,2023,27.8317370892019,-11.2846478873239,16.2434159842778,-9.26000327546675,1.19092728259703,-13.8501870676175,-0.266104644602572,2.56553918029351,-0.159197836588791
2024,"LU16","LU16_303",1.12261533017884,-111.02443,16,0,3,0,0,0,-1.92463989497837,0.00386436615877939,0.254597793157841,0.953768844016811,-0.0201872811680691,0.0198118249889323,0,0,0,0,0.0184425088508271,0.0121189525608138,0.0742542205483561,0,4.44768418928396e-06,2023,27.7442253521127,-11.2198122065728,16.2434159842778,-9.26000327546675,1.17243956481339,-13.7691266358771,-0.263175667629955,2.54931442930437,-0.270939730481293
2024,"LU16","LU16_313",1.17795663410877,-111.09251,16,8,10,2,0,6,-0.261000010673365,-0.338094993763643,1.03110053891998,-0.539389049836585,1.30848520290664,0.00365936035940693,0.00308410047185708,0,0,0,0.00851314117694324,0.00541516368961223,0.00171907134400293,0,0.00851928850056482,2023,20.3723004694836,-10.7129577464789,16.2434159842778,-9.26000327546675,0.335285900199864,-13.0958321025958,-0.362797379513432,2.38287435611695,-0.0102086447321202
2024,"LU16","LU16_314",1.14554276836212,-111.06755,16,0,3,0,0,0,-1.52237901696902,0.0111298845772453,0.880875333338927,1.4862941078204,0.478673957235619,0.041353106776058,0.0474653569446818,0,0,0.0247275340928872,0.0248334684622978,0.0098730087619563,0.0254469525592764,0,0.0406996743198455,2023,22.7011267605634,-10.9048356807512,16.2434159842778,-9.26000327546675,0.675625610794023,-13.362483776,-0.367815925497726,2.45764809524884,-0.270939730481293
2024,"LU16","LU16_36",1.23529808842856,-111.22568,16,2,23,0,0,2,1.08814593891197,3.96770937174087,1.8565026898371,-0.901308034557937,2.32394592892155,0.00729213422477825,0.00103945457962777,0,0,0,0.0209830465857877,0.00402214547753522,0,0.293896287900425,0,2023,13.5110328638498,-10.2166666666667,16.2434159842778,-9.26000327546675,-0.559245543952451,-12.3890007448543,-0.400038784185121,2.17233407818762,0.474006228802059
2024,"LU16","LU16_37",1.23760683345001,-111.18068,16,2,46,0,1,0,1.86102173584846,1.69901919676327,1.58534040306747,-0.776868754221476,1.98855046816108,0.0123144535764803,0,0,0,0,0.0172275476797675,0.00718523537948811,0.00189220936199936,0.331065586118179,0,2023,14.8513615023474,-10.3425352112676,16.2434159842778,-9.26000327546675,-0.35773958474279,-12.5594176791078,-0.40563333560914,2.21688246784024,1.33069408197791
2024,"LU16","LU16_49",1.39671593960626,-111.53667,16,4,8,2,0,2,-1.4481092875137,0.428487549064071,2.62575412126375,-0.636523376454317,3.07530265379546,0.00571423200792577,0,0,0,0,0.0074754384890894,0.000244979725822751,0,0.0434875967829643,0,2023,13.4264788732394,-10.3184037558685,16.2434159842778,-9.26000327546675,-0.571853111072166,-12.4394536543506,-0.399736030765735,2.12104989848205,-0.0847032406604554
2024,"LU16","LU16_52",1.41314003166477,-111.50633,16,3,9,0,0,3,-1.30581509062899,0.885233770283032,3.79307422812408,-0.756712372489221,4.38454961187895,0.00758271279728849,2.46116716847625e-05,0,0,0,0.00296297018267309,0,0,0.185136533641836,0,2023,13.7881690140845,-10.3591079812207,16.2434159842778,-9.26000327546675,-0.525971942630622,-12.4897281166398,-0.397160274512525,2.1306201354191,-0.0474559426962878
2024,"LU16","LU16_54",1.42165495761021,-111.45538,16,3,10,0,1,3,-1.20258814632501,0.939170216012116,1.53188779402093,-0.50597350450578,1.84263445232135,0.0283504245033838,0.00050916352493531,0,0,0,0.00350848961199314,0.00109005334835131,0,0.31031701120916,0,2023,13.7974647887324,-10.3696244131455,16.2434159842778,-9.26000327546675,-0.540146616972641,-12.496910089544,-0.389710529210977,2.12728567639841,-0.0102086447321202
2024,"LU16","LU16_57",1.43175857443674,-111.43999,16,8,7,0,1,6,-1.0172510984854,1.10177667181349,1.86485908248476,-0.362703135504952,2.15857721423501,0.0333309712963299,0.00112048064017039,0,0,0,0.00294567142430198,0.00248189665715869,0,0.297881224468093,0,2023,13.9359624413146,-10.3937089201878,16.2434159842778,-9.26000327546675,-0.527649527110297,-12.5218336674138,-0.386285319096619,2.12812474722604,-0.121950538624623
2024,"LU16","LU16_58",1.43595317554006,-111.42342,16,3,7,1,2,0,-1.32045014361992,0.622728213960853,1.34885066162017,-0.360128751356639,1.59620610281512,0.0302955720638633,0.00329197147359701,0,0,0,0.00267384620086234,0.0050732840043521,0,0.218317248757748,0,2023,14.002441314554,-10.3982629107981,16.2434159842778,-9.26000327546675,-0.528974917316967,-12.5262505483885,-0.381119170366985,2.12798763759042,-0.121950538624623
2024,"LU16","LU16_60",1.45142862484223,-111.40755,16,2,4,0,1,1,-0.705009738851702,1.43063512761682,2.55067605817882,-0.687621096404515,3.01015158942771,0.0247919948404775,0,0,0,0,0,0.00251795402592432,0,0.386462390667764,0,2023,14.2489201877934,-10.4404225352113,16.2434159842778,-9.26000327546675,-0.506454617362325,-12.5738816737908,-0.375157970709432,2.13345913857954,-0.233692432517126
2024,"LU16","LU16_62",1.45228583215217,-111.37714,16,4,5,0,1,2,-1.40111653193734,0.726576134373515,0.621934265824269,-0.927394435068571,0.988898005843704,0.00649640688147617,0,0,0,0,0,0.00729812994945583,0,0.225667530812439,0,2023,14.1262910798122,-10.4370422535211,16.2434159842778,-9.26000327546675,-0.552404929613186,-12.5649567795403,-0.361414780389252,2.12791452601922,-0.196445134552958
2024,"LU16","LU16_63",1.45148577199623,-111.1943,16,1,5,0,1,0,-1.91161078710913,0.170367630375599,-0.856828971366389,-0.0795798292620181,-0.894960676797647,0,0,0,0,0,0.00591154261466125,0,0,0,0.0487672298759098,2023,13.7289671361502,-10.421220657277,16.2434159842778,-9.26000327546675,-0.607938445867582,-12.5443007172531,-0.361776304930674,2.1230800599761,-0.196445134552958
2024,"LU16","LU16_67",1.44225079191044,-111.18156,16,0,9,0,0,0,-1.96212739534389,0.0625003399852176,-0.840704510727447,-0.071965543359295,-0.879879896083626,0,0,0,0,0,0.00814538957141514,0,0,0,0.0505367914708844,2023,13.6011737089202,-10.3974178403756,16.2434159842778,-9.26000327546675,-0.629370920244542,-12.514588162826,-0.360175352207051,2.11717032245037,-0.0474559426962878
2024,"LU16","LU16_68",1.46909852485786,-111.26984,16,0,2,0,0,0,-1.93623674483541,-0.00221213776700258,-0.609756468139964,-0.192407139346216,-0.589541801675787,0.00638047833621031,0,0,0,0,0.00132970875149454,0,0,0,0.0425638396924369,2023,14.7619718309859,-10.5296244131455,16.2434159842778,-9.26000327546675,-0.457642559959637,-12.7068668560127,-0.363680365747431,2.17724244286712,-0.308187028445461
2024,"LU16","LU16_69",1.46421815790658,-111.30865,16,0,30,0,0,0,-1.80662983563714,0.0398962536721938,0.761614016329211,-0.168663151420655,0.895137338302324,0.0051218677788181,0,0,0,0,0.0017698370786454,0.00438847192788646,0,0.23386481101436,0.0336192781593886,2023,14.1744131455399,-10.4568075117371,16.2434159842778,-9.26000327546675,-0.544736301435615,-12.5936057797281,-0.36182431241363,2.13679826799099,0.734737314551232
2024,"LU16","LU16_70",1.4593835086785,-111.23334,16,1,8,0,1,0,-2.04920279594609,-0.0210164328936439,-1.00025626163074,-0.483516852287915,-0.920201524721125,5.01475417883237e-06,0,0,0,0,0.00217273144904802,0,0,0,0.0347291262087953,2023,14.6398591549296,-10.5173708920188,16.2434159842778,-9.26000327546675,-0.463968182145339,-12.6898182509166,-0.368957180238984,2.17244735889779,-0.0847032406604554
2024,"LU16","LU16_71",1.47228733605085,-111.24512,16,1,0,0,0,1,-1.9286403089421,-0.000947637317141703,-0.584172462985615,-0.261553788205517,-0.539302787559256,0.0080025665874284,0,0,0,0,0.00251474625352064,0,0,0,0.0353924106605347,2023,14.5646478873239,-10.5435211267606,16.2434159842778,-9.26000327546675,-0.430259967517349,-12.7212351024849,-0.390290843690379,2.17771397572431,-0.382681624373796
2024,"LU16","LU16_72",1.48986580062008,-111.47166,16,1,3,0,0,0,-1.56535933499045,-0.204971874894361,0.574207474336839,0.210867546806365,0.568259581146045,0.0364273032622322,0,0,0,0,0.00110478499739098,0.0080361936297295,0,0.174246182983866,0.0242360641256416,2023,13.3249295774648,-10.40220657277,16.2434159842778,-9.26000327546675,-0.66429174441859,-12.475627830224,-0.362200958500086,2.07342125745403,-0.270939730481293
2024,"LU16","LU16_73",1.48282527124775,-111.40896,16,0,5,0,0,0,-1.9610205047294,-0.00633763503642293,3.28075614065753,0.284640239214117,3.48971819035192,0.0335921272227822,0,0,0,0,0,0.000564073983429817,0,0.601742903199334,0.0399283856682779,2023,14.4029577464789,-10.4874178403756,16.2434159842778,-9.26000327546675,-0.52438031479283,-12.6238542702976,-0.356044059390058,2.13643642992196,-0.196445134552958
2024,"LU16","LU16_74",1.47399032123993,-111.40054,16,1,12,0,1,0,-1.87049659444024,0.137777995922897,1.96578287821615,0.0412003337513877,2.13757523880755,0.0213649755545536,0,0,0,0,0.00124984441453483,0.00568553816481624,0,0.412441323604659,0.035353801588021,2023,14.4074178403756,-10.477323943662,16.2434159842778,-9.26000327546675,-0.515869823405363,-12.6156775213345,-0.359832846760935,2.13835357767256,0.0642859511962151
2024,"LU16","LU16_75",1.46444674652257,-111.37523,16,2,0,0,2,0,-1.16316435874485,0.903132406358116,2.07929217856968,0.00423483249123476,2.27307346402966,0.0382154372388182,0,0,0,0,0.000979626796037168,0.00509599096932594,0,0.25771302172781,0.0162354184538323,2023,14.2583568075117,-10.4589201877934,16.2434159842778,-9.26000327546675,-0.535097847152303,-12.5930273721213,-0.360740821783822,2.1341071843279,-0.382681624373796
2024,"LU16","LU16_77",1.4789735530684,-111.30955,16,0,4,0,0,0,-1.9950461645406,-0.0120015362056484,0.391905683383282,-0.750901604990353,0.681404640839602,0.00355552922963186,0,0,0,0,0.000789338607123472,0,0,0.214736933927174,0.019218426453072,2023,14.5116901408451,-10.5173708920188,16.2434159842778,-9.26000327546675,-0.485865576363256,-12.6780443433037,-0.367158237730808,2.16067345128491,-0.233692432517126
2024,"LU16","LU16_80",1.46814988210152,-111.32841,16,0,2,0,0,0,-1.95799347651868,-0.00583375682459431,0.206093259035203,-0.0828243836588574,0.262796995923727,0.00984551002340379,0,0,0,0,0.00104919513596186,0.00529115990649835,0,0.136129062207935,0.0409754860828969,2023,14.4435680751174,-10.4869953051643,16.2434159842778,-9.26000327546675,-0.50709705089439,-12.6368620599624,-0.3615889167816,2.14986675479812,-0.308187028445461
2024,"LU16","LU16_81",1.46757841056156,-111.29247,16,0,2,0,0,0,-1.94727752409281,-0.00404998258447548,-0.110825231585448,-0.197201272551908,-0.0450356294972485,0.00617711230873159,0,0,0,0,0.00135329276177012,0.000205772223586109,0,0.0855010048136986,0.0419485421598307,2023,14.3074178403756,-10.4732394366197,16.2434159842778,-9.26000327546675,-0.52636965981368,-12.619763834648,-0.361595921240356,2.14652439802824,-0.308187028445461
2024,"LU16","LU16_83",1.48713416665906,-111.43022,16,0,8,0,0,0,-1.84067018478374,-0.0232022309676782,1.81149351576032,0.229238778819153,1.90876396610196,0.0312348487331158,0,0,0,0,0.0010348174332541,0.00264043132423125,0,0.333206046527981,0.0374570127993133,2023,14.2701877934272,-10.4719248826291,16.2434159842778,-9.26000327546675,-0.541278536308514,-12.598334634963,-0.356962610204807,2.1264097523339,-0.0847032406604554
2024,"LU16","LU16_84",1.49207168076433,-111.41671,16,2,6,0,0,2,-1.96878576674277,-0.00763023823180287,1.53956798958241,0.0644436747517634,1.66622539081288,0.0280155446610144,0,0,0,0,0,0.00212450873395254,0,0.318528865219806,0.0333794797913293,2023,14.3776525821596,-10.4898122065728,16.2434159842778,-9.26000327546675,-0.533932517750667,-12.6193065419552,-0.353174362572935,2.12949433538247,-0.159197836588791
2024,"LU16","LU16_85",1.49047156045244,-111.39724,16,5,7,0,2,3,-1.99423927744318,-0.0118672220204163,1.75434651602022,-0.378192443912293,2.04333105274647,0.0181904314780669,0,0,0,0,0,0.00377459118027751,0,0.410140820688023,0.0203167842744209,2023,14.4029577464789,-10.4874178403756,16.2434159842778,-9.26000327546675,-0.52438031479283,-12.6238542702976,-0.356044059390058,2.13643642992196,-0.121950538624623
2024,"LU16","LU16_88",1.47219590060445,-111.34637,16,0,5,0,0,0,-1.7960763363646,0.047451784968814,0.533726937278192,0.112917723906923,0.555934792440047,0.014636730603633,0,0,0,0,0.00104919513596187,0.00604108897280418,0,0.143225240288899,0.044826062781058,2023,14.3914084507042,-10.4787323943662,16.2434159842778,-9.26000327546675,-0.514417264931664,-12.6243930372602,-0.361621987232289,2.145660642894,-0.196445134552958
2022,"LU21","LU21_06",0.303502313089572,-111.67988,2,0,3,0,0,0,0.407258891985667,-0.702813085461171,-1.19280710708501,-1.08513055595115,-0.934869712456405,0,0,0,0,0,0,0.008362844,0,0,0,2021,41.0630660377359,-12.9152830188679,38.0779451513822,-12.7932833479596,0.00300265388862233,-11.7349356348802,1.20652412670524,-1.1803473839877,0.511253526766226
2023,"LU21","LU21_06",0.303502313089572,-111.67988,17,3,13,0,0,1,0.407258891985667,-0.702813085461171,-1.19280710708501,-1.08513055595115,-0.934869712456405,0,0,0,0,0,0,0.008362844,0,0,0,2022,14.5398113207547,-11.9356132075472,13.6092764370338,-11.9164168494954,-0.0497837542378916,-11.9653221535347,-0.574950666631062,0.0297089459875775,0.0730500213054309
2022,"LU21","LU21_09",0.37975947538211,-112.06113,1,0,8,0,0,0,-0.565129610679193,-0.355005775945548,-1.24468742627703,-1.25942872539561,-0.934869712456405,0,0,0,0,0,0,0,0,0,0,2021,40.4780188679245,-12.901179245283,38.0779451513822,-12.7932833479596,0.196528924824136,-11.8270737596954,1.07360342847201,-1.07410548558763,4.38497251503966
2023,"LU21","LU21_09",0.37975947538211,-112.06113,16,8,42,2,3,3,-0.565129610679193,-0.355005775945548,-1.24468742627703,-1.25942872539561,-0.934869712456405,0,0,0,0,0,0,0,0,0,0,2022,14.5574528301887,-12.001179245283,13.6092764370338,-11.9164168494954,0.130336880914628,-12.0421830978282,-0.660367388663122,0.0410038525452237,1.18170489012124
2023,"LU21","LU21_10",0.385074160703764,-111.9936,16,11,2,1,7,1,0.565228437433078,0.365730570085282,-1.24468742627703,-1.25942872539561,-0.934869712456405,0,0,0,0,0,0,0,0,0,0,2022,11.8352358490566,-11.1262735849057,13.6092764370338,-11.9164168494954,-0.780348391444119,-11.203840936465,-0.407873561391421,0.0775673515593542,-0.308187028445461
2022,"LU21","LU21_10",0.385074160703764,-111.9936,1,0,0,0,0,0,0.565228437433078,0.365730570085282,-1.24468742627703,-1.25942872539561,-0.934869712456405,0,0,0,0,0,0,0,0,0,0,2021,31.7999056603774,-12.0976886792453,38.0779451513822,-12.7932833479596,-0.733884151304006,-10.9940004441112,0.929847158474053,-1.10368823513405,-0.382681624373796
2023,"LU21","LU21_100",0.32494392526895,-111.90392,16,1,47,0,1,0,-1.43439310029552,-0.3221470735128,-1.24468742627703,-1.25942872539561,-0.934869712456405,0,0,0,0,0,0,0,0,0,0,2022,13.1188679245283,-11.9612735849057,13.6092764370338,-11.9164168494954,0.0123371253202519,-11.9857360002105,-0.701623850193381,0.0244624153048605,1.36794137994208
2022,"LU21","LU21_100",0.32494392526895,-111.90392,2,1,2,0,1,0,-1.43439310029552,-0.3221470735128,-1.24468742627703,-1.25942872539561,-0.934869712456405,0,0,0,0,0,0,0,0,0,0,2021,41.1469811320755,-12.8950943396226,38.0779451513822,-12.7932833479596,0.0934902477012355,-11.7631575650484,1.1687259881129,-1.13193677457427,0.213275143052886
2022,"LU21","LU21_105",0.344373957627657,-111.68693,2,0,0,0,0,0,0.294760506631515,-1.17286306008712,-1.20181410298128,-1.16845305441756,-0.917681980443265,0,0,0,0,0,0.00254594,0.002267945,0,0,0,2021,40.8501886792453,-12.9452830188679,38.0779451513822,-12.7932833479596,-0.00448405698268733,-11.7903229342072,1.19562245411755,-1.1549600846607,-0.382681624373796
2023,"LU21","LU21_105",0.344373957627657,-111.68693,17,1,0,0,1,0,0.294760506631515,-1.17286306008712,-1.20181410298128,-1.16845305441756,-0.917681980443265,0,0,0,0,0,0.00254594,0.002267945,0,0,0,2022,15.3619811320755,-11.994858490566,13.6092764370338,-11.9164168494954,-0.0452131291069024,-12.0204743889621,-0.521139483009094,0.0256158983960191,-0.382681624373796
2022,"LU21","LU21_106",0.355586229241715,-112.03402,1,0,0,0,0,0,-0.151710832328453,-1.02500339990224,-1.22752661892965,-1.20177493001772,-0.934869712456405,0,0,0,0,0,0,0,0,0,0,2021,40.2699528301887,-12.8075943396226,38.0779451513822,-12.7932833479596,0.0779214703527691,-11.7146413140082,1.1164665676656,-1.09295302561442,-0.382681624373796
2023,"LU21","LU21_106",0.355586229241715,-112.03402,16,6,26,1,3,4,-0.151710832328453,-1.02500339990224,-1.22752661892965,-1.20177493001772,-0.934869712456405,0,0,0,0,0,0,0,0,0,0,2022,14.4771226415094,-11.8850471698113,13.6092764370338,-11.9164168494954,0.0155034046964506,-11.9307040742173,-0.610617299762352,0.0456569044059592,0.585748122694562
2023,"LU21","LU21_107",0.356557730859651,-111.93458,16,5,21,2,1,1,-1.3754095253745,0.212111417621286,-1.19735608413332,-1.10041339122882,-0.934869712456405,0,0,0,0,0,0,0.00500572,0,0,0,2022,14.7387735849057,-11.9860849056604,13.6092764370338,-11.9164168494954,0.0652959721112842,-12.0159324502098,-0.616737532265456,0.0298475445493782,0.399511632873724
2022,"LU21","LU21_107",0.356557730859651,-111.93458,1,0,0,0,0,0,-1.3754095253745,0.212111417621286,-1.19735608413332,-1.10041339122882,-0.934869712456405,0,0,0,0,0,0,0.00500572,0,0,0,2021,41.0815566037736,-12.9046698113208,38.0779451513822,-12.7932833479596,0.124990758204291,-11.7944701860588,1.14912069915136,-1.11019962526194,-0.382681624373796
2023,"LU21","LU21_109",0.352911742434696,-111.90173,16,1,1,0,1,0,-1.67017642164005,-0.302914439584762,-1.20901613506988,-1.19265727542627,-0.917679347539313,0,0,0,0,0,0.00254633,0,0,0,0,2022,14.5059905660377,-11.9460377358491,13.6092764370338,-11.9164168494954,-0.00169755593641768,-11.9755508958193,-0.600378913269662,0.0295131599702287,-0.345434326409629
2022,"LU21","LU21_109",0.352911742434696,-111.90173,2,0,0,0,0,0,-1.67017642164005,-0.302914439584762,-1.20901613506988,-1.19265727542627,-0.917679347539313,0,0,0,0,0,0.00254633,0,0,0,0,2021,40.34,-12.8679716981132,38.0779451513822,-12.7932833479596,0.0574520369363374,-11.7540502395086,1.13108201374971,-1.11392145860457,-0.382681624373796
2022,"LU21","LU21_114",0.338339218165658,-111.73336,2,0,0,0,0,0,0.608500602231215,-0.611552925020982,-1.19894365275517,-1.10574701887346,-0.934869712456405,0,0,0,0,0,0,0.003190584,0,0,0,2021,40.8387735849057,-12.9286320754717,38.0779451513822,-12.7932833479596,-0.0132093947491534,-11.7775723959707,1.19904075973517,-1.15105967950103,-0.382681624373796
2023,"LU21","LU21_114",0.338339218165658,-111.73336,17,2,6,0,1,1,0.608500602231215,-0.611552925020982,-1.19894365275517,-1.10574701887346,-0.934869712456405,0,0,0,0,0,0,0.003190584,0,0,0,2022,14.6140094339623,-11.9800471698113,13.6092764370338,-11.9164168494954,-0.0635154239822684,-12.0059505637768,-0.563292578250716,0.025903393965498,-0.172343941752615
2022,"LU21","LU21_116",0.33982504416956,-111.63883,2,1,2,0,1,0,2.66261855300729,-0.551574887420931,-1.23281847918168,-1.21955357072867,-0.934869712456405,0,0,0,0,0,0,0,0,0,0,2021,39.8098113207547,-12.8572169811321,38.0779451513822,-12.7932833479596,-0.148575248240767,-11.6855857988062,1.19404047623138,-1.1716311823259,0.213275143052886
2023,"LU21","LU21_116",0.33982504416956,-111.63883,17,6,12,2,1,1,2.66261855300729,-0.551574887420931,-1.23281847918168,-1.21955357072867,-0.934869712456405,0,0,0,0,0,0,0,0,0,0,2022,15.1667452830189,-11.8764150943396,13.6092764370338,-11.9164168494954,-0.183448349407004,-11.9152129499348,-0.46796347490647,0.0387978555951705,0.0379937408685676
2023,"LU21","LU21_119",0.36669563597858,-112.000478,17,5,4,0,4,1,-1.33667908214968,0.278374274055037,-1.22595037200441,-1.19647933897394,-0.934869712456405,0,0,0,0,0,0,0,0,0,0,2022,14.7625,-12.0296226415094,13.6092764370338,-11.9164168494954,0.112983594805962,-12.0631382278998,-0.638053787362686,0.0335155863903687,-0.242456502626342
2022,"LU21","LU21_119",0.36669563597858,-112.000478,1,0,0,0,0,0,-1.33667908214968,0.278374274055037,-1.22595037200441,-1.19647933897394,-0.934869712456405,0,0,0,0,0,0,0,0,0,0,2021,41.0486320754717,-12.9358490566038,38.0779451513822,-12.7932833479596,0.177711563982375,-11.8448712101271,1.12152476223715,-1.0909778464767,-0.382681624373796
2023,"LU21","LU21_122",0.365975581838227,-112.17445,16,6,1,2,2,3,-1.63718214484368,0.267648640662241,-1.24468742627703,-1.25942872539561,-0.934869712456405,0,0,0,0,0,0,0,0,0,0,2022,14.591320754717,-11.9595283018868,13.6092764370338,-11.9164168494954,0.175233139810807,-12.0116592992252,-0.679650423941579,0.0521309973383861,-0.345434326409629
2022,"LU21","LU21_122",0.365975581838227,-112.17445,1,0,0,0,0,0,-1.63718214484368,0.267648640662241,-1.24468742627703,-1.25942872539561,-0.934869712456405,0,0,0,0,0,0,0,0,0,0,2021,41.2477358490566,-12.8631132075472,38.0779451513822,-12.7932833479596,0.247815111211425,-11.8014717071202,1.10137620960596,-1.06164150042694,-0.382681624373796
2023,"LU21","LU21_126",0.421499756660945,-112.17958,16,0,2,0,0,0,-1.97870148236601,-0.0298887297798635,-1.24468742627703,-1.25942872539561,-0.934869712456405,0,0,0,0,0,0,0,0,0,0,2022,14.4392924528302,-12.1345754716981,13.6092764370338,-11.9164168494954,0.324922622370936,-12.1781669209052,-0.76199157289577,0.0435914492071134,-0.308187028445461
2022,"LU21","LU21_126",0.421499756660945,-112.17958,1,0,1,0,0,0,-1.97870148236601,-0.0298887297798635,-1.24468742627703,-1.25942872539561,-0.934869712456405,0,0,0,0,0,0,0,0,0,0,2021,40.7991037735849,-13.0008490566038,38.0779451513822,-12.7932833479596,0.404675433940142,-11.9682076484034,0.995380948884779,-1.03264140820034,0.213275143052886
2022,"LU21","LU21_14",0.416630819140466,-112.09007,1,1,1,0,1,0,-1.12249610916908,0.269886841182659,-1.24468742627703,-1.25942872539561,-0.934869712456405,0,0,0,0,0,0,0,0,0,0,2021,40.5566509433962,-12.9831132075472,38.0779451513822,-12.7932833479596,0.308131131446415,-11.927329483078,1.02529154884927,-1.05578372446914,0.213275143052886
2023,"LU21","LU21_14",0.416630819140466,-112.09007,16,7,8,0,3,4,-1.12249610916908,0.269886841182659,-1.24468742627703,-1.25942872539561,-0.934869712456405,0,0,0,0,0,0,0,0,0,0,2022,14.5546226415094,-12.1030660377358,13.6092764370338,-11.9164168494954,0.235728929927547,-12.1415732159153,-0.711242356727186,0.0385071781794579,-0.0847032406604554
2022,"LU21","LU21_153",0.338704959951237,-111.78557,2,0,0,0,0,0,-1.72953848553451,-0.349573671717967,-0.870956961991321,-0.0717668557289638,-0.912865960299477,0,0,0,0,0,0,0.004494619,0,0,0.032299972,2021,41.1025,-12.9192452830189,38.0779451513822,-12.7932833479596,0.018741160196695,-11.7711787087734,1.20164199217254,-1.14806657424542,-0.382681624373796
2023,"LU21","LU21_153",0.338704959951237,-111.78557,17,0,0,0,0,0,-1.72953848553451,-0.349573671717967,-0.870956961991321,-0.0717668557289638,-0.912865960299477,0,0,0,0,0,0,0.004494619,0,0,0.032299972,2022,14.6403301886792,-11.974858490566,13.6092764370338,-11.9164168494954,-0.0330875085840774,-11.9982401080439,-0.576132047007011,0.0233816174778134,-0.382681624373796
2023,"LU21","LU21_16",0.424151384606366,-111.97281,16,1,14,0,1,0,-1.52969797578712,-0.302852752198494,-1.22092661573167,-1.20678750790918,-0.926063722154846,0,0,0,0,0,0.001304391,0.002525731,0,0,0,2022,14.5043396226415,-12.1559905660377,13.6092764370338,-11.9164168494954,0.193329248114591,-12.1783067103217,-0.694278159900667,0.0223161442839999,0.13878054712455
2022,"LU21","LU21_16",0.424151384606366,-111.97281,1,0,9,0,0,0,-1.52969797578712,-0.302852752198494,-1.22092661573167,-1.20678750790918,-0.926063722154846,0,0,0,0,0,0.001304391,0.002525731,0,0,0,2021,40.2964150943396,-13.0311320754717,38.0779451513822,-12.7932833479596,0.267337925133839,-11.9593626255731,1.02718046427285,-1.07176944989859,4.98092928246634
2023,"LU21","LU21_164",0.416882266618048,-111.93586,16,7,32,3,3,2,-1.48025694559945,0.255682906099843,-1.24468742627703,-1.25942872539561,-0.934869712456405,0,0,0,0,0,0,0,0,0,0,2022,14.6309433962264,-12.1459433962264,13.6092764370338,-11.9164168494954,0.178647017439297,-12.1635813834745,-0.678592892880783,0.0176379872481132,0.809231910479567
2022,"LU21","LU21_164",0.416882266618048,-111.93586,1,1,5,0,1,0,-1.48025694559945,0.255682906099843,-1.24468742627703,-1.25942872539561,-0.934869712456405,0,0,0,0,0,0,0,0,0,0,2021,40.2367452830189,-13.025141509434,38.0779451513822,-12.7932833479596,0.248747072744914,-11.9427380444236,1.03205572977229,-1.08240346501032,2.59710221275961
2022,"LU21","LU21_21",0.356809178337233,-112.1497,1,0,1,0,0,0,-2.02198601614028,-0.0817901216488429,-1.24468742627703,-1.25942872539561,-0.934869712456405,0,0,0,0,0,0,0,0,0,0,2021,41.7772169811321,-12.8916037735849,38.0779451513822,-12.7932833479596,0.257413213307084,-11.820775704877,1.13283071739698,-1.07082806870788,0.213275143052886
2023,"LU21","LU21_21",0.356809178337233,-112.1497,16,9,3,1,6,1,-2.02198601614028,-0.0817901216488429,-1.24468742627703,-1.25942872539561,-0.934869712456405,0,0,0,0,0,0,0,0,0,0,2022,14.8881603773585,-11.9849056603774,13.6092764370338,-11.9164168494954,0.188028247648959,-12.0329544951717,-0.66558170469534,0.048048834794324,-0.270939730481293
2022,"LU21","LU21_23",0.386651422154056,-112.20293,1,0,0,0,0,0,-1.91986039153628,0.160529293378502,-1.24468742627703,-1.25942872539561,-0.934869712456405,0,0,0,0,0,0,0,0,0,0,2021,41.3446698113208,-12.9114622641509,38.0779451513822,-12.7932833479596,0.313899504593086,-11.8635462163833,1.07620026046806,-1.04791604776761,-0.382681624373796
2023,"LU21","LU21_23",0.386651422154056,-112.20293,16,1,2,0,1,0,-1.91986039153628,0.160529293378502,-1.24468742627703,-1.25942872539561,-0.934869712456405,0,0,0,0,0,0,0,0,0,0,2022,14.6430188679245,-12.0217924528302,13.6092764370338,-11.9164168494954,0.240192449915639,-12.0726891068882,-0.70736695828211,0.0508966540579756,-0.308187028445461
2023,"LU21","LU21_27",0.419876777487449,-112.14841,16,0,2,0,0,0,-1.50961033858445,0.262287094693778,-1.24468742627703,-1.25942872539561,-0.934869712456405,0,0,0,0,0,0,0,0,0,0,2022,14.4273113207547,-12.1272169811321,13.6092764370338,-11.9164168494954,0.286222045364618,-12.1679144623785,-0.744196982954794,0.0406974812463989,-0.308187028445461
2022,"LU21","LU21_27",0.419876777487449,-112.14841,1,0,0,0,0,0,-1.50961033858445,0.262287094693778,-1.24468742627703,-1.25942872539561,-0.934869712456405,0,0,0,0,0,0,0,0,0,0,2021,40.7634433962264,-12.9978301886792,38.0779451513822,-12.7932833479596,0.363856410590849,-11.9559694273887,1.01258116695906,-1.04186076129058,-0.382681624373796
2023,"LU21","LU21_32",0.439626833908539,-112.16299,16,0,0,0,0,0,-1.7211099871142,0.294856446634867,-1.24165538907476,-1.24924223189916,-0.934869712456405,0,0,0,0,0,0,0.000488749,0,0,0,2022,14.4347169811321,-12.1954245283019,13.6092764370338,-11.9164168494954,0.356806835799412,-12.2348697030723,-0.777636125214185,0.0394451747704512,-0.382681624373796
2022,"LU21","LU21_32",0.439626833908539,-112.16299,1,0,0,0,0,0,-1.7211099871142,0.294856446634867,-1.24165538907476,-1.24924223189916,-0.934869712456405,0,0,0,0,0,0,0.000488749,0,0,0,2021,40.8057547169811,-13.0528773584906,38.0779451513822,-12.7932833479596,0.440494144834039,-12.0240436576057,0.978609112952184,-1.02883370088485,-0.382681624373796
2022,"LU21","LU21_36",0.450770528937804,-111.94768,1,1,7,0,0,1,-1.89167304144408,-0.0435709605246811,-1.24468742627703,-1.25942872539561,-0.934869712456405,0,0,0,0,0,0,0,0,0,0,2021,40.4295754716981,-13.1222169811321,38.0779451513822,-12.7932833479596,0.378108399487296,-12.054510084987,0.982983221528803,-1.06770689614507,3.78901574761298
2023,"LU21","LU21_36",0.450770528937804,-111.94768,16,9,13,4,2,5,-1.89167304144408,-0.0435709605246811,-1.24468742627703,-1.25942872539561,-0.934869712456405,0,0,0,0,0,0,0,0,0,0,2022,15.1356132075472,-12.2646226415094,13.6092764370338,-11.9164168494954,0.305429344821379,-12.2753613964004,-0.705181546915965,0.010738754890939,0.101533249160383
2022,"LU21","LU21_41",0.473595102243891,-111.90783,1,0,0,0,0,0,-1.57776539239302,-0.00431797451572652,-1.24468742627703,-1.25942872539561,-0.934869712456405,0,0,0,0,0,0,0,0,0,0,2021,40.4620283018868,-13.1916509433962,38.0779451513822,-12.7932833479596,0.39033460361955,-12.124667239357,0.979314544305961,-1.06698370403922,-0.382681624373796
2023,"LU21","LU21_41",0.473595102243891,-111.90783,16,0,1,0,0,0,-1.57776539239302,-0.00431797451572652,-1.24468742627703,-1.25942872539561,-0.934869712456405,0,0,0,0,0,0,0,0,0,0,2022,15.1133018867925,-12.3467452830189,13.6092764370338,-11.9164168494954,0.313100250194004,-12.3478156581718,-0.710390349196855,0.0010703751529153,-0.345434326409629
2023,"LU21","LU21_52",0.326612622165633,-111.93567,16,4,31,0,1,3,-1.38486443807785,-0.221360772610792,-1.24468742627703,-1.25942872539561,-0.934869712456405,0,0,0,0,0,0,0,0,0,0,2022,13.0734433962264,-11.9391981132075,13.6092764370338,-11.9164168494954,0.0119166975374633,-11.9670019075811,-0.704516151907704,0.0278037943735772,0.7719846125154
2022,"LU21","LU21_52",0.326612622165633,-111.93567,1,0,0,0,0,0,-1.38486443807785,-0.221360772610792,-1.24468742627703,-1.25942872539561,-0.934869712456405,0,0,0,0,0,0,0,0,0,0,2021,41.0130188679245,-12.8754245283019,38.0779451513822,-12.7932833479596,0.0951935509266868,-11.7460888908875,1.15878089325323,-1.12933563741441,-0.382681624373796
2023,"LU21","LU21_56",0.347608486543846,-112.187,16,7,2,2,1,3,-1.39859630834579,-0.210966854830197,-1.24468742627703,-1.25942872539561,-0.934869712456405,0,0,0,0,0,0,0,0,0,0,2022,14.7240094339623,-11.9191037735849,13.6092764370338,-11.9164168494954,0.135653553229666,-11.9727056187504,-0.651577698588134,0.0536018451654918,-0.308187028445461
2022,"LU21","LU21_56",0.347608486543846,-112.187,1,0,0,0,0,0,-1.39859630834579,-0.210966854830197,-1.24468742627703,-1.25942872539561,-0.934869712456405,0,0,0,0,0,0,0,0,0,0,2021,41.5403773584906,-12.8294811320755,38.0779451513822,-12.7932833479596,0.207457828953602,-11.762991959436,1.14071948347315,-1.06648917263945,-0.382681624373796
2023,"LU21","LU21_57",0.352728871541907,-112.14105,16,4,0,1,2,1,-1.23219451334169,-0.358055860987076,-1.24468742627703,-1.25942872539561,-0.934869712456405,0,0,0,0,0,0,0,0,0,0,2022,14.8881603773585,-11.9849056603774,13.6092764370338,-11.9164168494954,0.188028247648959,-12.0329544951717,-0.66558170469534,0.048048834794324,-0.382681624373796
2022,"LU21","LU21_57",0.352728871541907,-112.14105,1,0,1,0,0,0,-1.23219451334169,-0.358055860987076,-1.24468742627703,-1.25942872539561,-0.934869712456405,0,0,0,0,0,0,0,0,0,0,2021,41.7772169811321,-12.8916037735849,38.0779451513822,-12.7932833479596,0.257413213307084,-11.820775704877,1.13283071739698,-1.07082806870788,0.213275143052886
2022,"LU21","LU21_59",0.354911892824557,-111.58273,2,0,0,0,0,0,3.19330007522668,-0.431003196500366,-1.19260733652387,-1.18121407347957,-0.903529385843496,0,0,0,0,0,0.004642299,0.00295456,0,0,0,2021,38.174858490566,-12.7917452830189,38.0779451513822,-12.7932833479596,-0.286303287299993,-11.6120679369015,1.14889389513109,-1.17967734611736,-0.382681624373796
2023,"LU21","LU21_59",0.354911892824557,-111.58273,17,5,3,1,2,2,3.19330007522668,-0.431003196500366,-1.19260733652387,-1.18121407347957,-0.903529385843496,0,0,0,0,0,0.004642299,0.00295456,0,0,0,2022,14.6720754716981,-11.7912735849057,13.6092764370338,-11.9164168494954,-0.319546027875916,-11.8411423174328,-0.436213909608077,0.049868732527182,-0.277512783063205
2022,"LU21","LU21_63",0.405247106064421,-111.96631,1,0,0,0,0,0,-0.479967388766199,-0.983732580026323,-1.24468742627703,-1.25942872539561,-0.934869712456405,0,0,0,0,0,0,0,0,0,0,2021,40.8196226415094,-13.0294339622642,38.0779451513822,-12.7932833479596,0.255568362169336,-11.9506610502138,1.06848312648833,-1.07877291205033,-0.382681624373796
2023,"LU21","LU21_63",0.405247106064421,-111.96631,16,0,0,0,0,0,-0.479967388766199,-0.983732580026323,-1.24468742627703,-1.25942872539561,-0.934869712456405,0,0,0,0,0,0,0,0,0,0,2022,14.6971226415094,-12.1467452830189,13.6092764370338,-11.9164168494954,0.185626484624158,-12.1702798062032,-0.677440893174672,0.0235345231842938,-0.382681624373796
2023,"LU21","LU21_68",0.43288346973699,-111.71055,17,2,24,0,2,0,0.556179078177761,-0.787074724610323,-1.24468742627703,-1.25942872539561,-0.934869712456405,0,0,0,0,0,0,0,0,0,0,2022,14.7244339622642,-12.0635849056604,13.6092764370338,-11.9164168494954,-0.0935521176307844,-12.0745607211673,-0.541325665149452,0.0109758155069599,0.458669106110929
2022,"LU21","LU21_68",0.43288346973699,-111.71055,2,0,1,0,0,0,0.556179078177761,-0.787074724610323,-1.24468742627703,-1.25942872539561,-0.934869712456405,0,0,0,0,0,0,0,0,0,0,2021,38.3231132075472,-12.9739622641509,38.0779451513822,-12.7932833479596,-0.0393657038512614,-11.8460273942763,1.0402432954674,-1.12793486987463,-0.0847032406604554
2023,"LU21","LU21_74",0.301639315869297,-111.86436,16,6,4,5,1,0,-0.965937049136615,-0.539342614443123,1.00471270828856,-1.10112541555485,1.46172415541591,0,0,0,0,0,0,0.002672823,0,0.35499647,0,2022,13.1505188679245,-11.878820754717,13.6092764370338,-11.9164168494954,-0.0663925107654161,-11.9073582061387,-0.66160724288801,0.0285374514216947,-0.233692432517126
2022,"LU21","LU21_74",0.301639315869297,-111.86436,2,1,1,0,1,0,-0.965937049136615,-0.539342614443123,1.00471270828856,-1.10112541555485,1.46172415541591,0,0,0,0,0,0,0.002672823,0,0.35499647,0,2021,41.138820754717,-12.8397641509434,38.0779451513822,-12.7932833479596,0.0107452727460278,-11.6839400154623,1.20796144859042,-1.15582413548108,-0.0847032406604554
2022,"LU21","LU21_78",0.304530961861506,-111.82865,2,0,2,0,0,0,1.46926407995915,-0.87282673383898,-0.0618412561898595,-1.14407763744204,0.314978157638213,0,0,0,0,0,0,0.002720237,0,0.185134239,0,2021,41.1931132075472,-12.856320754717,38.0779451513822,-12.7932833479596,-0.00736569281696884,-11.6956122530315,1.22036945908658,-1.16070850168552,0.213275143052886
2023,"LU21","LU21_78",0.304530961861506,-111.82865,17,12,20,2,4,3,1.46926407995915,-0.87282673383898,-0.0618412561898595,-1.14407763744204,0.314978157638213,0,0,0,0,0,0,0.002720237,0,0.185134239,0,2022,13.1969339622642,-11.8912264150943,13.6092764370338,-11.9164168494954,-0.0782822189255889,-11.9202307875663,-0.652727617610063,0.0290043724719506,0.318443984363474
2022,"LU21","LU21_82",0.315206050227991,-112.16533,1,0,0,0,0,0,-0.121386175319105,0.58759070242383,-1.23329206109793,-1.22114462611093,-0.934869712456405,0,0,0,0,0,0,0.000231242,0,0,0,2021,41.6291509433962,-12.7925471698113,38.0779451513822,-12.7932833479596,0.172349974736056,-11.6962559755984,1.16365013578587,-1.09629119421288,-0.382681624373796
2023,"LU21","LU21_82",0.315206050227991,-112.16533,16,9,11,1,2,5,-0.121386175319105,0.58759070242383,-1.23329206109793,-1.22114462611093,-0.934869712456405,0,0,0,0,0,0,0.000231242,0,0,0,2022,13.3724528301887,-11.8557547169811,13.6092764370338,-11.9164168494954,0.0833395104961951,-11.90797418077,-0.718493196238745,0.0522194637888767,0.0270386532320474
2023,"LU21","LU21_871",0.345425465261188,-112.09488,16,14,21,5,9,5,1.46174590262926,-1.28574316469836,-1.22715977734863,-1.20054248162412,-0.934869712456405,0,0,0,0,0,0,0,0,0,0,2022,13.5557075471698,-11.5896698113208,13.6092764370338,-11.9164168494954,-0.249625069134791,-11.654849663204,-0.545889312108302,0.0651798518832827,0.399511632873724
2022,"LU21","LU21_871",0.345425465261188,-112.09488,1,1,5,0,1,0,1.46174590262926,-1.28574316469836,-1.22715977734863,-1.20054248162412,-0.934869712456405,0,0,0,0,0,0,0,0,0,0,2021,37.2114622641509,-12.5305660377358,38.0779451513822,-12.7932833479596,-0.189166470662754,-11.443368796874,1.0365515927776,-1.08719724086187,2.59710221275961
2023,"LU21","LU21_93",0.35674060175244,-111.84483,17,14,12,4,13,4,-0.00853144791703167,-0.646879946623932,-1.148952747922,-1.00216410091072,-0.914020076868828,0,0,0,0,0,0.00254621,0.007959123,0,0,0,2022,14.2341981132075,-11.8667452830189,13.6092764370338,-11.9164168494954,-0.120107975192896,-11.898228772168,-0.561951798883139,0.0314834891491476,0.0379937408685676
2022,"LU21","LU21_93",0.35674060175244,-111.84483,2,2,6,0,2,1,-0.00853144791703167,-0.646879946623932,-1.148952747922,-1.00216410091072,-0.914020076868828,0,0,0,0,0,0.00254621,0.007959123,0,0,0,2021,39.1146226415094,-12.8023113207547,38.0779451513822,-12.7932833479596,-0.0663653335507972,-11.6752894869427,1.10714765876343,-1.12702183381206,1.40518867790625
2022,"LU21","LU21_97",0.368158603120885,-111.59377,2,1,2,0,1,0,2.66890740515076,-0.95344596582328,-1.15716448923771,-1.10812237854436,-0.888634845661358,0,0,0,0,0,0.006848559,0.003850879,0,0,0,2021,38.6735849056604,-12.8654245283019,38.0779451513822,-12.7932833479596,-0.187284985402949,-11.697275478232,1.13525184602989,-1.16814905006986,0.213275143052886
2023,"LU21","LU21_97",0.368158603120885,-111.59377,17,6,14,0,4,0,2.66890740515076,-0.95344596582328,-1.15716448923771,-1.10812237854436,-0.888634845661358,0,0,0,0,0,0.006848559,0.003850879,0,0,0,2022,14.8044339622642,-11.8922641509434,13.6092764370338,-11.9164168494954,-0.225530156474228,-11.9277331240498,-0.472408629653819,0.035468973106358,0.108106301742295
2022,"LU21","LU21_98",0.295947459331271,-111.87949,1,1,1,0,0,1,-0.437091735408405,0.093155178939165,-0.0172136902872335,-0.847684542817438,0.26753704952662,0.000954813,0,0,0,0,0,0.003957105,0,0.178107005,0,2021,41.2067924528302,-12.8404716981132,38.0779451513822,-12.7932833479596,0.030978934451005,-11.6860469740612,1.20286172400196,-1.15442472405203,0.213275143052886
2023,"LU21","LU21_98",0.295947459331271,-111.87949,16,1,3,0,1,0,-0.437091735408405,0.093155178939165,-0.0172136902872335,-0.847684542817438,0.26753704952662,0.000954813,0,0,0,0,0,0.003957105,0,0.178107005,0,2022,13.085,-11.8824056603774,13.6092764370338,-11.9164168494954,-0.0489162208464757,-11.9091465923541,-0.674474826815386,0.026740931976768,-0.270939730481293
2023,"LU22","LU22_04",0.647551039008354,-114.7117,1,0,3,0,0,0,-0.348399172285846,-0.675387102733356,1.05168754280938,0.94646830710278,0.831075669477451,0.0419706278846596,0.00410816362260343,0,0.00410816362260343,0,0.0265080427317933,0.0248981082443292,0,0.0328610077539607,0.0365153303681934,2022,18.637358490566,-12.3477358490566,13.6092764370338,-11.9164168494954,2.81677166869541,-12.5116311707809,-1.67431385627367,0.16389532172427,1.40518867790625
2024,"LU22","LU22_04",0.647551039008354,-114.7117,13,0,4,0,0,0,-0.348399172285846,-0.675387102733356,1.05168754280938,0.94646830710278,0.831075669477451,0.0419706278846596,0.00410816362260343,0,0.00410816362260343,0,0.0265080427317933,0.0248981082443292,0,0.0328610077539607,0.0365153303681934,2023,16.9974647887324,-9.98948356807512,16.2434159842778,-9.26000327546675,2.21917202790324,-12.2099728480165,-1.49864857422441,2.22048927994136,-0.199310311319433
2023,"LU22","LU22_05",0.649276883059035,-114.68971,1,0,0,0,0,0,0.779154189275249,-1.22622363051471,-0.248124707455113,-0.112114893989328,-0.227937830501974,0.0193019207090913,0.00410816362260366,0,0.00410816362260366,0,0.00918291251048304,0.0287711883504559,0,0.0119722529243296,0.00553844160328707,2022,18.615141509434,-12.3441037735849,13.6092764370338,-11.9164168494954,2.82567090673103,-12.5103149945715,-1.6801069268279,0.166211220986645,-0.382681624373796
2024,"LU22","LU22_05",0.649276883059035,-114.68971,13,0,13,0,0,0,0.779154189275249,-1.22622363051471,-0.248124707455113,-0.112114893989328,-0.227937830501974,0.0193019207090913,0.00410816362260366,0,0.00410816362260366,0,0.00918291251048304,0.0287711883504559,0,0.0119722529243296,0.00553844160328707,2023,17.0637089201878,-9.98605633802817,16.2434159842778,-9.26000327546675,2.20739447158228,-12.2082158508076,-1.48847205663637,2.22215951277946,0.213275143052886
2023,"LU22","LU22_06",0.63878466558533,-114.62326,1,0,0,0,0,0,1.28376398864431,-0.457059809579372,-0.71127515349377,-0.554256850308701,-0.582809063968908,0.0158231454072694,0,0,0,0,0,0.0165536474040957,0,0,0,2022,18.8408490566038,-12.3311320754717,13.6092764370338,-11.9164168494954,2.73011492279679,-12.4955354380844,-1.61877883529613,0.164403362612653,-0.382681624373796
2024,"LU22","LU22_07",0.651962799296856,-114.61899,13,0,5,0,0,0,1.33603590155456,-1.21557919890734,-0.562358055712357,-0.0962929883619609,-0.569094152511029,0.0156875580086289,0,0,0,0,0.00205939528393928,0.0170476579656698,0,0,0.0208877194698226,2023,19.6516901408451,-9.93892018779343,16.2434159842778,-9.26000327546675,2.01483674984661,-12.1630827672361,-1.21957006680267,2.22416257944263,-0.153467483055842
2023,"LU22","LU22_07",0.651962799296856,-114.61899,1,0,21,0,0,0,1.33603590155456,-1.21557919890734,-0.562358055712357,-0.0962929883619609,-0.569094152511029,0.0156875580086289,0,0,0,0,0.00205939528393928,0.0170476579656698,0,0,0.0208877194698226,2022,18.5079245283019,-12.3062264150943,13.6092764370338,-11.9164168494954,2.59504880039796,-12.4671361237098,-1.5765066673756,0.160909708615476,12.1324104915865
2024,"LU22","LU22_08",0.666455317550299,-114.62565,13,1,3,0,0,1,0.532989146702933,-0.747924284739292,0.0265069677036778,0.0116506162876768,0.0367634179419223,0.0156571558705089,0,0,0,0,0,0.0187397849727527,0,0.0878282105730648,0.0233642921972149,2023,19.1864319248826,-9.95464788732394,16.2434159842778,-9.26000327546675,2.00467735836235,-12.1757879261893,-1.24637955953249,2.22114003886531,-0.245153139583023
2023,"LU22","LU22_08",0.666455317550299,-114.62565,1,0,0,0,0,0,0.532989146702933,-0.747924284739292,0.0265069677036778,0.0116506162876768,0.0367634179419223,0.0156571558705089,0,0,0,0,0,0.0187397849727527,0,0.0878282105730648,0.0233642921972149,2022,18.5977358490566,-12.3175471698113,13.6092764370338,-11.9164168494954,2.58978739244675,-12.4790276055407,-1.56785823014051,0.161480435729359,-0.382681624373796
2023,"LU22","LU22_101",0.911022277792477,-114.53072,1,0,0,0,0,0,-0.636947622970186,-0.669400527611261,-0.66343820683663,-0.618648819709026,-0.50989378543158,0.0155443007248703,0.00377217958895965,0,0.00377217958895965,0,0,0.00852114060947437,0,0,0.00633996060287848,2022,17.7739622641509,-12.5290094339623,13.6092764370338,-11.9164168494954,2.22293632563437,-12.6299459384784,-1.44756099792331,0.100936504516165,-0.382681624373796
2024,"LU22","LU22_101",0.911022277792477,-114.53072,13,0,5,0,0,0,-0.636947622970186,-0.669400527611261,-0.66343820683663,-0.618648819709026,-0.50989378543158,0.0155443007248703,0.00377217958895965,0,0.00377217958895965,0,0,0.00852114060947437,0,0,0.00633996060287848,2023,29.0458215962441,-10.2352112676056,16.2434159842778,-9.26000327546675,1.82460400674684,-12.3426213273043,-0.488126749091621,2.10741005969864,-0.153467483055842
2024,"LU22","LU22_103",0.928646460084906,-114.8876,13,2,6,1,1,0,0.896162826031568,-0.407638291887056,-0.263198964222088,-0.339010491445944,-0.164919517519075,0.0179991982563746,0,0,0,0,0,0.0253463605537219,0,0.0438673083156543,0,2023,15.905117370892,-9.82647887323944,16.2434159842778,-9.26000327546675,0.724450142630544,-11.8748210355568,-0.854263799504742,2.04834216231736,-0.107624654792251
2023,"LU22","LU22_103",0.928646460084906,-114.8876,1,0,0,0,0,0,0.896162826031568,-0.407638291887056,-0.263198964222088,-0.339010491445944,-0.164919517519075,0.0179991982563746,0,0,0,0,0,0.0253463605537219,0,0.0438673083156543,0,2022,14.1832547169811,-12.1177830188679,13.6092764370338,-11.9164168494954,1.17111556085767,-12.1692471267875,-1.18636097423849,0.0514641079195837,-0.382681624373796
2024,"LU22","LU22_107",0.940910239332496,-114.94152,13,3,4,0,2,1,1.24928255633329,-0.161433400837797,-0.293103400204186,-0.0782949326376465,-0.281912283263357,0.023592617451203,0,0,0,0,0.00208369549331568,0.0251523584696806,0.00734505732734664,0,0,2023,15.4236150234742,-9.76835680751174,16.2434159842778,-9.26000327546675,0.483673598489971,-11.813984798889,-0.771278017814274,2.04562799137722,-0.199310311319433
2023,"LU22","LU22_107",0.940910239332496,-114.94152,1,0,0,0,0,0,1.24928255633329,-0.161433400837797,-0.293103400204186,-0.0782949326376465,-0.281912283263357,0.023592617451203,0,0,0,0,0.00208369549331568,0.0251523584696806,0.00734505732734664,0,0,2022,13.6955660377358,-12.0679245283019,13.6092764370338,-11.9164168494954,0.924106605076959,-12.110187605272,-1.10079951242819,0.0422630769701087,-0.382681624373796
2024,"LU22","LU22_11",0.667232518844642,-114.75189,13,1,0,0,0,0,1.14403712643289,-0.041465249572498,0.00465726021348355,0.0638077856568505,-0.00390865758185555,0.0262603490576319,0,0,0,0,0.00632240716542469,0.0247814120147871,0,0,0.00924680900413796,2023,17.9842723004695,-10.0364319248826,16.2434159842778,-9.26000327546675,2.11616067410677,-12.2397147706897,-1.38188639468368,2.20328284580709,-0.382681624373796
2023,"LU22","LU22_11",0.667232518844642,-114.75189,1,0,1,0,0,0,1.14403712643289,-0.041465249572498,0.00465726021348355,0.0638077856568505,-0.00390865758185555,0.0262603490576319,0,0,0,0,0.00632240716542469,0.0247814120147871,0,0,0.00924680900413796,2022,18.6244811320755,-12.3590566037736,13.6092764370338,-11.9164168494954,2.68068596410915,-12.5385957977685,-1.60974861739513,0.179539193994879,0.213275143052886
2023,"LU22","LU22_110",0.944544798326655,-115.04659,1,0,1,0,0,0,1.23163674979265,-0.687403950990729,-0.19507915983784,-0.237275477283605,-0.123742856441279,0.0259355114069251,0,0,0,0,0.000669411011752338,0.0154053285231648,0,0.0451570119858855,0.00570497990197031,2022,13.0064150943396,-12.0121698113208,13.6092764370338,-11.9164168494954,0.588288777283554,-12.0290468004279,-0.986254930717388,0.016876989107109,0.213275143052886
2024,"LU22","LU22_110",0.944544798326655,-115.04659,13,5,16,0,1,3,1.23163674979265,-0.687403950990729,-0.19507915983784,-0.237275477283605,-0.123742856441279,0.0259355114069251,0,0,0,0,0.000669411011752338,0.0154053285231648,0,0.0451570119858855,0.00570497990197031,2023,14.685117370892,-9.6824882629108,16.2434159842778,-9.26000327546675,0.152682192046913,-11.7306948070949,-0.662416097251981,2.0482065441841,0.350803627843658
2024,"LU22","LU22_15",0.685965355924601,-114.83213,13,1,4,0,1,0,2.19778632229353,-0.27171668634155,0.123578771017381,-0.289581781029888,0.239973935535266,0.026723019242829,0,0,0,0,0,0.0135243539709467,0,0.0530396220785316,0,2023,17.4298591549296,-9.92258215962441,16.2434159842778,-9.26000327546675,1.82686004530548,-12.0976898751569,-1.28053272701288,2.17510771553249,-0.199310311319433
2023,"LU22","LU22_15",0.685965355924601,-114.83213,1,0,0,0,0,0,2.19778632229353,-0.27171668634155,0.123578771017381,-0.289581781029888,0.239973935535266,0.026723019242829,0,0,0,0,0,0.0135243539709467,0,0.0530396220785316,0,2022,17.8127830188679,-12.2430660377358,13.6092764370338,-11.9164168494954,2.33464838746431,-12.3950509972247,-1.49863779611655,0.151984959488804,-0.382681624373796
2023,"LU22","LU22_17",0.698080552571802,-114.73563,1,0,0,0,0,0,2.03569484511941,-1.32312900384002,0.2407186337956,0.641265987500002,0.0659334476772507,0.0271310612760054,0.00198730607027102,0,0.00198730607027102,0,0.0142915370200547,0.0364910063559381,0,0.0215081129803019,0.0264746752241157,2022,18.4231132075472,-12.350141509434,13.6092764370338,-11.9164168494954,2.60818002387147,-12.527807554425,-1.58859901591007,0.177666044991085,-0.382681624373796
2024,"LU22","LU22_17",0.698080552571802,-114.73563,13,2,2,0,1,1,2.03569484511941,-1.32312900384002,0.2407186337956,0.641265987500002,0.0659334476772507,0.0271310612760054,0.00198730607027102,0,0.00198730607027102,0,0.0142915370200547,0.0364910063559381,0,0.0215081129803019,0.0264746752241157,2023,18.2186384976526,-10.0315492957746,16.2434159842778,-9.26000327546675,2.04160222249854,-12.2297364218996,-1.33006598460466,2.19818712612496,-0.290995967846614
2023,"LU22","LU22_18",0.692788726111746,-114.64916,1,0,0,0,0,0,1.56669124213158,-0.319510526897058,0.0871649394342849,-0.640982357717779,0.314171267627967,0.0138991857477022,0,0,0,0,0.00427207722442836,0.0157739342382446,0,0.124235139917843,0,2022,17.9102358490566,-12.2810849056604,13.6092764370338,-11.9164168494954,2.41143378760894,-12.4321171843397,-1.52892442383165,0.151032278679352,-0.382681624373796
2024,"LU22","LU22_18",0.692788726111746,-114.64916,13,1,22,0,0,0,1.56669124213158,-0.319510526897058,0.0871649394342849,-0.640982357717779,0.314171267627967,0.0138991857477022,0,0,0,0,0.00427207722442836,0.0157739342382446,0,0.124235139917843,0,2023,17.6859624413146,-9.9287323943662,16.2434159842778,-9.26000327546675,1.82074282022374,-12.1302139250598,-1.26014432863607,2.2014815306936,0.625860597425202
2023,"LU22","LU22_21",0.710995809374943,-114.8343,1,0,0,0,0,0,1.42017543711859,-0.52060998973573,0.592305211708327,-0.433643594756236,0.796721206267184,0.0159832701405625,0,0,0,0,0,0.0143088402774325,0,0.185933288901668,0,2022,17.4067924528302,-12.2277830188679,13.6092764370338,-11.9164168494954,2.27049568842708,-12.3702244404758,-1.49544482831642,0.142441421607831,-0.382681624373796
2024,"LU22","LU22_21",0.710995809374943,-114.8343,13,1,2,0,1,0,1.42017543711859,-0.52060998973573,0.592305211708327,-0.433643594756236,0.796721206267184,0.0159832701405625,0,0,0,0,0,0.0143088402774325,0,0.185933288901668,0,2023,17.4732394366197,-9.92244131455399,16.2434159842778,-9.26000327546675,1.77158195381394,-12.0757328925959,-1.25099472907023,2.15329157804192,-0.290995967846614
2024,"LU22","LU22_22",0.713224548380797,-114.7846,13,0,2,0,0,0,-0.925975785370311,-0.0723055753862438,1.08915261528447,0.0143561889115967,1.19229276650158,0.0142244349345642,0,0,0,0,0.00437082919429519,0.0240863450108622,0,0.268296528959581,0.00117582746080754,2023,17.1717370892019,-9.88267605633803,16.2434159842778,-9.26000327546675,1.68010876778538,-12.0497642958764,-1.22754545223391,2.16708823953833,-0.290995967846614
2023,"LU22","LU22_22",0.713224548380797,-114.7846,1,0,0,0,0,0,-0.925975785370311,-0.0723055753862438,1.08915261528447,0.0143561889115967,1.19229276650158,0.0142244349345642,0,0,0,0,0.00437082919429519,0.0240863450108622,0,0.268296528959581,0.00117582746080754,2022,17.1937264150943,-12.2083962264151,13.6092764370338,-11.9164168494954,2.19456840516682,-12.3479527284971,-1.47344684871728,0.139556502081977,-0.382681624373796
2023,"LU22","LU22_25",0.709521412801836,-114.66645,1,0,1,0,0,0,2.05846195663589,-0.57687352075157,-0.547966113566659,-0.560929072470021,-0.40292959371129,0.0168349864671021,0.00860352412585722,0,0.00860352412585722,0,0.0101528325774227,0.0145080586054025,0,0,0,2022,16.5202830188679,-12.1572641509434,13.6092764370338,-11.9164168494954,1.98410732832024,-12.2780223182641,-1.41811523812551,0.120758167320687,0.213275143052886
2024,"LU22","LU22_25",0.709521412801836,-114.66645,13,2,1,0,2,0,2.05846195663589,-0.57687352075157,-0.547966113566659,-0.560929072470021,-0.40292959371129,0.0168349864671021,0.00860352412585722,0,0.00860352412585722,0,0.0101528325774227,0.0145080586054025,0,0,0,2023,17.0350704225352,-9.80107981220657,16.2434159842778,-9.26000327546675,1.43555160617129,-11.9758283675427,-1.11925015816626,2.17474855533609,-0.336838796110205
2023,"LU22","LU22_29",0.721499456279443,-114.74471,1,0,0,0,0,0,0.394622984464815,1.58478227093576,3.32084848367849,-0.137634690299447,3.67012933559315,0.0294769136249276,0.00949202671047579,0,0.00525054227573894,0,0.0106781155943679,0.00990636496964525,0,0.540404019485831,0.011535169114499,2022,17.7658018867925,-12.312641509434,13.6092764370338,-11.9164168494954,2.51815184551266,-12.4776135113244,-1.59008361608651,0.164972001890407,-0.382681624373796
2024,"LU22","LU22_29",0.721499456279443,-114.74471,13,2,3,0,1,1,0.394622984464815,1.58478227093576,3.32084848367849,-0.137634690299447,3.67012933559315,0.0294769136249276,0.00949202671047579,0,0.00525054227573894,0,0.0106781155943679,0.00990636496964525,0,0.540404019485831,0.011535169114499,2023,18.2476525821596,-10.0052582159624,16.2434159842778,-9.26000327546675,1.97010239414288,-12.1810816214356,-1.29370576438716,2.17582340547312,-0.245153139583023
2023,"LU22","LU22_30",0.716367641850587,-114.72423,1,0,0,0,0,0,1.1925621348449,1.79630243556807,2.58150146914447,-0.526066895332577,2.99136691758462,0.0158260432980993,0.00626818400881089,0,0.00626818400881089,0,0.00761415097641177,0.0144319215567465,0,0.487865186620671,0.00280893053390376,2022,17.9878301886792,-12.2981132075472,13.6092764370338,-11.9164168494954,2.49748690852773,-12.4607251530421,-1.56502065355965,0.162611945494978,-0.382681624373796
2024,"LU22","LU22_30",0.716367641850587,-114.72423,13,1,5,0,0,0,1.1925621348449,1.79630243556807,2.58150146914447,-0.526066895332577,2.99136691758462,0.0158260432980993,0.00626818400881089,0,0.00626818400881089,0,0.00761415097641177,0.0144319215567465,0,0.487865186620671,0.00280893053390376,2023,18.0530046948357,-9.97821596244131,16.2434159842778,-9.26000327546675,1.93557893071206,-12.1625793400629,-1.2903638290634,2.18436337762156,-0.153467483055842
2023,"LU22","LU22_32",0.718744963456828,-114.62615,1,0,2,0,0,0,2.02901560978505,-0.170492804886921,0.698390435436186,-0.668058185916377,0.988097107013359,0.019907158429553,0,0,0,0,0,0.00745248574316516,0,0.220227104881388,0,2022,16.4627830188679,-12.1325,13.6092764370338,-11.9164168494954,1.8973399678516,-12.2489101419068,-1.38030663793812,0.11641014190683,0.809231910479567
2024,"LU22","LU22_32",0.718744963456828,-114.62615,13,1,6,0,1,0,2.02901560978505,-0.170492804886921,0.698390435436186,-0.668058185916377,0.988097107013359,0.019907158429553,0,0,0,0,0,0.00745248574316516,0,0.220227104881388,0,2023,17.9145539906103,-9.77098591549296,16.2434159842778,-9.26000327546675,1.37357711490809,-11.9460226055729,-1.02953355908413,2.17503669007997,-0.107624654792251
2023,"LU22","LU22_33",0.730322976856457,-114.76378,1,0,0,0,0,0,-0.877755550627562,0.873677158019401,1.96740339566744,0.228233308541072,2.07875588046303,0.0284922015954953,0.00292719354223146,0,0.00292719354223146,0,0.00789842398042435,0.0139447246041407,0,0.318401820995083,0.02653486059674,2022,17.7332547169811,-12.1737264150943,13.6092764370338,-11.9164168494954,2.10562007518127,-12.3022287126873,-1.39391772680837,0.128502297592961,-0.382681624373796
2024,"LU22","LU22_33",0.730322976856457,-114.76378,13,2,2,0,0,2,-0.877755550627562,0.873677158019401,1.96740339566744,0.228233308541072,2.07875588046303,0.0284922015954953,0.00292719354223146,0,0.00292719354223146,0,0.00789842398042435,0.0139447246041407,0,0.318401820995083,0.02653486059674,2023,17.0789201877934,-9.84784037558685,16.2434159842778,-9.26000327546675,1.59281298436608,-12.0044365193434,-1.19188865194248,2.15659614375655,-0.290995967846614
2023,"LU22","LU22_34",0.740495170267787,-114.75753,1,0,3,0,0,0,-0.917335714526874,-0.314630774621495,0.419444281966231,0.183378647786532,0.408745294297309,0.0273128988876846,0.00777794470970424,0,0.00777794470970424,0,0.0171500488215966,0.0231811378510744,0,0.0528052000152803,0.0186647025391271,2022,17.5146698113208,-12.1750471698113,13.6092764370338,-11.9164168494954,2.11020503581312,-12.302776893709,-1.4110133850718,0.127729723897652,1.40518867790625
2024,"LU22","LU22_34",0.740495170267787,-114.75753,13,2,1,0,1,0,-0.917335714526874,-0.314630774621495,0.419444281966231,0.183378647786532,0.408745294297309,0.0273128988876846,0.00777794470970424,0,0.00777794470970424,0,0.0171500488215966,0.0231811378510744,0,0.0528052000152803,0.0186647025391271,2023,17.0936150234742,-9.85323943661972,16.2434159842778,-9.26000327546675,1.59125852637113,-12.0046956878179,-1.19014006097104,2.15145625119815,-0.336838796110205
2023,"LU22","LU22_35",0.733648941219036,-114.73399,1,0,0,0,0,0,0.421824685647757,1.23440879627432,3.19064559426193,-0.139716100930233,3.52911249671414,0.0249954213055971,0.00235454859540642,0,0.00235454859540642,0,0.0207613924708741,0.0140207490601981,0,0.470035992795433,0.00767651223808022,2022,17.5614150943396,-12.1717924528302,13.6092764370338,-11.9164168494954,2.10498867246868,-12.2992438625995,-1.40532042253136,0.127451409769318,-0.382681624373796
2024,"LU22","LU22_35",0.733648941219036,-114.73399,13,0,7,0,0,0,0.421824685647757,1.23440879627432,3.19064559426193,-0.139716100930233,3.52911249671414,0.0249954213055971,0.00235454859540642,0,0.00235454859540642,0,0.0207613924708741,0.0140207490601981,0,0.470035992795433,0.00767651223808022,2023,17.0298591549296,-9.84178403755869,16.2434159842778,-9.26000327546675,1.57395047517951,-12.0001471077201,-1.18616004085554,2.15836307016141,-0.0617818265286602
2023,"LU22","LU22_36",0.740963776930558,-114.70744,1,0,0,0,0,0,0.698511210339033,-0.547775182782574,0.172306728660045,0.278352970735592,0.109038486788503,0.0252578607942973,0,0,0,0,0.0166158325540105,0.0264049919844328,0,0,0.0173510877519524,2022,16.6975,-12.0795283018868,13.6092764370338,-11.9164168494954,1.77657970443338,-12.1847605038614,-1.30624426169217,0.105232201974607,-0.382681624373796
2024,"LU22","LU22_36",0.740963776930558,-114.70744,13,0,12,0,0,0,0.698511210339033,-0.547775182782574,0.172306728660045,0.278352970735592,0.109038486788503,0.0252578607942973,0,0,0,0,0.0166158325540105,0.0264049919844328,0,0,0.0173510877519524,2023,16.1530985915493,-9.73018779342723,16.2434159842778,-9.26000327546675,1.25626791726233,-11.8835108806012,-1.09311720147469,2.153323087174,0.167432314789295
2023,"LU22","LU22_38",0.763319743573874,-114.78486,1,0,0,0,0,0,1.96699207772817,-0.939629052322794,-0.0575783630115483,0.0745143082209657,-0.0850655453193338,0.0198346585798474,0,0,0,0,0.0210894467393535,0.0318839469836226,0,0,0.00776087286724308,2022,17.056179245283,-12.1753301886792,13.6092764370338,-11.9164168494954,2.04002389210549,-12.3021280797873,-1.40849787654326,0.126797891108039,-0.382681624373796
2024,"LU22","LU22_40",0.76783436873957,-114.38989,13,0,1,0,0,0,0.0905195246516928,0.487392413270089,2.19995163430666,-0.749074066554653,2.64838737091266,0.017405619872743,0,0,0,0,0,0.00199547004001991,0,0.460528017232518,0,2023,24.6659154929577,-9.7293427230047,16.2434159842778,-9.26000327546675,1.16812217732322,-11.905200242205,-0.470804991676969,2.17585751920033,-0.336838796110205
2023,"LU22","LU22_40",0.76783436873957,-114.38989,1,0,1,0,0,0,0.0905195246516928,0.487392413270089,2.19995163430666,-0.749074066554653,2.64838737091266,0.017405619872743,0,0,0,0,0,0.00199547004001991,0,0.460528017232518,0,2022,17.0703773584906,-12.1226886792453,13.6092764370338,-11.9164168494954,1.54611172365733,-12.2115029933666,-1.17001236979387,0.0888143141213114,0.213275143052886
2023,"LU22","LU22_44",0.760610968474454,-114.85827,1,0,0,0,0,0,1.21771713801783,-0.448662521519542,0.485858637473861,0.357113339462557,0.424744226765191,0.0228328506450979,0.00223747474759767,0,0.00223747474759767,0,0.00631545700896068,0.0214767086639437,0,0.0619583996775711,0.0272892403312382,2022,16.8096226415094,-12.1342452830189,13.6092764370338,-11.9164168494954,1.8350258827352,-12.223058045432,-1.3267123489537,0.0888127624131023,-0.382681624373796
2024,"LU22","LU22_44",0.760610968474454,-114.85827,13,3,7,0,1,3,1.21771713801783,-0.448662521519542,0.485858637473861,0.357113339462557,0.424744226765191,0.0228328506450979,0.00223747474759767,0,0.00223747474759767,0,0.00631545700896068,0.0214767086639437,0,0.0619583996775711,0.0272892403312382,2023,16.8023943661972,-9.80962441314554,16.2434159842778,-9.26000327546675,1.37628818160609,-11.9279097262479,-1.10660159538494,2.11828531310233,-0.0617818265286602
2023,"LU22","LU22_46",0.789070251164561,-114.39758,1,0,0,0,0,0,2.47950508267383,-0.563147093229883,-0.370505836500813,-0.38698350442366,-0.266155166084619,0.0207917853625999,0,0,0,0,0.00267032157717176,0.00860059430995414,0,0.00207813714258414,0,2022,15.6425471698113,-12.0229716981132,13.6092764370338,-11.9164168494954,1.08686525722453,-12.0812115491133,-1.04643345808297,0.0582398510001365,-0.382681624373796
2024,"LU22","LU22_46",0.789070251164561,-114.39758,13,2,4,0,2,0,2.47950508267383,-0.563147093229883,-0.370505836500813,-0.38698350442366,-0.266155166084619,0.0207917853625999,0,0,0,0,0.00267032157717176,0.00860059430995414,0,0.00207813714258414,0,2023,22.6695305164319,-9.60802816901408,16.2434159842778,-9.26000327546675,0.727398616505518,-11.7734105769729,-0.3948655857054,2.16538240795879,-0.199310311319433
2024,"LU22","LU22_47",0.781378244236674,-114.38641,13,5,6,1,2,3,2.3591696224794,-0.402372423123317,-0.282175316634161,-0.530991283313184,-0.12338467195305,0.0232281326521581,0,0,0,0,0,0.00366206118151286,0,0.00914692564144051,0,2023,22.6695305164319,-9.60802816901408,16.2434159842778,-9.26000327546675,0.727398616505518,-11.7734105769729,-0.3948655857054,2.16538240795879,-0.107624654792251
2023,"LU22","LU22_47",0.781378244236674,-114.38641,1,0,0,0,0,0,2.3591696224794,-0.402372423123317,-0.282175316634161,-0.530991283313184,-0.12338467195305,0.0232281326521581,0,0,0,0,0,0.00366206118151286,0,0.00914692564144051,0,2022,15.6425471698113,-12.0229716981132,13.6092764370338,-11.9164168494954,1.08686525722453,-12.0812115491133,-1.04643345808297,0.0582398510001365,-0.382681624373796
2024,"LU22","LU22_48",0.780989643589499,-114.96295,13,6,10,0,3,2,0.879351564093876,-1.12757995046384,0.0955774424103801,0.175810312480195,0.0338811381598143,0.0185549269063153,0.00682221360875337,0,0.00682221360875337,0,0.00867065215147153,0.0307438215486404,0,0.0357578448044678,0.0195641674019436,2023,14.2784037558685,-9.49849765258216,16.2434159842778,-9.26000327546675,0.549981101393544,-11.6029783017704,-0.881180651352453,2.10448064918823,0.0757466582621127
2023,"LU22","LU22_48",0.780989643589499,-114.96295,1,0,0,0,0,0,0.879351564093876,-1.12757995046384,0.0955774424103801,0.175810312480195,0.0338811381598143,0.0185549269063153,0.00682221360875337,0,0.00682221360875337,0,0.00867065215147153,0.0307438215486404,0,0.0357578448044678,0.0195641674019436,2022,14.0243396226415,-11.8932547169811,13.6092764370338,-11.9164168494954,0.923326839748873,-11.9049029012125,-1.0780272926884,0.011648184231376,-0.382681624373796
2023,"LU22","LU22_49",0.774714886080713,-114.93654,1,0,0,0,0,0,2.01117782061625,-0.621887710421509,-0.083122952577588,0.548899619748434,-0.256562663288136,0.0165933321666023,0,0,0,0,0.00320745674784783,0.0195838158843319,0,0.0217050293631009,0.0304116327896173,2022,14.9396226415094,-11.9756603773585,13.6092764370338,-11.9164168494954,1.20349528670854,-12.0106672226978,-1.150405618133,0.0350068453393355,-0.382681624373796
2024,"LU22","LU22_49",0.774714886080713,-114.93654,13,5,7,1,2,4,2.01117782061625,-0.621887710421509,-0.083122952577588,0.548899619748434,-0.256562663288136,0.0165933321666023,0,0,0,0,0.00320745674784783,0.0195838158843319,0,0.0217050293631009,0.0304116327896173,2023,15.1816431924883,-9.60323943661972,16.2434159842778,-9.26000327546675,0.819759257560417,-11.7111340564448,-0.94938282388049,2.1078946198251,-0.0617818265286602
2023,"LU22","LU22_50",0.778086568166495,-114.81908,1,0,0,0,0,0,1.87701280782927,-0.213605709613886,0.264534925223687,0.372230700172959,0.171905232916567,0.0241813213651481,0.00719158361956442,0,0.00719158361956442,0,0.0015113365333094,0.0379512304878241,0,0.020814585723853,0.00979834818940074,2022,16.6709433962264,-12.155141509434,13.6092764370338,-11.9164168494954,1.92341908111343,-12.2673600151768,-1.37866723570998,0.112218505742876,-0.382681624373796
2024,"LU22","LU22_50",0.778086568166495,-114.81908,13,4,3,0,2,1,1.87701280782927,-0.213605709613886,0.264534925223687,0.372230700172959,0.171905232916567,0.0241813213651481,0.00719158361956442,0,0.00719158361956442,0,0.0015113365333094,0.0379512304878241,0,0.020814585723853,0.00979834818940074,2023,17.2456807511737,-9.8493896713615,16.2434159842778,-9.26000327546675,1.44504802552098,-11.9719189211041,-1.10946937599144,2.12252924974264,-0.245153139583023
2023,"LU22","LU22_53",0.803791358033988,-114.40262,1,0,0,0,0,0,1.89353974114665,0.304619536886677,0.43336597576886,0.0527690945485382,0.466201780484815,0.0204886525293117,0,0,0,0,0.000442675042736786,0.0159926180807327,0,0.121034354502273,0,2022,17.6019339622642,-12.2650471698113,13.6092764370338,-11.9164168494954,1.72907731213352,-12.3434091278341,-1.22178746497505,0.0783619580227572,-0.382681624373796
2024,"LU22","LU22_53",0.803791358033988,-114.40262,13,1,9,0,1,0,1.89353974114665,0.304619536886677,0.43336597576886,0.0527690945485382,0.466201780484815,0.0204886525293117,0,0,0,0,0.000442675042736786,0.0159926180807327,0,0.121034354502273,0,2023,27.3506103286385,-9.87591549295775,16.2434159842778,-9.26000327546675,1.36328675966954,-12.0408878736394,-0.381766975186281,2.16497238068163,0.0299038299985217
2024,"LU22","LU22_60",0.819438248798147,-114.44941,13,1,1,0,1,0,-0.54283300291466,-0.603181265960913,-0.042505021415276,-0.199529873020862,0.0130932427985453,0.0202644227662791,0,0,0,0,0.0103254315132295,0.0126497496545482,0,0,0,2023,28.6129577464789,-9.88835680751174,16.2434159842778,-9.26000327546675,1.3945413960666,-12.0362254582887,-0.310801433099296,2.14786865077698,-0.336838796110205
2023,"LU22","LU22_60",0.819438248798147,-114.44941,1,0,0,0,0,0,-0.54283300291466,-0.603181265960913,-0.042505021415276,-0.199529873020862,0.0130932427985453,0.0202644227662791,0,0,0,0,0.0103254315132295,0.0126497496545482,0,0,0,2022,17.1959905660377,-12.2544811320755,13.6092764370338,-11.9164168494954,1.74400063547695,-12.3364437752275,-1.25661828950609,0.081962643152071,-0.382681624373796
2023,"LU22","LU22_61",0.818089575963838,-114.41562,1,0,0,0,0,0,1.18391196720297,-0.363088442429343,0.273533531936599,-0.306875719622528,0.408761380293648,0.0190267343773187,0,0,0,0,0.00273024034173358,0.0188049333023103,0,0.136326091580648,0,2022,17.5154245283019,-12.2811320754717,13.6092764370338,-11.9164168494954,1.8343970306265,-12.3633168229023,-1.27832818052165,0.0821847474306026,-0.382681624373796
2024,"LU22","LU22_61",0.818089575963838,-114.41562,13,0,0,0,0,0,1.18391196720297,-0.363088442429343,0.273533531936599,-0.306875719622528,0.408761380293648,0.0190267343773187,0,0,0,0,0.00273024034173358,0.0188049333023103,0,0.136326091580648,0,2023,27.966103286385,-9.90342723004695,16.2434159842778,-9.26000327546675,1.47172344762965,-12.0620859506662,-0.391983692189424,2.15865872061921,-0.382681624373796
2023,"LU22","LU22_63",0.819826849445322,-114.72468,1,0,0,0,0,0,1.02497201778818,4.10782496199307,0.543904850593453,0.653755674532437,0.391824996314326,0.0268780580940942,0.00857211902620103,0.00249986042416263,0.00188244537868542,0,0.00968293930854206,0.0186622046400913,0,0.0997777324750899,0.043656854132249,2022,16.0775943396226,-12.1469339622642,13.6092764370338,-11.9164168494954,1.79149662056468,-12.2543231766145,-1.35564788269501,0.107389214350373,-0.382681624373796
2024,"LU22","LU22_63",0.819826849445322,-114.72468,13,0,2,0,0,0,1.02497201778818,4.10782496199307,0.543904850593453,0.653755674532437,0.391824996314326,0.0268780580940942,0.00857211902620103,0.00249986042416263,0.00188244537868542,0,0.00968293930854206,0.0186622046400913,0,0.0997777324750899,0.043656854132249,2023,16.9292488262911,-9.85342723004695,16.2434159842778,-9.26000327546675,1.28824077157279,-11.958499456468,-1.05561854220923,2.10507222642105,-0.290995967846614
2023,"LU22","LU22_65",0.833416442665622,-114.48563,1,0,0,0,0,0,1.67654269900176,-1.35959005501282,-0.267187242720366,-0.274670965080879,-0.190100255111843,0.0192871544910037,0,0,0,0,0.0047363925058058,0.0165847337271836,0,0,0,2022,18.1004716981132,-12.4212264150943,13.6092764370338,-11.9164168494954,2.25829018889168,-12.5225364969632,-1.4423193836669,0.101310081868899,-0.382681624373796
2024,"LU22","LU22_65",0.833416442665622,-114.48563,13,0,3,0,0,0,1.67654269900176,-1.35959005501282,-0.267187242720366,-0.274670965080879,-0.190100255111843,0.0192871544910037,0,0,0,0,0.0047363925058058,0.0165847337271836,0,0,0,2023,32.3483098591549,-10.0969953051643,16.2434159842778,-9.26000327546675,1.90108380306381,-12.2282564493069,-0.299927893368921,2.1312611441426,-0.245153139583023
2024,"LU22","LU22_69",0.843542918353749,-114.6179,14,1,4,0,0,1,1.09543563949296,-0.326244233823804,-0.4767290253636,-0.143737821751932,-0.460541731423967,0.0193647500453064,0.00618410331614134,0.00618410331614134,0,0,0,0.0184517273620006,0,0,0.0125573373520274,2023,19.6524882629108,-9.82267605633803,16.2434159842778,-9.26000327546675,1.10645607456782,-11.9339957671369,-0.782682935639849,2.11131971079891,-0.212408262251887
2023,"LU22","LU22_69",0.843542918353749,-114.6179,1,0,0,0,0,0,1.09543563949296,-0.326244233823804,-0.4767290253636,-0.143737821751932,-0.460541731423967,0.0193647500453064,0.00618410331614134,0.00618410331614134,0,0,0,0.0184517273620006,0,0,0.0125573373520274,2022,15.743679245283,-12.1562735849057,13.6092764370338,-11.9164168494954,1.55506695030366,-12.2321928167331,-1.26469830315317,0.075919231827438,-0.382681624373796
2024,"LU22","LU22_70",0.843782936400536,-114.56931,13,8,3,0,2,7,0.630805838049372,-0.514363562696353,-0.200633309357475,-0.120296549135387,-0.17136425198013,0.00811634134996606,0.00688940199132148,0.00268733539293955,0.00420206659838193,0,0.00647473932516562,0.0278878377286602,0,0,0.0106012207040976,2023,25.5570892018779,-9.86244131455399,16.2434159842778,-9.26000327546675,1.29936315829175,-11.9814584835856,-0.473207742163582,2.1190171690316,-0.245153139583023
2023,"LU22","LU22_70",0.843782936400536,-114.56931,1,0,1,0,0,0,0.630805838049372,-0.514363562696353,-0.200633309357475,-0.120296549135387,-0.17136425198013,0.00811634134996606,0.00688940199132148,0.00268733539293955,0.00420206659838193,0,0.00647473932516562,0.0278878377286602,0,0,0.0106012207040976,2022,16.3452830188679,-12.2045283018868,13.6092764370338,-11.9164168494954,1.67560482109396,-12.2797673515861,-1.2816805600727,0.0752390496992774,0.213275143052886
2023,"LU22","LU22_71",0.844914450049663,-114.52732,1,0,0,0,0,0,0.285377221477081,-0.821413723885089,-0.121013825978895,-0.30545791813603,-0.0210571976763427,0.0284903273539444,0,0,0,0,0.00241856229015751,0.0101562200328296,0,0,0.00603419357017186,2022,17.3662735849057,-12.3349528301887,13.6092764370338,-11.9164168494954,2.02165422610436,-12.4227156929748,-1.3785393161811,0.0877628627860965,-0.382681624373796
2024,"LU22","LU22_71",0.844914450049663,-114.52732,13,4,0,0,4,0,0.285377221477081,-0.821413723885089,-0.121013825978895,-0.30545791813603,-0.0210571976763427,0.0284903273539444,0,0,0,0,0.00241856229015751,0.0101562200328296,0,0,0.00603419357017186,2023,30.2970422535211,-9.99849765258216,16.2434159842778,-9.26000327546675,1.66759798325965,-12.1270039328261,-0.327386206261497,2.1285062802439,-0.382681624373796
2023,"LU22","LU22_72",0.844000095585717,-114.49997,1,0,0,0,0,0,1.44069691441788,-1.07193620576313,-0.228707871683157,-0.422689951206893,-0.100280118725206,0.0260265228841218,0,0,0,0,0.00472561134454545,0.0103937112105216,0,0,0.00372657788619741,2022,18.1630660377358,-12.433820754717,13.6092764370338,-11.9164168494954,2.2411139137468,-12.5375483776496,-1.42979530373335,0.103727622932634,-0.382681624373796
2024,"LU22","LU22_72",0.844000095585717,-114.49997,13,4,0,0,2,1,1.44069691441788,-1.07193620576313,-0.228707871683157,-0.422689951206893,-0.100280118725206,0.0260265228841218,0,0,0,0,0.00472561134454545,0.0103937112105216,0,0,0.00372657788619741,2023,32.4899061032864,-10.1028169014085,16.2434159842778,-9.26000327546675,1.89129616424893,-12.2436166095312,-0.285575054204813,2.14079970812276,-0.382681624373796
2024,"LU22","LU22_76",0.848926180260195,-114.69523,13,1,2,0,1,0,0.975649110383361,3.99826994400762,-0.529224179396228,-0.363845562705086,-0.446372389711868,0.0176486122884754,0,0,0,0,0,0.0135278507991089,0,0,0.011226613793931,2023,18.1199530516432,-9.91267605633803,16.2434159842778,-9.26000327546675,1.36546977756311,-12.0093752855962,-1.01164228604563,2.09669922925815,-0.290995967846614
2023,"LU22","LU22_76",0.848926180260195,-114.69523,1,0,0,0,0,0,0.975649110383361,3.99826994400762,-0.529224179396228,-0.363845562705086,-0.446372389711868,0.0176486122884754,0,0,0,0,0,0.0135278507991089,0,0,0.011226613793931,2022,16.2083962264151,-12.2031132075472,13.6092764370338,-11.9164168494954,1.8623323533063,-12.303487888833,-1.38080150704907,0.100374681285832,-0.382681624373796
2024,"LU22","LU22_77",0.852412156653966,-114.50988,13,1,3,0,0,0,0.700240805756668,-0.951516521425256,-0.318473123466301,-0.28369200408726,-0.242989173424765,0.0223602610668604,0.00251031572066996,0,0.00251031572066996,0,0.00472561134454476,0.0181509755922119,0,0,0.0063047110435418,2023,30.0733333333333,-10.036338028169,16.2434159842778,-9.26000327546675,1.68665058740444,-12.1676012044263,-0.351788301002037,2.1312631762573,-0.245153139583023
2023,"LU22","LU22_77",0.852412156653966,-114.50988,1,0,0,0,0,0,0.700240805756668,-0.951516521425256,-0.318473123466301,-0.28369200408726,-0.242989173424765,0.0223602610668604,0.00251031572066996,0,0.00251031572066996,0,0.00472561134454476,0.0181509755922119,0,0,0.0063047110435418,2022,17.5321698113208,-12.3682075471698,13.6092764370338,-11.9164168494954,2.04809948109899,-12.462832861495,-1.37995517419469,0.0946253143251496,-0.382681624373796
2023,"LU22","LU22_80",0.860767070568208,-114.73636,1,0,0,0,0,0,0.524707587521794,3.25828252686342,-0.541679347834495,-0.251813355666414,-0.496215466783514,0.011780215988463,0.00926244886965439,0,0.00566034462163439,0,0,0.0215306137627042,0,0.0420221371279025,0.0123174016441264,2022,16.4394811320755,-12.2743396226415,13.6092764370338,-11.9164168494954,2.03906520345202,-12.3811854107064,-1.45004854076556,0.10684578806492,-0.382681624373796
2024,"LU22","LU22_80",0.860767070568208,-114.73636,13,0,3,0,0,0,0.524707587521794,3.25828252686342,-0.541679347834495,-0.251813355666414,-0.496215466783514,0.011780215988463,0.00926244886965439,0,0.00566034462163439,0,0,0.0215306137627042,0,0.0420221371279025,0.0123174016441264,2023,17.358779342723,-10.0043661971831,16.2434159842778,-9.26000327546675,1.51844877124951,-12.0905396836946,-1.13706250592872,2.08617348651154,-0.245153139583023
2023,"LU22","LU22_81",0.873968063141332,-114.62211,1,0,0,0,0,0,0.701809766366088,1.52592672147517,-0.0452649537489517,0.36901293424626,-0.157096286273395,0.0312488063574901,0.00402779174243605,0,0.00402779174243605,0,0.00742833127649276,0.0273289813690558,0,0,0.0185001962627576,2022,16.1374056603774,-12.2641509433962,13.6092764370338,-11.9164168494954,1.70584671806677,-12.3411948371692,-1.3103849904454,0.0770438937729736,-0.382681624373796
2024,"LU22","LU22_81",0.873968063141332,-114.62211,13,0,3,0,0,0,0.701809766366088,1.52592672147517,-0.0452649537489517,0.36901293424626,-0.157096286273395,0.0312488063574901,0.00402779174243605,0,0.00402779174243605,0,0.00742833127649276,0.0273289813690558,0,0,0.0185001962627576,2023,21.5730046948357,-9.94953051643192,16.2434159842778,-9.26000327546675,1.26188111169809,-12.046998774682,-0.72659307682857,2.09746825825004,-0.245153139583023
2023,"LU22","LU22_82",0.860652776260212,-114.55493,1,0,1,0,0,0,1.12388468711796,-0.947922316790283,0.0400034841121572,0.213486234530193,-0.013926894164532,0.0287160874993737,0.00293968703291551,0,0.00293968703291551,0,0.0094701514946866,0.0232154872346049,0,0,0.0136802678842939,2022,16.6716981132075,-12.2766509433962,13.6092764370338,-11.9164168494954,1.76116874474261,-12.3559344170617,-1.30059097569507,0.0792834736654608,0.213275143052886
2024,"LU22","LU22_82",0.860652776260212,-114.55493,13,0,3,0,0,0,1.12388468711796,-0.947922316790283,0.0400034841121572,0.213486234530193,-0.013926894164532,0.0287160874993737,0.00293968703291551,0,0.00293968703291551,0,0.0094701514946866,0.0232154872346049,0,0,0.0136802678842939,2023,26.57220657277,-9.94164319248826,16.2434159842778,-9.26000327546675,1.3834060889822,-12.0594573440824,-0.444469853035945,2.11781415159412,-0.245153139583023
2023,"LU22","LU22_85",0.880288538373313,-114.76451,1,0,0,0,0,0,1.11654136701482,4.1394008944633,0.742546725943673,0.160007361313916,0.767926253401358,0.00945086665910827,0.00411375243086401,0,0,0,0.00796562119652878,0.0194915512140208,0,0.181451117084866,0.0378464639610425,2022,15.6639622641509,-12.2399056603774,13.6092764370338,-11.9164168494954,1.79928784749438,-12.3294335694472,-1.3875727214334,0.0895279090698029,-0.382681624373796
2024,"LU22","LU22_85",0.880288538373313,-114.76451,13,3,4,0,1,2,1.11654136701482,4.1394008944633,0.742546725943673,0.160007361313916,0.767926253401358,0.00945086665910827,0.00411375243086401,0,0,0,0.00796562119652878,0.0194915512140208,0,0.181451117084866,0.0378464639610425,2023,16.8874647887324,-9.96145539906103,16.2434159842778,-9.26000327546675,1.29497204778613,-12.0377606220977,-1.06170203597597,2.07630522303666,-0.199310311319433
2023,"LU22","LU22_86",0.874573822973689,-114.73642,1,0,0,0,0,0,1.12115319616744,3.9938411729062,0.11812297517526,0.0747462697311782,0.11602529864671,0.0282239500920637,0.0124339970917791,0,0.0088318928437588,0,0.0011681848154641,0.0151874499969023,0,0.0510841944474491,0.0197401710970512,2022,16.2026886792453,-12.2590566037736,13.6092764370338,-11.9164168494954,1.92847946232127,-12.3583021844823,-1.41299992376497,0.0992455807086916,-0.382681624373796
2024,"LU22","LU22_86",0.874573822973689,-114.73642,13,0,1,0,0,0,1.12115319616744,3.9938411729062,0.11812297517526,0.0747462697311782,0.11602529864671,0.0282239500920637,0.0124339970917791,0,0.0088318928437588,0,0.0011681848154641,0.0151874499969023,0,0.0510841944474491,0.0197401710970512,2023,17.2469014084507,-9.98305164319249,16.2434159842778,-9.26000327546675,1.41249455383884,-12.0669983915971,-1.09373152491289,2.08394674840466,-0.336838796110205
2023,"LU22","LU22_87",0.872916555507801,-114.6878,1,0,0,0,0,0,0.888758508367209,2.65631730426913,-0.382833894128825,0.0566390882023218,-0.423267145071879,0.0213661601482809,0,0,0,0,0,0.0257004250039755,0,0,0.0141014532610853,2022,16.4035849056604,-12.2723113207547,13.6092764370338,-11.9164168494954,1.9177756618087,-12.3654909649421,-1.39416678230658,0.0931796441873818,-0.382681624373796
2024,"LU22","LU22_87",0.872916555507801,-114.6878,13,1,3,0,1,0,0.888758508367209,2.65631730426913,-0.382833894128825,0.0566390882023218,-0.423267145071879,0.0213661601482809,0,0,0,0,0,0.0257004250039755,0,0,0.0141014532610853,2023,18.0163849765258,-9.98342723004695,16.2434159842778,-9.26000327546675,1.41034174358089,-12.0732949914565,-1.04027627282768,2.08986776140955,-0.245153139583023
2023,"LU22","LU22_89",0.885671800279759,-114.65743,1,0,0,0,0,0,1.07235716527666,4.09710525768225,-0.226505284445787,-0.251140516169594,-0.175515343430307,0.0154759690085302,0.00434298432534885,0,0.00434298432534885,0,0.0107815068515991,0.0241159165795193,0,0.0480101265082088,0.00732183978910282,2022,15.7752830188679,-12.2712264150943,13.6092764370338,-11.9164168494954,1.77252048887831,-12.350975761503,-1.36711695037145,0.079749346408633,-0.382681624373796
2024,"LU22","LU22_89",0.885671800279759,-114.65743,13,1,5,0,0,0,1.07235716527666,4.09710525768225,-0.226505284445787,-0.251140516169594,-0.175515343430307,0.0154759690085302,0.00434298432534885,0,0.00434298432534885,0,0.0107815068515991,0.0241159165795193,0,0.0480101265082088,0.00732183978910282,2023,18.8991549295775,-9.96568075117371,16.2434159842778,-9.26000327546675,1.29198167568218,-12.057786893988,-0.923220435546843,2.09210614281425,-0.153467483055842
2023,"LU22","LU22_94",0.893329518915246,-114.55388,1,0,0,0,0,0,0.676809328702832,-0.757272472833264,-0.252790380931941,-0.18386160247653,-0.203847669393215,0.0260456099071831,0.00364922259351219,0,0.00364922259351219,0,0.00346840859325259,0.0142569304674478,0,0,0.00554367607414009,2022,16.6258962264151,-12.3556132075472,13.6092764370338,-11.9164168494954,1.87753338530099,-12.4357863476699,-1.35966995872162,0.0801731401227137,-0.382681624373796
2024,"LU22","LU22_94",0.893329518915246,-114.55388,13,0,14,0,0,0,0.676809328702832,-0.757272472833264,-0.252790380931941,-0.18386160247653,-0.203847669393215,0.0260456099071831,0.00364922259351219,0,0.00364922259351219,0,0.00346840859325259,0.0142569304674478,0,0,0.00554367607414009,2023,26.2665727699531,-10.0433802816901,16.2434159842778,-9.26000327546675,1.4786040577438,-12.143599031615,-0.511070641532745,2.10021874992486,0.259117971316478
