"year","array","site","lat","long","n_weeks","deer_present","predator_detections","n_young","n_female","n_male","PC1","PC2","disturbance_index","linear_index","polygonal_index","roads","wells","well_gas","well_oil","well_bitumen","inactive_well","seismic","seismic_3D","harvest","pipeline","winter_year","mean_snow","mean_min_temp","winter_year_lag2","mean_snow_lag2","winter_year_lag3","mean_snow_lag3","mean_snow_temporal","mean_min_temp_temporal","mean_snow_spatial","mean_min_temp_spatial","snow_anomaly","temp_anomaly","predator_index"
2022,"LU01","LU01_06",54.56253,-110.60829,15,5,17,3,2,1,2.45392266850992,-0.22938168346505,0.098792447,0.036131846,0.062660601,0.012552871,0.014001845,0,0,0.012338647,0,0.005202891,0,0,0.015044895,2021,54.5519811320755,-11.7600943396226,2020,26.9896682464455,2019,16.9188732394366,38.0779451513822,-12.7932833479596,24.0211940247241,-10.6177028547195,30.5307871073514,-1.14239148490318,1.13333333333333
2023,"LU01","LU01_06",54.56253,-110.60829,14,6,9,4,1,3,2.45392266850992,-0.22938168346505,0.098792447,0.036131846,0.062660601,0.012552871,0.014001845,0,0,0.012338647,0,0.005202891,0,0,0.015044895,2022,18.3913679245283,-11.1592924528302,2021,54.5519811320755,2020,26.9896682464455,13.6092764370338,-11.9164168494954,23.7710068151315,-10.8875574396332,-5.37963889060315,-0.271735013197009,0.642857142857143
2022,"LU01","LU01_10",54.58592,-110.60129,15,14,8,0,11,8,1.47564596566618,-0.330448451555369,0.170067779,0.056880033,0.113187746,0.028499614,0.007707939,0,0,0.007707939,0.021683632,0.00329875,0,2.52e-05,0.022958831,2021,56.1371698113208,-11.8292924528302,2020,27.4117061611374,2019,17.7969953051643,38.0779451513822,-12.7932833479596,24.9216500139742,-10.7022699336636,31.2155197973465,-1.12702251916655,0.533333333333333
2022,"LU01","LU01_11",54.588892,-110.48226,15,10,3,9,4,2,2.88110901230672,0.991009812598662,0.312177604,0.072407272,0.239770332,0.052974485,0.082835057,0,0,0.079283668,0.011570708,0.001788567,0.000996342000000001,0,0.013412347,2021,55.7124528301887,-11.8077358490566,2020,26.9683412322275,2019,17.0509389671362,38.0779451513822,-12.7932833479596,24.3180369952311,-10.6378827455314,31.3944158349576,-1.16985310352518,0.2
2023,"LU01","LU01_11",54.588892,-110.48226,14,10,7,1,6,3,2.88110901230672,0.991009812598662,0.312177604,0.072407272,0.239770332,0.052974485,0.082835057,0,0,0.079283668,0.011570708,0.001788567,0.000996342000000001,0,0.013412347,2022,19.2881132075472,-11.1333018867925,2021,55.7124528301887,2020,26.9683412322275,13.6092764370338,-11.9164168494954,24.170507380723,-10.9044483886756,-4.88239417317586,-0.228853498116862,0.5
2022,"LU01","LU01_13",54.60634,-110.72349,15,11,15,6,8,1,3.19696542840748,0.275152282956551,0.070555866,0.029997664,0.040558202,0.010412159,0,0,0,0,0.008049565,0.01592892,0,0,0,2021,56.7184433962264,-11.8026886792453,2020,27.3602843601896,2019,17.6499061032864,38.0779451513822,-12.7932833479596,24.7416035390588,-10.7116956245397,31.9768398571677,-1.09099305470558,1
2023,"LU01","LU01_13",54.60634,-110.72349,14,12,3,10,6,2,3.19696542840748,0.275152282956551,0.070555866,0.029997664,0.040558202,0.010412159,0,0,0,0,0.008049565,0.01592892,0,0,0,2022,18.8366037735849,-11.1031603773585,2021,56.7184433962264,2020,27.3602843601896,13.6092764370338,-11.9164168494954,24.4879913340966,-10.9693495555586,-5.65138756051166,-0.133810821799855,0.214285714285714
2022,"LU01","LU01_22",54.65007,-110.48788,15,10,18,2,4,4,0.691370841174604,0.489927610332463,0.313631891,0.079366487,0.234265404,0.040280045,0.035731992,0,0,0.028045681,0.014125445,0.009246869,0.011259277,0,0.012447273,2021,57.8799528301887,-11.8393867924528,2020,27.4243601895735,2019,17.1427699530516,38.0779451513822,-12.7932833479596,24.6576272538125,-10.6573523331574,33.2223255763762,-1.18203445929548,1.2
2023,"LU01","LU01_22",54.65007,-110.48788,14,2,8,0,0,2,0.691370841174604,0.489927610332463,0.313631891,0.079366487,0.234265404,0.040280045,0.035731992,0,0,0.028045681,0.014125445,0.009246869,0.011259277,0,0.012447273,2022,20.2268396226415,-11.0027358490566,2021,57.8799528301887,2020,27.4243601895735,13.6092764370338,-11.9164168494954,24.5920305144282,-10.9135122716333,-4.36519089178673,-0.0892235774233416,0.571428571428571
2022,"LU01","LU01_25",54.6924,-110.549,15,11,12,2,3,9,1.04400382404867,1.05642274885148,0.21006013,0.053553932,0.156506198,0.037249763,0.046790496,0,0,0.046790496,0.007918347,0.005128732,0,0.030089227,0.009666275,2021,57.8923113207547,-11.8170283018868,2020,27.32,2019,16.7808450704225,38.0779451513822,-12.7932833479596,24.3535366359233,-10.6449404908501,33.5387746848314,-1.17208781103673,0.8
2023,"LU01","LU01_25",54.6924,-110.549,14,12,19,5,2,3,1.04400382404867,1.05642274885148,0.21006013,0.053553932,0.156506198,0.037249763,0.046790496,0,0,0.046790496,0.007918347,0.005128732,0,0.030089227,0.009666275,2022,19.9877830188679,-10.8621226415094,2021,57.8923113207547,2020,27.32,13.6092764370338,-11.9164168494954,24.3014742300415,-10.8910361471204,-4.31369121117357,0.0289135056110155,1.35714285714286
2022,"LU01","LU01_27",54.69098,-110.7394,15,8,25,4,5,2,1.52937584262188,-0.30265121348769,0.587369871,0.212583354,0.374786517,0.067451811,0.001733194,0,0,0.001654794,0.022583903,0.004044826,0,0,0.094252322,2021,58.9908018867925,-11.7820283018868,2020,27.4010900473934,2019,17.1084037558685,38.0779451513822,-12.7932833479596,24.5137017962413,-10.6871464720569,34.4771000905511,-1.09488182982989,1.66666666666667
2023,"LU01","LU01_27",54.69098,-110.7394,14,8,6,3,5,4,1.52937584262188,-0.30265121348769,0.587369871,0.212583354,0.374786517,0.067451811,0.001733194,0,0,0.001654794,0.022583903,0.004044826,0,0,0.094252322,2022,19.9600943396226,-10.8519811320755,2021,58.9908018867925,2020,27.4010900473934,13.6092764370338,-11.9164168494954,24.3778631681319,-10.9272625544863,-4.41776882850925,0.075281422410832,0.428571428571429
2022,"LU01","LU01_30",54.73432,-110.82258,15,5,9,2,1,1,1.25067690656883,0.485967848520115,0.1202665,0.046077019,0.074189481,0.022253687,0,0,0,0,0.00160401,0.010563312,0,0.016114483,0.006868552,2021,53.9480188679245,-11.725,2020,27.0563033175355,2019,16.3672769953052,38.0779451513822,-12.7932833479596,23.729393356418,-10.6299978418442,30.2186255115065,-1.09500215815581,0.6
2023,"LU01","LU01_30",54.73432,-110.82258,14,7,3,2,1,2,1.25067690656883,0.485967848520115,0.1202665,0.046077019,0.074189481,0.022253687,0,0,0,0,0.00160401,0.010563312,0,0.016114483,0.006868552,2022,20.3535849056604,-10.703679245283,2021,53.9480188679245,2020,27.0563033175355,13.6092764370338,-11.9164168494954,23.6743884844187,-10.8631278799344,-3.32080357875837,0.159448634651348,0.214285714285714
2022,"LU01","LU01_32",54.74266,-110.54806,15,8,6,0,1,6,1.17186273471032,-0.330117986033327,0.446636161,0.085335751,0.36130041,0.055858187,0.040523116,0,0,0.040523116,0.006722617,0.008163828,0,0.037631567,0.020059903,2021,60.3435377358491,-11.8792452830189,2020,28.0341232227488,2019,17.3304225352113,38.0779451513822,-12.7932833479596,25.1082509500599,-10.7321573437465,35.2352867857892,-1.14708793927234,0.4
2023,"LU01","LU01_32",54.74266,-110.54806,14,3,23,0,2,2,1.17186273471032,-0.330117986033327,0.446636161,0.085335751,0.36130041,0.055858187,0.040523116,0,0,0.040523116,0.006722617,0.008163828,0,0.037631567,0.020059903,2022,21.1091509433962,-10.777641509434,2021,60.3435377358491,2020,28.0341232227488,13.6092764370338,-11.9164168494954,25.0977469598522,-10.9644141262943,-3.98859601645599,0.186772616860335,1.64285714285714
2022,"LU01","LU01_36",54.72431,-110.53843,15,5,6,0,2,4,-0.74865426391553,-0.188984838843866,0.228232681,0.068550231,0.15968245,0.035433962,0.031997931,0,0,0.031997931,0.016030125,0.008534741,0.004317417,0.022033897,0.01874318,2021,59.7359433962264,-11.8769811320755,2020,27.9411848341232,2019,17.296103286385,38.0779451513822,-12.7932833479596,25.0522843050215,-10.7195984627984,34.6836590912049,-1.15738266927703,0.4
2023,"LU01","LU01_36",54.72431,-110.53843,14,3,16,0,0,3,-0.74865426391553,-0.188984838843866,0.228232681,0.068550231,0.15968245,0.035433962,0.031997931,0,0,0.031997931,0.016030125,0.008534741,0.004317417,0.022033897,0.01874318,2022,21.0240566037736,-10.8281132075472,2021,59.7359433962264,2020,27.9411848341232,13.6092764370338,-11.9164168494954,25.0389313628977,-10.9572374355716,-4.01487475912409,0.12912422802445,1.14285714285714
2022,"LU01","LU01_40",54.58176,-110.57063,15,5,9,0,3,2,1.06119361188303,-1.00453287705646,0.35017207,0.088966866,0.261205204,0.053248151,0.089141133,0,0,0.058993057,0.013851152,0.007431177,0,0,0.024804223,2021,55.9444339622641,-11.8253773584906,2020,27.3451184834123,2019,17.4941784037559,38.0779451513822,-12.7932833479596,24.6584575110177,-10.6879816274046,31.2859764512465,-1.13739573108594,0.6
2023,"LU01","LU01_40",54.58176,-110.57063,11,5,6,2,3,1,1.06119361188303,-1.00453287705646,0.35017207,0.088966866,0.261205204,0.053248151,0.089141133,0,0,0.058993057,0.013851152,0.007431177,0,0,0.024804223,2022,19.5240094339623,-11.1671698113208,2021,55.9444339622641,2020,27.3451184834123,13.6092764370338,-11.9164168494954,24.5037558505115,-10.9531746149468,-4.9797464165492,-0.213995196373954,0.545454545454545
2022,"LU01","LU01_41",54.5941,-110.29359,15,15,10,5,7,13,2.72469656897918,1.41625049571063,0.217953173,0.028653653,0.18929952,0.019565403,0,0,0,0,0.001891839,0.0034548,0,0.079891113,0.003183573,2021,56.9549056603774,-11.8567452830189,2020,27.3577251184834,2019,17.1221596244131,38.0779451513822,-12.7932833479596,24.5227884182171,-10.6512858095574,32.4321172421602,-1.20545947346151,0.666666666666667
2023,"LU01","LU01_41",54.5941,-110.29359,14,11,1,5,3,4,2.72469656897918,1.41625049571063,0.217953173,0.028653653,0.18929952,0.019565403,0,0,0,0,0.001891839,0.0034548,0,0.079891113,0.003183573,2022,20.4126886792453,-11.133820754717,2021,56.9549056603774,2020,27.3577251184834,13.6092764370338,-11.9164168494954,24.4574801334024,-10.9176766848261,-4.04479145415716,-0.216144069890854,0.0714285714285714
2022,"LU01","LU01_43",54.60861,-110.51104,15,7,8,1,5,2,0.592814901195839,-0.391471325732984,0.554635399,0.173713424,0.380921975,0.084815405,0.0837926740000001,0,0,0.0837926740000001,0.006561569,0.001533094,0.004149723,0,0.046117536,2021,55.9204245283019,-11.8052358490566,2020,26.9923696682464,2019,17.0036150234742,38.0779451513822,-12.7932833479596,24.2346432427902,-10.6336495867893,31.6857812855117,-1.17158626226725,0.533333333333333
2023,"LU01","LU01_43",54.60861,-110.51104,14,6,7,2,1,5,0.592814901195839,-0.391471325732984,0.554635399,0.173713424,0.380921975,0.084815405,0.0837926740000001,0,0,0.0837926740000001,0.006561569,0.001533094,0.004149723,0,0.046117536,2022,19.3178301886792,-11.093820754717,2021,55.9204245283019,2020,26.9923696682464,13.6092764370338,-11.9164168494954,24.1029735160248,-10.8978552294503,-4.78514332734557,-0.195965525266635,0.5
2023,"LU01","LU01_44",54.59921,-110.47691,14,5,2,2,2,2,0.941954238015578,0.090196615983588,0.551311915,0.168648572,0.382663343,0.097008895,0.068739669,0,0,0.068739669,0.004416246,0.001097085,0.001668114,0,0.04079605,2022,19.5920283018868,-11.1196226415094,2021,56.2947641509434,2020,27.089336492891,13.6092764370338,-11.9164168494954,24.2941353208823,-10.9104572566265,-4.70210701899555,-0.209165384882983,0.142857142857143
2022,"LU01","LU01_44",54.59921,-110.47691,15,4,7,1,1,2,0.941954238015578,0.090196615983588,0.551311915,0.168648572,0.382663343,0.097008895,0.068739669,0,0,0.068739669,0.004416246,0.001097085,0.001668114,0,0.04079605,2021,56.2947641509434,-11.8189622641509,2020,27.089336492891,2019,17.1230046948357,38.0779451513822,-12.7932833479596,24.4214327906639,-10.6453144385976,31.8733313602795,-1.17364782555331,0.466666666666667
2022,"LU01","LU01_45",54.59816,-110.37065,15,11,4,3,4,2,0.901278575571381,0.0462827966262197,0.382653859,0.064047096,0.318606763,0.028458772,0.036274864,0,0,0.029827964,0.012707194,0.005100569,0.001938312,0.133002609,0.024645026,2021,58.4883962264151,-11.9471698113208,2020,28.3296208530806,2019,18.4068544600939,38.0779451513822,-12.7932833479596,25.594686222331,-10.7967355935013,32.8937100040841,-1.15043421781941,0.266666666666667
2023,"LU01","LU01_45",54.59816,-110.37065,14,11,2,6,3,1,0.901278575571381,0.0462827966262197,0.382653859,0.064047096,0.318606763,0.028458772,0.036274864,0,0,0.029827964,0.012707194,0.005100569,0.001938312,0.133002609,0.024645026,2022,21.9264150943396,-11.2204716981132,2021,58.4883962264151,2020,28.3296208530806,13.6092764370338,-11.9164168494954,25.5613769671429,-11.0578838955492,-3.63496187280332,-0.162587802564017,0.142857142857143
2022,"LU01","LU01_46",54.61668,-110.51263,15,5,10,0,2,4,-0.43746784797357,-0.058250990442983,0.542146361,0.187757766,0.354388595,0.089898673,0.063636647,0,0,0.063636647,0.000104407,0.003128422,0.008731372,0,0.057656004,2021,56.1006132075472,-11.8096226415094,2020,27.0508530805687,2019,17.0263849765258,38.0779451513822,-12.7932833479596,24.3064348206795,-10.6364366879198,31.7941783868677,-1.17318595358962,0.666666666666667
2023,"LU01","LU01_46",54.61668,-110.51263,14,10,17,0,2,10,-0.43746784797357,-0.058250990442983,0.542146361,0.187757766,0.354388595,0.089898673,0.063636647,0,0,0.063636647,0.000104407,0.003128422,0.008731372,0,0.057656004,2022,19.413820754717,-11.0743867924528,2021,56.1006132075472,2020,27.0508530805687,13.6092764370338,-11.9164168494954,24.1835085811382,-10.8991786370416,-4.76968782642119,-0.175208155411188,1.21428571428571
2022,"LU01","LU01_47",54.61784,-110.48721,15,10,9,4,6,4,0.871279489069853,-0.652676755692767,0.516886284,0.152157696,0.364728588,0.07826686,0.080804322,0,0,0.080804322,0.001248692,0,0.012864704,0,0.061015332,2021,56.810141509434,-11.8229245283019,2020,27.1631279620853,2019,17.1202816901408,38.0779451513822,-12.7932833479596,24.4702246202346,-10.645759388326,32.3399168891994,-1.17716513997585,0.6
2023,"LU01","LU01_47",54.61784,-110.48721,14,10,13,4,2,4,0.871279489069853,-0.652676755692767,0.516886284,0.152157696,0.364728588,0.07826686,0.080804322,0,0,0.080804322,0.001248692,0,0.012864704,0,0.061015332,2022,19.7839150943396,-11.0809433962264,2021,56.810141509434,2020,27.1631279620853,13.6092764370338,-11.9164168494954,24.3658174137021,-10.9080986727461,-4.58190231936248,-0.172844723480312,0.928571428571429
2022,"LU01","LU01_48",54.60776,-110.40762,15,9,14,0,3,5,0.390912867982275,-0.445516825556294,0.324851913,0.072911523,0.25194039,0.035432726,0.062072053,0,0,0.055506215,0.030053589,0.005517863,0.002781189,0,0.026767383,2021,56.7202358490566,-11.8453301886792,2020,27.3651658767773,2019,17.3806103286385,38.0779451513822,-12.7932833479596,24.4459958631992,-10.6587231326824,32.2742399858574,-1.18660705599687,0.933333333333333
2023,"LU01","LU01_48",54.60776,-110.40762,14,6,5,3,0,3,0.390912867982275,-0.445516825556294,0.324851913,0.072911523,0.25194039,0.035432726,0.062072053,0,0,0.055506215,0.030053589,0.005517863,0.002781189,0,0.026767383,2022,20.1124528301887,-11.1074056603774,2021,56.7202358490566,2020,27.3651658767773,13.6092764370338,-11.9164168494954,24.3935982758454,-10.9223029046245,-4.28114544565674,-0.185102755752865,0.357142857142857
2022,"LU01","LU01_60",54.69043,-110.50311,8,6,6,0,6,3,0.352563552862836,0.051153091306963,0.281198573,0.082857882,0.198340691,0.02836081,0.036157913,0.001820359,0,0.024784357,0.008998182,0.001715872,0,0.02458258,0.03057914,2021,59.0693396226415,-11.8618396226415,2020,27.685355450237,2019,17.1991079812207,38.0779451513822,-12.7932833479596,24.7966645180522,-10.6834627392906,34.2726751045893,-1.17837688335089,0.75
2022,"LU01","LU01_63",54.69512,-110.38139,15,10,6,0,4,4,-1.04500452215628,0.410162994205368,0.106834411,0.099565239,0.007269172,0.036191153,0,0,0,0,0.007269172,0.005197533,0,0,0.052614363,2021,58.9755660377358,-11.8767452830189,2020,27.7969668246445,2019,17.1494835680751,38.0779451513822,-12.7932833479596,24.5855842485292,-10.6640511423103,34.3899817892067,-1.21269414070859,0.4
2022,"LU01","LU01_64",54.69595,-110.31862,15,11,9,0,1,8,-0.649956439166324,0.0951863826124141,0.351217834,0.089411604,0.26180623,0.050412875,0.035005502,0,0,0.020938796,0.013590181,0.011657015,0.007092044,0.141894794,0.019792905,2021,59.3552358490566,-11.9043396226415,2020,27.9197630331754,2019,16.8451643192488,38.0779451513822,-12.7932833479596,24.7073386056491,-10.6847656952094,34.6478972434075,-1.21957392743215,0.6
2023,"LU01","LU01_64",54.69595,-110.31862,14,11,6,0,1,9,-0.649956439166324,0.0951863826124141,0.351217834,0.089411604,0.26180623,0.050412875,0.035005502,0,0,0.020938796,0.013590181,0.011657015,0.007092044,0.141894794,0.019792905,2022,22.0269811320755,-10.9687264150943,2021,59.3552358490566,2020,27.9197630331754,13.6092764370338,-11.9164168494954,24.8740253240153,-10.9374540120745,-2.84704419193986,-0.0312724030198108,0.428571428571429
2022,"LU01","LU01_66",54.70777,-110.72408,15,10,5,3,3,1,-0.575341777061607,-0.0832038004448595,0.375366074,0.113392342,0.261973732,0.046675474,0.0246066,0,0,0.007690882,0.038081071,0.003842807,0.024070167,0.000359612,0.037186585,2021,58.620141509434,-11.7546226415094,2020,26.8329383886256,2019,16.7018779342723,38.0779451513822,-12.7932833479596,24.1695012010449,-10.643856666319,34.4506403083891,-1.11076597519045,0.333333333333333
2023,"LU01","LU01_66",54.70777,-110.72408,14,9,2,1,2,3,-0.575341777061607,-0.0832038004448595,0.375366074,0.113392342,0.261973732,0.046675474,0.0246066,0,0,0.007690882,0.038081071,0.003842807,0.024070167,0.000359612,0.037186585,2022,19.6272641509434,-10.7621226415094,2021,58.620141509434,2020,26.8329383886256,13.6092764370338,-11.9164168494954,24.0434436953474,-10.8806992282658,-4.41617954440405,0.118576586756413,0.142857142857143
2023,"LU01","LU01_67",54.75274,-110.55328,14,9,25,1,3,5,1.48502650340434,-0.615331828389098,0.105921741,0.043711997,0.062209744,0.019767198,0.017151341,0,0,0.017151341,0.011898287,0.012000671,0,0,0.010987429,2022,21.8883962264151,-10.790141509434,2021,61.7594339622642,2020,28.5690995260663,13.6092764370338,-11.9164168494954,25.7110074984823,-11.0375382728929,-3.82261127206717,0.247396763458987,1.78571428571429
2022,"LU01","LU01_67",54.75274,-110.55328,15,8,16,0,3,5,1.48502650340434,-0.615331828389098,0.105921741,0.043711997,0.062209744,0.019767198,0.017151341,0,0,0.017151341,0.011898287,0.012000671,0,0,0.010987429,2021,61.7594339622642,-11.9360377358491,2020,28.5690995260663,2019,17.9180751173709,38.0779451513822,-12.7932833479596,25.7122032320604,-10.810944102381,36.0472307302038,-1.12509363346803,1.06666666666667
2022,"LU01","LU01_70",54.60699,-110.56893,15,13,4,7,8,2,0.122051965203274,-0.566473286669165,0.12013667,0.032750858,0.087385812,0.013387048,0.023619351,0,0,0.020823291,0.013257702,0.009329836,0,0,0.008549867,2021,56.0605660377358,-11.8098113207547,2020,27.1894786729858,2019,17.1534741784038,38.0779451513822,-12.7932833479596,24.4067968998582,-10.6578642703475,31.6537691378777,-1.15194705040717,0.266666666666667
2023,"LU01","LU01_71",54.63866,-110.50838,14,5,18,3,1,1,-1.15925060783469,0.158313962771068,0.378721838,0.121320322,0.257401516,0.051458484,0.030054249,0,0,0.030054249,0.02431946,0.005451669,0.004543677,0,0.051631078,2022,19.7650471698113,-11.0101886792453,2021,56.9066509433962,2020,27.2050236966825,13.6092764370338,-11.9164168494954,24.3229697496761,-10.9064496576548,-4.55792257986474,-0.103739021590489,1.28571428571429
2022,"LU01","LU01_71",54.63866,-110.50838,15,9,11,4,2,3,-1.15925060783469,0.158313962771068,0.378721838,0.121320322,0.257401516,0.051458484,0.030054249,0,0,0.030054249,0.02431946,0.005451669,0.004543677,0,0.051631078,2021,56.9066509433962,-11.8229245283019,2020,27.2050236966825,2019,17.0681220657277,38.0779451513822,-12.7932833479596,24.4188873565178,-10.6493304990209,32.4877635868784,-1.173594029281,0.733333333333333
2022,"LU01","LU01_72",54.65901,-110.41977,13,11,15,0,4,5,-0.766209758944846,-0.0213932728405251,0.12663153,0.081245188,0.045386342,0.030427223,0.002575522,0.002575522,0,0,0.017194612,0.011839025,0.000675483,0.006678533,0.038303457,2021,58.1892924528302,-11.8615566037736,2020,27.5462559241706,2019,17.36220657277,38.0779451513822,-12.7932833479596,24.5825449919049,-10.6662263236883,33.6067474609252,-1.19533028008529,1.15384615384615
2023,"LU01","LU01_73",54.67505,-110.70935,14,6,3,0,5,2,-1.14665025708313,0.739900472737972,0.133026333,0.045438503,0.08758783,0.013941925,0.026968738,0.002573317,0,0.018920443,0.025776165,0.020373774,0.000204917,0,0.010916427,2022,19.8885377358491,-10.9194811320755,2021,58.4340094339623,2020,27.4302369668246,13.6092764370338,-11.9164168494954,24.4675388723754,-10.9379482397734,-4.57900113652632,0.0184671076979566,0.214285714285714
2022,"LU01","LU01_73",54.67505,-110.70935,15,6,6,0,2,3,-1.14665025708313,0.739900472737972,0.133026333,0.045438503,0.08758783,0.013941925,0.026968738,0.002573317,0,0.018920443,0.025776165,0.020373774,0.000204917,0,0.010916427,2021,58.4340094339623,-11.7908018867925,2020,27.4302369668246,2019,17.2821126760563,38.0779451513822,-12.7932833479596,24.6097972856337,-10.6926945132979,33.8242121483286,-1.09810737349452,0.4
2022,"LU01","LU01_74",54.66743,-110.26517,15,5,6,0,3,1,-1.00565761925663,-0.511228614721645,0.201898946,0.050975703,0.150923243,0.00931029,0.000164675,0.000164675,0,0,0.007341488,0.010951467,0.0012147,0.074772601,0.026083812,2021,58.8116037735849,-11.8978301886792,2020,27.704028436019,2019,17.0174178403756,38.0779451513822,-12.7932833479596,24.6109818643352,-10.6736427864851,34.2006219092497,-1.2241874021941,0.4
2023,"LU01","LU01_74",54.66743,-110.26517,14,6,4,0,2,0,-1.00565761925663,-0.511228614721645,0.201898946,0.050975703,0.150923243,0.00931029,0.000164675,0.000164675,0,0,0.007341488,0.010951467,0.0012147,0.074772601,0.026083812,2022,21.5881603773585,-11.0070754716981,2021,58.8116037735849,2020,27.704028436019,13.6092764370338,-11.9164168494954,24.7384117236512,-10.9297362886071,-3.15025134629269,-0.0773391830910359,0.285714285714286
2022,"LU01","LU01_75",54.68616,-110.69173,15,6,3,1,4,1,-0.0470305124557784,0.573728735597619,0.299140584,0.096652235,0.202488349,0.05001006,0.020545064,0,0,0.014364371,0.038244381,0.012306856,0.000537447,0,0.032930231,2021,58.5594339622642,-11.7998113207547,2020,27.1396682464455,2019,17.2372769953052,38.0779451513822,-12.7932833479596,24.5597425287392,-10.68834174288,33.999691433525,-1.11146957787468,0.2
2023,"LU01","LU01_75",54.68616,-110.69173,14,4,6,0,0,3,-0.0470305124557784,0.573728735597619,0.299140584,0.096652235,0.202488349,0.05001006,0.020545064,0,0,0.014364371,0.038244381,0.012306856,0.000537447,0,0.032930231,2022,20.0291037735849,-10.9015094339623,2021,58.5594339622642,2020,27.1396682464455,13.6092764370338,-11.9164168494954,24.3996994659025,-10.9329561301758,-4.37059569231757,0.0314466962135267,0.428571428571429
2022,"LU01","LU01_76",54.70008,-110.70893,15,8,13,4,3,2,-0.242759697300665,-0.0842380111319231,0.582719198,0.208054169,0.374665029,0.0723552,0.038802767,0,0,0.027241031,0.00566812,0.011989889,0.006366881,0,0.081082321,2021,58.6370283018868,-11.769858490566,2020,26.9243601895735,2019,16.8680751173709,38.0779451513822,-12.7932833479596,24.3050868950871,-10.6570121102319,34.3319414067997,-1.11284638033409,0.866666666666667
2022,"LU01","LU01_77",54.70092,-110.53466,7,1,7,0,1,0,-0.189468851590196,1.03759885595758,0.416460341,0.081455376,0.335004965,0.060109879,0.013382863,0,0,0.013382863,0.004974411,0.003279358,0,0.081235695,0.014734259,2021,58.4195283018868,-11.8317452830189,2020,27.4767772511848,2019,16.8856807511737,38.0779451513822,-12.7932833479596,24.4773310256266,-10.6574491338734,33.9421972762602,-1.1742961491455,1
2023,"LU01","LU01_78",54.69755,-110.37038,14,3,1,1,1,0,-1.44997852758797,0.688066460726546,0.12372358,0.093538769,0.030184811,0.03085785,0,0,0,0,0.007336131,0.008379398,6.59e-05,0.02284868,0.048023909,2022,21.0552830188679,-10.9293396226415,2021,58.6737264150943,2020,27.7227014218009,13.6092764370338,-11.9164168494954,24.5661025795625,-10.9027327217868,-3.51081956069455,-0.0266069008546701,0.0714285714285714
2022,"LU01","LU01_78",54.69755,-110.37038,15,0,5,0,0,0,-1.44997852758797,0.688066460726546,0.12372358,0.093538769,0.030184811,0.03085785,0,0,0,0,0.007336131,0.008379398,6.59e-05,0.02284868,0.048023909,2021,58.6737264150943,-11.8691509433962,2020,27.7227014218009,2019,17.0535680751174,38.0779451513822,-12.7932833479596,24.503347443831,-10.6510471308254,34.1703789712634,-1.21810381257082,0.333333333333333
2023,"LU01","LU01_79",54.70397,-110.33426,14,5,11,0,3,1,-1.04059280784989,1.07694047442041,0.114693871,0.069871369,0.044822502,0.023955573,0.001718492,0,0,0,0.011174767,0.015888621,0.008814642,0.002068792,0.021212533,2022,21.1629245283019,-10.9332547169811,2021,58.7166037735849,2020,27.7556872037915,13.6092764370338,-11.9164168494954,24.5654359959436,-10.9049392996137,-3.40251146764175,-0.0283154173674305,0.785714285714286
2022,"LU01","LU01_79",54.70397,-110.33426,15,1,10,0,0,0,-1.04059280784989,1.07694047442041,0.114693871,0.069871369,0.044822502,0.023955573,0.001718492,0,0,0,0.011174767,0.015888621,0.008814642,0.002068792,0.021212533,2021,58.7166037735849,-11.8785849056604,2020,27.7556872037915,2019,16.6078873239437,38.0779451513822,-12.7932833479596,24.4959597157352,-10.6526203688766,34.2206440578497,-1.22596453678376,0.666666666666667
2022,"LU01","LU01_80",54.71254,-110.54085,15,7,6,2,4,1,0.0258757838946173,0.897496740835762,0.269748421,0.059080139,0.210668282,0.04179957,0.032315111,0,0,0.032315111,0.008843509,0.004367414,0,0,0.010075875,2021,58.7167452830189,-11.8369811320755,2020,27.5535545023697,2019,16.9244600938967,38.0779451513822,-12.7932833479596,24.5403916661123,-10.6704362019412,34.1763536169066,-1.1665449301343,0.4
2023,"LU01","LU01_80",54.71254,-110.54085,14,8,4,0,1,5,0.0258757838946173,0.897496740835762,0.269748421,0.059080139,0.210668282,0.04179957,0.032315111,0,0,0.032315111,0.008843509,0.004367414,0,0,0.010075875,2022,20.407358490566,-10.8291037735849,2021,58.7167452830189,2020,27.5535545023697,13.6092764370338,-11.9164168494954,24.5114191345248,-10.9121601045334,-4.10406064395881,0.0830563309484944,0.285714285714286
2022,"LU01","LU01_82",54.703959,-110.08388,14,3,3,2,0,1,-1.74043362238984,0.138637555892381,0.106977839,0.042134103,0.064843736,0.028396756,0.004899793,0,0,0,0.002958934,0.011832459,0.00015118,0,0,2021,61.4833018867925,-11.9683962264151,2020,28.6997156398104,2019,17.641455399061,38.0779451513822,-12.7932833479596,25.5175215224018,-10.7515363572398,35.9657803643907,-1.21685986917525,0.214285714285714
2023,"LU01","LU01_82",54.703959,-110.08388,14,3,10,0,1,1,-1.74043362238984,0.138637555892381,0.106977839,0.042134103,0.064843736,0.028396756,0.004899793,0,0,0,0.002958934,0.011832459,0.00015118,0,0,2022,24.3933962264151,-11.0516509433962,2021,61.4833018867925,2020,28.6997156398104,13.6092764370338,-11.9164168494954,25.7550048327844,-11.0064837114624,-1.36160860636929,-0.0451672319338439,0.714285714285714
2023,"LU01","LU01_83",54.73326,-110.54852,14,2,9,0,0,1,-0.571713147403603,-0.41234319567063,0.425674663,0.081777679,0.343896984,0.048634967,0.030071273,0,0,0.030071273,0.011933983,0.00852486,0.001734957,0.070406911,0.022374117,2022,20.8215566037736,-10.7978773584906,2021,59.658679245283,2020,27.8190047393365,13.6092764370338,-11.9164168494954,24.7700157610541,-10.9397334887961,-3.94845915728056,0.141856130305552,0.642857142857143
2022,"LU01","LU01_83",54.73326,-110.54852,15,4,10,2,2,3,-0.571713147403603,-0.41234319567063,0.425674663,0.081777679,0.343896984,0.048634967,0.030071273,0,0,0.030071273,0.011933983,0.00852486,0.001734957,0.070406911,0.022374117,2021,59.658679245283,-11.8607547169811,2020,27.8190047393365,2019,17.1057276995305,38.0779451513822,-12.7932833479596,24.7837026767162,-10.7031402846312,34.8749765685668,-1.15761443234997,0.666666666666667
2023,"LU01","LU01_84",54.72892,-110.50404,14,2,12,0,1,0,-1.10986291062863,0.238988101177081,0.12677688,0.050554417,0.076222463,0.025409991,0,0,0,0,0.006950833,0.01470275,0.00848792,0.013540615,0,2022,21.2750471698113,-10.8279716981132,2021,60.287358490566,2020,27.9991469194313,13.6092764370338,-11.9164168494954,24.9661498881049,-10.9549568098818,-3.69110271829356,0.126985111768597,0.857142857142857
2022,"LU01","LU01_84",54.72892,-110.50404,15,2,13,0,1,0,-1.10986291062863,0.238988101177081,0.12677688,0.050554417,0.076222463,0.025409991,0,0,0,0,0.006950833,0.01470275,0.00848792,0.013540615,0,2021,60.287358490566,-11.8836320754717,2020,27.9991469194313,2019,17.3576525821596,38.0779451513822,-12.7932833479596,24.9169415879897,-10.7167545172236,35.3704169025763,-1.16687755824807,0.866666666666667
2022,"LU01","LU01_85",54.73971,-110.71049,14,12,26,2,5,10,0.663422098327749,-0.175023491981695,0.32988368,0.073473466,0.256410214,0.03583859,0.007379713,0.002544957,0,0,0.042828535,0.007957529,0.000122912,0.095680354,0.02690321,2021,60.0522169811321,-11.7842924528302,2020,27.1447393364929,2019,16.9916431924883,38.0779451513822,-12.7932833479596,24.5293801473862,-10.6838727565494,35.5228368337458,-1.10041969628081,1.85714285714286
2022,"LU01","LU01_86",54.73745,-110.34254,15,15,5,6,8,2,-1.35203595397527,-0.390111066071814,0.252586289,0.075157825,0.177428464,0.034187292,0.023392306,0,0,0.020700236,0.013644946,0.011195988,0,0.01202123,0.029083403,2021,61.0291981132075,-11.9628301886792,2020,28.5918957345972,2019,17.4979342723005,38.0779451513822,-12.7932833479596,25.2642987627095,-10.7638687188449,35.7648993504981,-1.19896146983435,0.333333333333333
2023,"LU01","LU01_86",54.73745,-110.34254,7,4,3,0,2,0,-1.35203595397527,-0.390111066071814,0.252586289,0.075157825,0.177428464,0.034187292,0.023392306,0,0,0.020700236,0.013644946,0.011195988,0,0.01202123,0.029083403,2022,22.7692452830189,-10.8896226415094,2021,61.0291981132075,2020,28.5918957345972,13.6092764370338,-11.9164168494954,25.4501541810975,-11.004278288901,-2.6809088980786,0.114655647391594,0.428571428571429
2021,"LU02","LU02_03",54.87192,-111.48897,11,8,4,2,4,6,0.816931615927473,-1.45504894559244,0.181174062460799,0.0357915828165648,0.145382479644234,0.0207601608184226,0,0,0,0,0.00229618964262144,0.0120360771918175,0,0.101395044740746,0,2020,28.178672985782,-10.1863981042654,2019,14.657558685446,2018,20.8152358490566,30.5309192108454,-11.3920066130277,21.7376550528897,-10.6059705185364,6.44101793289224,0.419572414270961,0.363636363636364
2021,"LU02","LU02_05",54.87287,-111.40779,7,2,6,0,2,0,1.47221087327945,-0.9627068558815,0.109121570014473,0.0215693455631878,0.0875522244512857,0.012645950284007,0,0,0,0,0,0.00500179155156801,0,0.0362240698839064,0,2020,27.3378672985782,-10.1418957345972,2019,13.23779342723,2018,19.4541509433962,30.5309192108454,-11.3920066130277,19.9885358085937,-10.4489216208074,7.34933148998451,0.307025886210202,0.857142857142857
2021,"LU02","LU02_100",54.99404,-111.76688,11,4,4,4,0,0,0.882532076616293,-1.59128965437536,0.281101879177032,0.0845196591960617,0.19658221998097,0.060224006953045,0,0,0,0,0.00538756461738388,0.00814432057476331,0,0.062194649254435,0.0136687179647527,2020,25.2017061611374,-9.8421327014218,2019,9.47976525821596,2018,17.8863679245283,30.5309192108454,-11.3920066130277,18.3485676005311,-10.0763839832723,6.85313856060635,0.234251281850474,0.363636363636364
2021,"LU02","LU02_101",54.86738,-111.41208,11,9,15,1,5,4,1.67251985123722,-0.157931592976229,0.0734230176173137,0.0182245944978201,0.0551984231194937,0.0128840620767041,0,0,0,0,0,0.00235581483230585,0,0,0,2020,27.3378672985782,-10.1418957345972,2019,13.23779342723,2018,19.4541509433962,30.5309192108454,-11.3920066130277,19.9885358085937,-10.4489216208074,7.34933148998451,0.307025886210202,1.36363636363636
2021,"LU02","LU02_106",54.88816,-111.78943,11,7,5,0,5,3,0.902115352945312,-1.15239549038658,0.600084962106922,0.0822596686127452,0.517825293494177,0.030373581905784,0.00244530083093957,0.00244530083093957,0,0,0.00288389782439253,0.00406733698772655,0,0,0.0126159952687131,2020,24.2542180094787,-9.82388625592417,2019,8.71431924882629,2018,17.5580660377358,30.5309192108454,-11.3920066130277,18.4500787934395,-10.1388642253506,5.80413921603919,0.314977969426415,0.454545454545455
2021,"LU02","LU02_110",54.91792,-111.47919,11,3,6,0,1,2,1.1321236153405,-1.53622844942933,0.490621982611968,0.0418853482171384,0.44873663439483,0.0270500038153166,0,0,0,0,0,0.0111844351491829,0,0.365539906677617,0,2020,28.3417061611374,-10.2069194312796,2019,14.8565258215962,2018,20.5109905660377,30.5309192108454,-11.3920066130277,21.6854284908206,-10.6046575280852,6.65627767031684,0.3977380968056,0.545454545454545
2021,"LU02","LU02_119",54.98888,-111.78169,11,1,7,1,0,0,0.766185856883671,-0.546352616055367,0.448095708924539,0.0504489395520207,0.397646769372518,0.0240693088924716,0.00535443454252503,0,0,0,0.00756611117680516,0.00521986275540376,0,0.278675654206265,0.0190729372124162,2020,25.113981042654,-9.83554502369668,2019,9.16661971830986,2018,17.7557075471698,30.5309192108454,-11.3920066130277,18.3299000914786,-10.0754461210234,6.78408095117547,0.239901097326674,0.636363636363636
2022,"LU02","LU02_119",54.98888,-111.78169,14,0,11,0,0,0,0.766185856883671,-0.546352616055367,0.448095708924539,0.0504489395520207,0.397646769372518,0.0240693088924716,0.00535443454252503,0,0,0,0.00756611117680516,0.00521986275540376,0,0.278675654206265,0.0190729372124162,2021,29.5621226415094,-11.1916981132075,2020,25.113981042654,2019,9.16661971830986,38.0779451513822,-12.7932833479596,19.7139867124048,-10.0429847145053,9.84813592910463,-1.1487133987022,0.785714285714286
2021,"LU02","LU02_123",55.00679,-111.66826,11,2,8,1,1,0,2.51068357005358,-2.85218664763182,0.163132195743362,0.0518016541581631,0.111330541585199,0.0284289182589774,0,0,0,0,0.00653096659853374,0.00939493528793708,0,0.0513474540136941,0.00994731039044246,2020,26.7679146919431,-9.98398104265403,2019,11.4208450704225,2018,18.8928773584906,30.5309192108454,-11.3920066130277,19.7256379408963,-10.2664533152323,7.04227675104685,0.282472272578238,0.727272727272727
2021,"LU02","LU02_13",54.89791,-111.40125,11,6,4,0,4,2,0.843068190111857,-1.09668166678084,0.283855366911791,0.0257766705680202,0.258078696343771,0.0136157907416248,0,0,0,0,0,0.0102314503355867,0,0.199562649172801,0,2020,28.1678672985782,-10.2132227488152,2019,14.1603286384977,2018,19.878820754717,30.5309192108454,-11.3920066130277,20.8867194709258,-10.5616700113836,7.2811478276524,0.348447262568417,0.363636363636364
2021,"LU02","LU02_137",54.94295,-111.59875,11,7,1,4,5,3,0.902839327167487,-0.755388102609326,0.21921369398511,0.0357791975057475,0.183434496479362,0.0250932940176425,0,0,0,0,0.00578524279312696,0.00618775468892335,0,0.106507433009715,0.00386480317814376,2020,26.6292890995261,-10.0022748815166,2019,11.5205164319249,2018,19.089858490566,30.5309192108454,-11.3920066130277,19.4108726027239,-10.2904824453837,7.21841649680218,0.288207563867157,0.0909090909090909
2022,"LU02","LU02_137",54.94295,-111.59875,14,9,1,2,0,5,0.902839327167487,-0.755388102609326,0.21921369398511,0.0357791975057475,0.183434496479362,0.0250932940176425,0,0,0,0,0.00578524279312696,0.00618775468892335,0,0.106507433009715,0.00386480317814376,2021,31.8421226415094,-11.2902830188679,2020,26.6292890995261,2019,11.5205164319249,38.0779451513822,-12.7932833479596,20.9766702013517,-10.2443760989,10.8654524401578,-1.04590691996789,0.0714285714285714
2021,"LU02","LU02_143",54.93758,-111.43214,11,7,7,0,4,5,1.41533314558097,-1.33777285884379,0.186013882090543,0.0358367281921589,0.150177153898384,0.0186135936188415,0,0,0,0,0,0.00921048122360788,0,0.130393433908977,0,2020,28.8902369668246,-10.2870616113744,2019,15.8566197183099,2018,21.4069339622642,30.5309192108454,-11.3920066130277,22.2772182548056,-10.7165144105346,6.61301871201902,0.42945279916024,0.636363636363636
2022,"LU02","LU02_143",54.93758,-111.43214,14,4,6,1,0,2,1.41533314558097,-1.33777285884379,0.186013882090543,0.0358367281921589,0.150177153898384,0.0186135936188415,0,0,0,0,0,0.00921048122360788,0,0.130393433908977,0,2021,37.1404245283019,-11.644858490566,2020,28.8902369668246,2019,15.8566197183099,38.0779451513822,-12.7932833479596,24.2231916681847,-10.6580238444969,12.9172328601172,-0.986834646069127,0.428571428571429
2021,"LU02","LU02_15",54.90787,-111.38586,11,2,0,0,1,2,1.98593500726658,-1.17025826465935,0.265376273561713,0.0204820103991888,0.244894263162524,0.0131607999719482,0,0,0,0,0,0.00597273997464578,0,0.186352540338868,0,2020,28.804028436019,-10.2809478672986,2019,15.420985915493,2018,21.0527358490566,30.5309192108454,-11.3920066130277,21.8528120124256,-10.6782457453541,6.95121642359338,0.397297878055484,0
2022,"LU02","LU02_153",54.98868,-111.49073,12,10,10,4,9,4,1.85760731167467,-1.80633890303144,0.29987992210726,0.0395608620866098,0.260319060020651,0.0104206407461537,0,0,0,0,0,0.000656477841158528,0,0.200551537243026,0.0244838284995258,2021,33.5895754716981,-11.3992924528302,2020,27.6820853080569,2019,13.1267136150235,38.0779451513822,-12.7932833479596,21.9516960242265,-10.3523634804009,11.6378794474717,-1.0469289724293,0.833333333333333
2021,"LU02","LU02_153",54.98868,-111.49073,11,9,5,5,5,5,1.85760731167467,-1.80633890303144,0.29987992210726,0.0395608620866098,0.260319060020651,0.0104206407461537,0,0,0,0,0,0.000656477841158528,0,0.200551537243026,0.0244838284995258,2020,27.6820853080569,-10.1154502369668,2019,13.1267136150235,2018,19.4356603773585,30.5309192108454,-11.3920066130277,20.2559541717393,-10.3945847496976,7.42613113631755,0.279134512730801,0.454545454545455
2021,"LU02","LU02_155",54.97483,-111.40751,11,10,2,5,3,5,2.11946204038268,-1.90446096782569,0.264745858297797,0.0229625356059381,0.241783322691859,0.0129015486521128,0,0,0,0,0,0.00584263465889489,0,0.241783322691859,0,2020,29.2050236966825,-10.3503317535545,2019,16.2970422535211,2018,21.4294339622642,30.5309192108454,-11.3920066130277,22.5220017558738,-10.7817780955935,6.68302194080865,0.431446342038967,0.181818181818182
2022,"LU02","LU02_155",54.97483,-111.40751,14,13,7,7,4,7,2.11946204038268,-1.90446096782569,0.264745858297797,0.0229625356059381,0.241783322691859,0.0129015486521128,0,0,0,0,0,0.00584263465889489,0,0.241783322691859,0,2021,37.2844811320755,-11.7162264150943,2020,29.2050236966825,2019,16.2970422535211,38.0779451513822,-12.7932833479596,24.4803979822889,-10.7259719206364,12.8040831497866,-0.990254494457989,0.5
2021,"LU02","LU02_17",54.92504,-111.50987,11,6,9,0,5,2,1.89172939598865,-1.25926750062454,0.57773469446013,0.0247798209657733,0.552954873494357,0.01922656263379,0,0,0,0,0,0.00504585613128095,0,0.486377121920418,0,2020,27.0462559241706,-10.0754028436019,2019,12.5325352112676,2018,19.3214622641509,30.5309192108454,-11.3920066130277,19.7073192538069,-10.3605535398202,7.33893667036374,0.285150696218258,0.818181818181818
2022,"LU02","LU02_17",54.92504,-111.50987,14,11,7,1,1,10,1.89172939598865,-1.25926750062454,0.57773469446013,0.0247798209657733,0.552954873494357,0.01922656263379,0,0,0,0,0,0.00504585613128095,0,0.486377121920418,0,2021,33.7625,-11.3566037735849,2020,27.0462559241706,2019,12.5325352112676,38.0779451513822,-12.7932833479596,21.4207712263626,-10.3152962499402,12.3417287736374,-1.04130752364468,0.5
2021,"LU02","LU02_18",54.92097,-111.45886,11,2,1,0,1,2,0.345434568049677,-1.14531317392372,0.315665081805142,0.029744846761295,0.285920235043848,0.0189214280688663,0,0,0,0,0,0.00829124383433938,0,0.228206490162946,0,2020,28.3817061611374,-10.2187677725118,2019,14.7512676056338,2018,20.5494339622641,30.5309192108454,-11.3920066130277,21.6796292466932,-10.617084591693,6.70207691444421,0.398316819181179,0.0909090909090909
2022,"LU02","LU02_18",54.92097,-111.45886,14,5,7,2,2,4,0.345434568049677,-1.14531317392372,0.315665081805142,0.029744846761295,0.285920235043848,0.0189214280688663,0,0,0,0,0,0.00829124383433938,0,0.228206490162946,0,2021,36.1883962264151,-11.5569811320755,2020,28.3817061611374,2019,14.7512676056338,38.0779451513822,-12.7932833479596,23.5529997441203,-10.5603607494975,12.6353964822948,-0.996620382577985,0.5
2022,"LU02","LU02_20",54.95559,-111.63136,14,11,8,2,2,4,0.948504556446003,-0.629503671038687,0.262623088735074,0.0388720499895892,0.223751038745485,0.0252291245945198,0,0,0,0,0.00534087702420515,0.00788620154524463,0,0.164171465046757,0.00247779567890704,2021,31.0638679245283,-11.2673113207547,2020,26.3918009478673,2019,10.9354460093897,38.0779451513822,-12.7932833479596,20.6476670058041,-10.1903046647347,10.4162009187242,-1.07700665602006,0.571428571428571
2021,"LU02","LU02_20",54.95559,-111.63136,11,9,6,1,6,7,0.948504556446003,-0.629503671038687,0.262623088735074,0.0388720499895892,0.223751038745485,0.0252291245945198,0,0,0,0,0.00534087702420515,0.00788620154524463,0,0.164171465046757,0.00247779567890704,2020,26.3918009478673,-9.96303317535545,2019,10.9354460093897,2018,18.7362264150943,30.5309192108454,-11.3920066130277,19.1475169200408,-10.231646860275,7.24428402782652,0.268613684919519,0.545454545454545
2022,"LU02","LU02_21",54.94711,-111.62397,7,2,8,0,0,2,-0.282338070606893,-0.703908745421177,0.149179722108445,0.0345791389309425,0.114600583177503,0.024148530344903,0,0,0,0,0.00248150080906533,0.00250768536635259,0,0.0580180644234295,0.00674320412748013,2021,31.3100471698113,-11.2652830188679,2020,26.3862085308057,2019,11.0632863849765,38.0779451513822,-12.7932833479596,20.6314777324768,-10.1990632719302,10.6785694373346,-1.0662197469377,1.14285714285714
2021,"LU02","LU02_21",54.94711,-111.62397,11,4,6,0,3,2,-0.282338070606893,-0.703908745421177,0.149179722108445,0.0345791389309425,0.114600583177503,0.024148530344903,0,0,0,0,0.00248150080906533,0.00250768536635259,0,0.0580180644234295,0.00674320412748013,2020,26.3862085308057,-9.97478672985782,2019,11.0632863849765,2018,18.809858490566,30.5309192108454,-11.3920066130277,19.1047453139519,-10.2413874571789,7.28146321685379,0.266600727321121,0.545454545454545
2021,"LU02","LU02_24",54.97593,-111.78605,11,4,8,1,1,1,0.794219024673987,-0.949091240646726,0.488854938998053,0.0398803826269662,0.448974556371087,0.0205825616752194,0.00121691417850295,4.78009107482916e-06,0,0,0.0043095713427996,0.00704351672663294,0,0.361400172985098,0.0119149452383605,2020,25.2507582938389,-9.8478672985782,2019,9.06333333333333,2018,18.0298113207547,30.5309192108454,-11.3920066130277,18.7612227434911,-10.1332807851638,6.48953555034777,0.285413486585581,0.727272727272727
2021,"LU02","LU02_25",54.97028,-111.63915,11,4,18,0,3,1,1.52522219215325,-0.860513886286387,0.185644574265957,0.0453863059892628,0.140258268276694,0.0266588373166949,0,0,0,0,0.002545803389551,0.017542362948547,0,0.0782837150852113,0,2020,26.514691943128,-9.98412322274882,2019,11.3497183098592,2018,18.9730660377358,30.5309192108454,-11.3920066130277,19.5718671182087,-10.2755206728599,6.94282482491927,0.291397450111097,1.63636363636364
2022,"LU02","LU02_25",54.97028,-111.63915,14,11,3,0,7,5,1.52522219215325,-0.860513886286387,0.185644574265957,0.0453863059892628,0.140258268276694,0.0266588373166949,0,0,0,0,0.002545803389551,0.017542362948547,0,0.0782837150852113,0,2021,31.1717452830189,-11.3054245283019,2020,26.514691943128,2019,11.3497183098592,38.0779451513822,-12.7932833479596,21.052068661948,-10.232531822088,10.1196766210709,-1.07289270621384,0.214285714285714
2022,"LU02","LU02_26",54.96789,-111.41759,14,12,6,6,5,5,1.20309902999501,-2.05001493374434,0.0725030662002359,0.0238416979334291,0.0486613682668068,0.0127877639112057,0,0,0,0,0,0.00627483364171356,0,0.0486613682668068,0,2021,37.2844811320755,-11.7162264150943,2020,29.2050236966825,2019,16.2970422535211,38.0779451513822,-12.7932833479596,24.4803979822889,-10.7259719206364,12.8040831497866,-0.990254494457989,0.428571428571429
2021,"LU02","LU02_26",54.96789,-111.41759,11,10,4,6,5,1,1.20309902999501,-2.05001493374434,0.0725030662002359,0.0238416979334291,0.0486613682668068,0.0127877639112057,0,0,0,0,0,0.00627483364171356,0,0.0486613682668068,0,2020,29.2050236966825,-10.3503317535545,2019,16.2970422535211,2018,21.4294339622642,30.5309192108454,-11.3920066130277,22.5220017558738,-10.7817780955935,6.68302194080865,0.431446342038967,0.363636363636364
2021,"LU02","LU02_27",55.00145,-111.65134,11,3,4,1,2,0,2.26697749662467,-2.61975710057177,0.122205598496271,0.0615139206007255,0.0606916778955459,0.0292180736961868,0,0,0,0,0.00684720408840539,0.0110419854925474,0,0,0.0154155081131861,2020,27.0211848341232,-10.023317535545,2019,11.9847887323944,2018,19.3024056603774,30.5309192108454,-11.3920066130277,20.3038269935133,-10.3475175262021,6.71735784060992,0.324199990657119,0.363636363636364
2021,"LU02","LU02_29",54.85586,-111.5666,11,8,9,2,5,3,2.10183107992233,-1.20348849377399,0.154506105983192,0.0321270270147715,0.122379078968421,0.0254939219688503,0,0,0,0,0,0.00543306402423326,0,0.0710562260152215,0,2020,26.2849763033175,-10.022654028436,2019,12.0462910798122,2018,19.4214150943396,30.5309192108454,-11.3920066130277,19.5174652782986,-10.3420975555124,6.76751102501896,0.319443527076359,0.818181818181818
2021,"LU02","LU02_30",54.85813,-111.60098,11,5,11,1,4,0,2.36757405781336,-0.795421339604512,0.121440374641979,0.0381132501734018,0.0833271244685773,0.0291150284726929,0,0,0,0,0,0.0074629418150001,0,0.0231274792367515,0,2020,25.9204265402844,-9.98578199052133,2019,11.3062441314554,2018,19.2133490566038,30.5309192108454,-11.3920066130277,19.2458629392542,-10.3031800012243,6.67456360103014,0.317398010703018,1
2021,"LU02","LU02_31",54.86417,-111.47372,11,6,12,3,3,0,1.40333066211948,-1.60888454963686,0.110728202587071,0.0355527138665682,0.075175488720503,0.0250055112077817,0,0,0,0,0,0.00792761757828916,0,0.0266792884323419,0,2020,28.5461137440758,-10.2234123222749,2019,15.2958685446009,2018,20.9306603773585,30.5309192108454,-11.3920066130277,22.167836198388,-10.6744012599874,6.37827754568785,0.450988937712564,1.09090909090909
2021,"LU02","LU02_32",54.86235,-111.4461,11,7,7,3,2,3,0.645846765588314,-1.07929414674964,0.158728688460262,0.0391083246581747,0.119620363802088,0.0359582374605226,0,0,0,0,0,0.00122306572823046,0,0,0,2020,28.2192417061611,-10.2023696682464,2019,14.793896713615,2018,20.5892924528302,30.5309192108454,-11.3920066130277,21.6275134266698,-10.6154906140116,6.59172827949136,0.413120945765151,0.636363636363636
2021,"LU02","LU02_33",54.86687,-111.50648,11,6,10,3,5,0,2.45972659601604,-1.8146020009548,0.336801225954933,0.0350417734396558,0.301759452515277,0.0251971501596781,0,0,0,0,0,0.0086115994297248,0,0.249699910814976,0,2020,27.9263507109005,-10.157345971564,2019,14.3128169014085,2018,20.7020754716981,30.5309192108454,-11.3920066130277,21.3310620476617,-10.568454747273,6.59528866323873,0.411108775709,0.909090909090909
2021,"LU02","LU02_34",54.8848,-111.40033,11,6,13,1,3,3,1.44818369295233,-0.732788351963618,0.315062680318114,0.0210736670054926,0.293989013312622,0.0131471911998406,0,0,0,0,0,0.00449562795384176,0,0.246745251480816,0,2020,27.7041232227488,-10.1798578199052,2019,13.6269953051643,2018,19.6056603773585,30.5309192108454,-11.3920066130277,20.3901350717961,-10.5009503931777,7.31398815095271,0.321092573272438,1.18181818181818
2021,"LU02","LU02_36",54.92015,-111.3576,11,5,5,1,2,4,2.77739210042835,-0.659192323261656,0.225447235703198,0.0235445231257862,0.201902712577412,0.0111545928900987,0,0,0,0,0,0.00934981543055908,0,0.15493198586128,0,2020,29.9507582938389,-10.5163033175355,2019,18.3284507042254,2018,22.8311320754717,30.5309192108454,-11.3920066130277,24.0042011566089,-11.0683425498866,5.94655713722993,0.552039232351067,0.454545454545455
2021,"LU02","LU02_38",54.92608,-111.52653,8,4,11,2,2,0,1.75554155268722,-0.526963971486062,0.327140948545982,0.027312907831612,0.29982804071437,0.0222141732390232,0,0,0,0,0,0.0049641146098138,0,0.240275451496133,0,2020,27.1157819905213,-10.0737440758294,2019,12.5877464788732,2018,19.4409433962264,30.5309192108454,-11.3920066130277,19.9476124007123,-10.3767734979077,7.16816958980899,0.303029422078334,1.375
2022,"LU02","LU02_39",54.92213,-111.49615,14,5,6,1,2,2,2.10267782506451,-2.09214867950826,0.74865101192107,0.0236154590442474,0.725035552876823,0.0190206364282007,0,0,0,0,0,0.00281406307968237,0,0.657654025189397,0,2021,35.0695283018868,-11.4708962264151,2020,27.8392890995261,2019,13.968544600939,38.0779451513822,-12.7932833479596,22.8202428740594,-10.458762215826,12.2492854278274,-1.01213401058913,0.428571428571429
2021,"LU02","LU02_39",54.92213,-111.49615,11,4,4,1,2,2,2.10267782506451,-2.09214867950826,0.74865101192107,0.0236154590442474,0.725035552876823,0.0190206364282007,0,0,0,0,0,0.00281406307968237,0,0.657654025189397,0,2020,27.8392890995261,-10.154691943128,2019,13.968544600939,2018,20.0880660377358,30.5309192108454,-11.3920066130277,21.0288449323784,-10.5118454062205,6.81044416714765,0.357153463092512,0.363636363636364
2022,"LU02","LU02_40",54.93723,-111.58392,14,14,4,4,7,11,2.24747140920545,-1.34394169259554,0.175479272639344,0.0349253631923652,0.140553909446978,0.0238156037028918,0,0,0,0,0.00312540330999471,0.00796432136563694,0,0.0620363020353539,0.00314543812383653,2021,32.2620754716981,-11.322358490566,2020,26.9821327014218,2019,11.9933333333333,38.0779451513822,-12.7932833479596,21.295795838155,-10.2859325185258,10.9662796335431,-1.03642597204028,0.285714285714286
2021,"LU02","LU02_40",54.93723,-111.58392,11,10,4,2,5,7,2.24747140920545,-1.34394169259554,0.175479272639344,0.0349253631923652,0.140553909446978,0.0238156037028918,0,0,0,0,0.00312540330999471,0.00796432136563694,0,0.0620363020353539,0.00314543812383653,2020,26.9821327014218,-10.0318957345972,2019,11.9933333333333,2018,19.3110849056604,30.5309192108454,-11.3920066130277,19.6970222532494,-10.3338441823336,7.28511044817241,0.301948447736486,0.363636363636364
2021,"LU02","LU02_42",54.92949,-111.45815,11,6,4,1,4,0,1.45835108369528,-1.5672299800817,0.590437849459336,0.0222026840832749,0.568235165376061,0.0184388395874692,0,0,0,0,0,0.00312162320893405,0,0.50665407295386,0,2020,29.0790047393365,-10.3034123222749,2019,16.231220657277,2018,21.7364150943396,30.5309192108454,-11.3920066130277,22.6533373901205,-10.7589604659899,6.425667349216,0.455548143715029,0.363636363636364
2022,"LU02","LU02_42",54.92949,-111.45815,14,6,6,1,3,1,1.45835108369528,-1.5672299800817,0.590437849459336,0.0222026840832749,0.568235165376061,0.0184388395874692,0,0,0,0,0,0.00312162320893405,0,0.50665407295386,0,2021,37.0758490566038,-11.6713679245283,2020,29.0790047393365,2019,16.231220657277,38.0779451513822,-12.7932833479596,24.5745294998975,-10.6970608090431,12.5013195567063,-0.974307115485217,0.428571428571429
2021,"LU02","LU02_44",54.95452,-111.4257,10,6,2,1,1,6,1.34629184160962,-1.89375203709504,0.3097286220307,0.0176935554975615,0.292035066533138,0.0140042288201389,0,0,0,0,0,0.00190188055962912,0,0.292035066533138,0,2020,29.4396208530806,-10.3619431279621,2019,16.7803286384977,2018,21.9752830188679,30.5309192108454,-11.3920066130277,23.0655526267139,-10.8359585266934,6.3740682263667,0.474015398731284,0.2
2022,"LU02","LU02_46",54.96857,-111.51454,14,3,16,0,1,3,1.41024832748472,-0.609817153581522,0.0860716671623427,0.0275585778261108,0.0585130893362319,0.0106937765875082,0,0,0,0,0,0.0137652967503615,0,0.0139650049440185,0,2021,33.3664622641509,-11.3584433962264,2020,27.2536492890995,2019,12.6029107981221,38.0779451513822,-12.7932833479596,21.5838568980781,-10.3074980480326,11.7826053660728,-1.05094534819386,1.14285714285714
2021,"LU02","LU02_46",54.96857,-111.51454,11,7,15,4,3,2,1.41024832748472,-0.609817153581522,0.0860716671623427,0.0275585778261108,0.0585130893362319,0.0106937765875082,0,0,0,0,0,0.0137652967503615,0,0.0139650049440185,0,2020,27.2536492890995,-10.0849763033175,2019,12.6029107981221,2018,19.2389150943396,30.5309192108454,-11.3920066130277,19.8998903457625,-10.3492947890274,7.353758943337,0.264318485709877,1.36363636363636
2022,"LU02","LU02_47",54.97673,-111.64797,14,12,1,9,6,6,1.73481878454259,-1.41049188178394,0.113930115673118,0.0505345982043561,0.0633955174687623,0.0246107026294792,0,0,0,0,0.00254580338955124,0.0183448981427479,0,0.0103272250809024,0.00610933409060233,2021,31.1717452830189,-11.3054245283019,2020,26.514691943128,2019,11.3497183098592,38.0779451513822,-12.7932833479596,21.052068661948,-10.232531822088,10.1196766210709,-1.07289270621384,0.0714285714285714
2021,"LU02","LU02_47",54.97673,-111.64797,11,11,1,7,5,6,1.73481878454259,-1.41049188178394,0.113930115673118,0.0505345982043561,0.0633955174687623,0.0246107026294792,0,0,0,0,0.00254580338955124,0.0183448981427479,0,0.0103272250809024,0.00610933409060233,2020,26.514691943128,-9.98412322274882,2019,11.3497183098592,2018,18.9730660377358,30.5309192108454,-11.3920066130277,19.5718671182087,-10.2755206728599,6.94282482491927,0.291397450111097,0.0909090909090909
2022,"LU02","LU02_50",54.97719,-111.49719,14,12,5,8,8,8,2.43629982529371,-1.68610285194366,0.465266414673303,0.0157544654501275,0.449511949223176,0.0115041230982124,0,0,0,0,0,0.00261329303577114,0,0.401118496724885,0.000925858597264408,2021,33.9619811320755,-11.4296698113208,2020,27.8286255924171,2019,13.4284507042254,38.0779451513822,-12.7932833479596,22.2622424584195,-10.3917892868226,11.699738673656,-1.03788052449817,0.357142857142857
2021,"LU02","LU02_50",54.97719,-111.49719,11,11,5,6,6,4,2.43629982529371,-1.68610285194366,0.465266414673303,0.0157544654501275,0.449511949223176,0.0115041230982124,0,0,0,0,0,0.00261329303577114,0,0.401118496724885,0.000925858597264408,2020,27.8286255924171,-10.1341232227488,2019,13.4284507042254,2018,19.6455660377359,30.5309192108454,-11.3920066130277,20.5438505201691,-10.4367335406819,7.28477507224799,0.302610317933112,0.454545454545455
2021,"LU02","LU02_51",54.99653,-111.47964,11,8,6,3,7,3,1.66065872231297,-2.21524606546016,0.160844375526112,0.0423397650939395,0.118504610432172,0.0119390532399962,0.00256473881818101,0.00256473881818101,0,0,0,0.00520589552812611,0,0.0513251976313328,0.0235512269484085,2020,27.7178199052133,-10.121990521327,2019,13.127558685446,2018,19.3481603773585,30.5309192108454,-11.3920066130277,20.1460290260364,-10.3861480625602,7.5717908791769,0.264157541233189,0.545454545454545
2022,"LU02","LU02_51",54.99653,-111.47964,14,11,2,8,3,7,1.66065872231297,-2.21524606546016,0.160844375526112,0.0423397650939395,0.118504610432172,0.0119390532399962,0.00256473881818101,0.00256473881818101,0,0,0,0.00520589552812611,0,0.0513251976313328,0.0235512269484085,2021,33.6190566037736,-11.3999056603774,2020,27.7178199052133,2019,13.127558685446,38.0779451513822,-12.7932833479596,21.8530444634292,-10.3461866560422,11.7660121403444,-1.05371900433517,0.142857142857143
2022,"LU02","LU02_52",54.99463,-111.40199,14,4,10,0,0,4,1.4261316434988,-1.84226073311828,0.419905971303545,0.033112233339929,0.386793737963616,0.0176097491454685,0,0,0,0,0,0.00288241471460951,0,0.357492547506974,0.00681206488106092,2021,36.6830660377358,-11.6572641509434,2020,28.965308056872,2019,15.7414084507042,38.0779451513822,-12.7932833479596,23.9299905131405,-10.6528418411368,12.7530755245953,-1.00442230980664,0.714285714285714
2021,"LU02","LU02_52",54.99463,-111.40199,11,3,4,0,2,1,1.4261316434988,-1.84226073311828,0.419905971303545,0.033112233339929,0.386793737963616,0.0176097491454685,0,0,0,0,0,0.00288241471460951,0,0.357492547506974,0.00681206488106092,2020,28.965308056872,-10.3189573459716,2019,15.7414084507042,2018,20.9057547169811,30.5309192108454,-11.3920066130277,21.994458780722,-10.703274945768,6.97084927615002,0.384317599796411,0.363636363636364
2022,"LU02","LU02_54",55.00331,-111.41174,14,12,6,7,8,2,2.14428087282645,-1.92841738069989,0.528777805155019,0.0295448201895716,0.499232984965448,0.0191866079974961,0,0,0,0,0.0020413177290636,0.00173982646653539,0,0.404094524948345,0,2021,36.0934433962264,-11.6013679245283,2020,28.7005687203791,2019,15.3826291079812,38.0779451513822,-12.7932833479596,23.4395274001347,-10.5823960081665,12.6539159960917,-1.01897191636183,0.428571428571429
2021,"LU02","LU02_54",55.00331,-111.41174,11,6,2,4,3,0,2.14428087282645,-1.92841738069989,0.528777805155019,0.0295448201895716,0.499232984965448,0.0191866079974961,0,0,0,0,0.0020413177290636,0.00173982646653539,0,0.404094524948345,0,2020,28.7005687203791,-10.2824170616114,2019,15.3826291079812,2018,20.4639150943396,30.5309192108454,-11.3920066130277,21.5365728546802,-10.6287810853534,7.16399586569899,0.34636402374206,0.181818181818182
2022,"LU02","LU02_56",55.01672,-111.39808,14,11,4,7,5,0,1.96454105315494,-1.05046866420131,0.559808610938312,0.0206717578942653,0.539136853044046,0.0150248638178134,0,0,0,0,0,0.00296340057412123,0,0.482344267890202,0,2021,35.0591509433962,-11.4980660377358,2020,27.9871563981043,2019,14.423896713615,38.0779451513822,-12.7932833479596,22.5006126057748,-10.4715002284769,12.5585383376214,-1.02656580925891,0.285714285714286
2021,"LU02","LU02_56",55.01672,-111.39808,11,9,5,4,8,0,1.96454105315494,-1.05046866420131,0.559808610938312,0.0206717578942653,0.539136853044046,0.0150248638178134,0,0,0,0,0,0.00296340057412123,0,0.482344267890202,0,2020,27.9871563981043,-10.2318957345972,2019,14.423896713615,2018,19.7745283018868,30.5309192108454,-11.3920066130277,20.6532626915381,-10.5121220123534,7.33389370656615,0.280226277756285,0.454545454545455
2021,"LU02","LU02_57",55.04159,-111.39145,11,8,12,5,6,3,2.29751677489472,-1.01255635775459,0.213304568230537,0.0203333726917766,0.192971195538761,0.00744666374817571,0.00240349656636388,0.00240349656636388,0,0,0,0.00688146514188388,0,0.190283045450816,0.00498625215040775,2020,27.4251658767772,-10.151990521327,2019,13.0689671361502,2018,18.730141509434,30.5309192108454,-11.3920066130277,19.5495577861556,-10.3496712382282,7.87560809062166,0.197680716901214,1.09090909090909
2022,"LU02","LU02_57",55.04159,-111.39145,14,12,10,8,8,3,2.29751677489472,-1.01255635775459,0.213304568230537,0.0203333726917766,0.192971195538761,0.00744666374817571,0.00240349656636388,0.00240349656636388,0,0,0,0.00688146514188388,0,0.190283045450816,0.00498625215040775,2021,33.4377830188679,-11.3467452830189,2020,27.4251658767772,2019,13.0689671361502,38.0779451513822,-12.7932833479596,21.2913073573391,-10.3148299003209,12.1464756615288,-1.03191538269802,0.714285714285714
2021,"LU03","LU03_05",55.34055,-110.86127,11,3,1,0,2,2,-1.37004659252438,-0.394375885752747,0.170366791801757,0.0621796323837504,0.108187159418006,0.0196808279694824,0.00433947166282374,0.00433947166282374,0,0,0.00153567251122372,0.00385293771413439,0.0333103471689718,0,0.00533551953116178,2020,25.7663507109005,-10.5283412322275,2019,16.075117370892,2018,14.9414622641509,30.5309192108454,-11.3920066130277,17.3262973001937,-10.9537387963194,8.44005341070674,0.425397564091952,0.0909090909090909
2022,"LU03","LU03_05",55.34055,-110.86127,1,1,0,0,1,0,-1.37004659252438,-0.394375885752747,0.170366791801757,0.0621796323837504,0.108187159418006,0.0196808279694824,0.00433947166282374,0.00433947166282374,0,0,0.00153567251122372,0.00385293771413439,0.0333103471689718,0,0.00533551953116178,2021,21.9187264150943,-12.1732075471698,2020,25.7663507109005,2019,16.075117370892,38.0779451513822,-12.7932833479596,18.1712072487358,-10.9460586934035,3.74751916635858,-1.22714885376632,0
2021,"LU03","LU03_07",55.40634,-110.75082,12,6,8,0,2,5,-1.19163035166668,-1.1417734190272,0.458878707494442,0.204275424075724,0.254603283418718,0.0317649547650982,0.00363802674661812,0.00363802674661812,0,0,0,0.00672167653736284,0.00937215999994138,0.118142451806968,0.114228424951921,2020,23.6061137440758,-10.575971563981,2019,14.0829107981221,2018,15.0055660377358,30.5309192108454,-11.3920066130277,16.2748763286746,-10.9829898987927,7.33123741540123,0.407018334811669,0.666666666666667
2021,"LU03","LU03_10",55.43207,-110.78266,12,4,8,0,2,1,-0.392924839175162,-0.043968759910077,0.269566626642614,0.0852539040402021,0.184312722602412,0.039016580386516,0.00302242416443358,0.00302242416443358,0,0,0.0221777769927208,0.000986666057493813,0.0174602680742336,0.030019339933107,0.00607320385371538,2020,24.315308056872,-10.6228909952607,2019,15.0672769953052,2018,15.1308018867925,30.5309192108454,-11.3920066130277,16.6485465069171,-11.0453421881553,7.66676154995489,0.422451192894648,0.666666666666667
2021,"LU03","LU03_102",55.33055,-110.85629,11,4,2,1,3,1,-1.36917531479322,-0.411795585612814,0.16446003665632,0.0664432531824956,0.0980167834738249,0.0213786832666674,0.00433947166282409,0.00433947166282409,0,0,0.00378471843580152,0.00529279324034899,0.0193087162934489,0,0.0204630603820303,2020,28.7709478672986,-10.566682464455,2019,15.9564788732394,2018,15.4360377358491,30.5309192108454,-11.3920066130277,17.7305018763237,-10.9842110838013,11.0404459909749,0.417528619346275,0.181818181818182
2022,"LU03","LU03_102",55.33055,-110.85629,1,0,1,0,0,0,-1.36917531479322,-0.411795585612814,0.16446003665632,0.0664432531824956,0.0980167834738249,0.0213786832666674,0.00433947166282409,0.00433947166282409,0,0,0.00378471843580152,0.00529279324034899,0.0193087162934489,0,0.0204630603820303,2021,23.6248113207547,-12.2123113207547,2020,28.7709478672986,2019,15.9564788732394,38.0779451513822,-12.7932833479596,18.7238337802688,-10.9778345829436,4.90097754048591,-1.2344767378111,1
2021,"LU03","LU03_103",55.33152,-110.8249,11,1,1,0,0,1,-1.7421357650974,-0.157044177798505,0.0607457213397765,0.0560674897663933,0.00467823157338328,0,0,0,0,0,0.0039351625794235,0.00655507152836076,0.0393366976714547,0,0.009923568115411,2020,29.3596682464455,-10.5957345971564,2019,16.6194366197183,2018,15.4283490566038,30.5309192108454,-11.3920066130277,17.8547104565726,-11.0061029232416,11.5049577898729,0.410368326085159,0.0909090909090909
2022,"LU03","LU03_103",55.33152,-110.8249,1,0,1,0,0,0,-1.7421357650974,-0.157044177798505,0.0607457213397765,0.0560674897663933,0.00467823157338328,0,0,0,0,0,0.0039351625794235,0.00655507152836076,0.0393366976714547,0,0.009923568115411,2021,23.6247641509434,-12.2393396226415,2020,29.3596682464455,2019,16.6194366197183,38.0779451513822,-12.7932833479596,18.8506324119757,-11.0008199043736,4.7741317389677,-1.23851971826788,1
2021,"LU03","LU03_111",55.39863,-111.1192,11,7,8,4,2,3,0.318839012712531,1.25813603638374,0.18811553969704,0.0859957683350322,0.102119771362008,0.0161054855171413,0.00952290544609423,0.00952290544609423,0,0,0,0.0020690766704288,0.0064972775601993,0,0.0510744929287512,2020,28.7018483412322,-10.4965402843602,2019,16.5806572769953,2018,14.6539150943396,30.5309192108454,-11.3920066130277,18.3764984743969,-11.0359087972266,10.3253498668353,0.53936851286644,0.727272727272727
2021,"LU03","LU03_126",55.55315,-110.772418,10,1,4,0,1,0,-1.68115678263621,-0.161671193054568,0.175351049554283,0.0731223685413452,0.102228681012938,0.00715616462880452,0.0532677908997665,0,0,0.0363936318288468,0.015372126696216,0.00820193873853482,0.0462075814985681,0,0.0115566836754378,2020,22.9128909952607,-10.653981042654,2019,17.4906103286385,2018,15.4609433962264,30.5309192108454,-11.3920066130277,17.5344617787066,-11.095773749093,5.37842921655404,0.441792706439021,0.4
2021,"LU03","LU03_129",55.57962,-110.82375,12,10,2,3,4,4,-1.60952858434702,-1.09991376563656,0.374960811816638,0.123862346822507,0.251098464994131,0.0343982263516801,0.0668313545846622,8.97378485309857e-06,0,0.0326515898383392,0.0240523276904217,0.00249906117518077,0.0160416582136071,0,0.0709234010820391,2020,22.1591943127962,-10.5738862559242,2019,17.3541314553991,2018,14.8973113207547,30.5309192108454,-11.3920066130277,17.1830124048113,-11.0378315466028,4.97618190798492,0.463945290678657,0.166666666666667
2022,"LU03","LU03_13",55.50208,-111.11472,1,1,2,0,1,0,1.26445839213199,2.5841245152165,0.115771997556228,0.0422021713916181,0.0735698261646095,0.00992710244624235,0.00171809561471641,0,0,0,0.00375332602360047,0.00717346018683111,0.0251016087585446,0,0,2021,23.4030188679245,-12.3824056603774,2020,25.8222274881517,2019,17.3330985915493,38.0779451513822,-12.7932833479596,18.9244235740343,-11.1033763589588,4.47859529389027,-1.27902930141854,2
2021,"LU03","LU03_13",55.50208,-111.11472,11,2,13,0,2,0,1.26445839213199,2.5841245152165,0.115771997556228,0.0422021713916181,0.0735698261646095,0.00992710244624235,0.00171809561471641,0,0,0,0.00375332602360047,0.00717346018683111,0.0251016087585446,0,0,2020,25.8222274881517,-10.5570142180095,2019,17.3330985915493,2018,14.579858490566,30.5309192108454,-11.3920066130277,18.116760623777,-11.1098772165917,7.70546686437469,0.55286299858227,1.18181818181818
2021,"LU03","LU03_131",55.33239,-110.79513,11,4,0,0,2,2,-0.110454893882465,-0.839071580114669,0.136553607838917,0.055078054198984,0.0814755536399327,0.000505043381761039,0,0,0,0,0,0.00514962622343748,0.0268756685269505,0.0770680938649094,0.0212619470305709,2020,29.2923696682464,-10.6109004739336,2019,16.3108450704225,2018,15.3833018867925,30.5309192108454,-11.3920066130277,17.7076017978023,-11.0127531527547,11.5847678704442,0.401852678821037,0
2022,"LU03","LU03_131",55.33239,-110.79513,1,0,1,0,0,0,-0.110454893882465,-0.839071580114669,0.136553607838917,0.055078054198984,0.0814755536399327,0.000505043381761039,0,0,0,0,0,0.00514962622343748,0.0268756685269505,0.0770680938649094,0.0212619470305709,2021,23.2662735849057,-12.2488679245283,2020,29.2923696682464,2019,16.3108450704225,38.0779451513822,-12.7932833479596,18.6795486245604,-11.0082548680206,4.58672496034524,-1.24061305650775,1
2021,"LU03","LU03_137",55.42564,-111.19794,11,1,6,0,1,0,-0.192999480211805,1.60615488050062,0.153173662641679,0.0335229512380976,0.119650711403581,0.0189747653444538,0,0,0,0,0.00257788623136968,0.00394757023814378,0.00084485341554293,0,0.00975576223995712,2020,25.7204265402844,-10.4316113744076,2019,15.523896713615,2018,15.0099528301887,30.5309192108454,-11.3920066130277,18.1629248480322,-11.0011782879049,7.55750169225215,0.569566913497329,0.545454545454545
2021,"LU03","LU03_14",55.50061,-111.09364,12,7,3,0,3,4,1.10047289328201,3.64949353002992,0.144268692706985,0.0683172891337554,0.0759514035732293,0.03777407270967,0.00171809561471616,0,0,0,0.0157681282660911,0.00428670542181782,0.0262565110022676,0,0,2020,28.4207109004739,-10.5878672985782,2019,17.6271361502347,2018,14.5871226415094,30.5309192108454,-11.3920066130277,18.2871816635739,-11.1345030262079,10.1335292369,0.546635727629688,0.25
2021,"LU03","LU03_147",55.53844,-110.84415,12,10,8,5,6,4,-0.252528993990289,-1.15167550081876,0.303102124270733,0.158364577031195,0.144737547239538,0.028373690759492,0.0276038824963727,0,0,0.0121037469224189,0.0253234007579693,0.00348560186841131,0.0104982625713172,0,0.0919570636155866,2020,23.3526066350711,-10.605355450237,2019,15.8549295774648,2018,15.8315566037736,30.5309192108454,-11.3920066130277,17.4366578122073,-11.0715952374246,5.91594882286383,0.466239787187652,0.666666666666667
2021,"LU03","LU03_15",55.4944,-110.79516,11,1,2,1,0,0,-0.454895455992094,-0.968377107447513,0.108205229284731,0.0463861780493661,0.0618190512353652,0.0151669490069886,0.00396286660763715,0,0,0,0.00149338699976365,0.0131616756009788,0.000520516443769512,0,0.0144356975816919,2020,24.3370142180095,-10.6771563981043,2019,15.4080751173709,2018,15.3983490566038,30.5309192108454,-11.3920066130277,17.4076410913324,-11.1102329404744,6.92937312667706,0.433076542370097,0.181818181818182
2022,"LU03","LU03_15",55.4944,-110.79516,1,0,2,0,0,0,-0.454895455992094,-0.968377107447513,0.108205229284731,0.0463861780493661,0.0618190512353652,0.0151669490069886,0.00396286660763715,0,0,0,0.00149338699976365,0.0131616756009788,0.000520516443769512,0,0.0144356975816919,2021,23.0171226415094,-12.3919339622642,2020,24.3370142180095,2019,15.4080751173709,38.0779451513822,-12.7932833479596,18.2072808855005,-11.1097183607145,4.80984175600892,-1.28221560154965,2
2022,"LU03","LU03_17",55.51204,-110.85303,1,1,0,0,0,0,-0.543840837287684,-1.26551063819979,0.220720716271531,0.176190034835852,0.0445306814356791,0.0196384820627942,0.00399991186805748,0,0,0,0.0105580461773117,0.00205146984710116,0.0182242071029182,0,0.109687170267058,2021,22.4964622641509,-12.3162264150943,2020,23.2549289099526,2019,15.6011737089202,38.0779451513822,-12.7932833479596,17.9462223038261,-11.0470975758354,4.55023996032482,-1.26912883925891,0
2021,"LU03","LU03_17",55.51204,-110.85303,11,1,14,0,1,0,-0.543840837287684,-1.26551063819979,0.220720716271531,0.176190034835852,0.0445306814356791,0.0196384820627942,0.00399991186805748,0,0,0,0.0105580461773117,0.00205146984710116,0.0182242071029182,0,0.109687170267058,2020,23.2549289099526,-10.5854502369668,2019,15.6011737089202,2018,15.3917924528302,30.5309192108454,-11.3920066130277,17.1759907429342,-11.0511713322677,6.07893816701842,0.465721095300855,1.27272727272727
2022,"LU03","LU03_18",55.53731,-111.11633,1,0,0,0,0,0,0.952714306608387,2.62655309660192,0.12342616708684,0.0332739805200414,0.0901521865667983,0.00735036267239869,0,0,0,0,0.0119374165675723,0,0.0182107601254832,0,0,2021,23.287358490566,-12.3666037735849,2020,25.4421327014218,2019,17.2366666666667,38.0779451513822,-12.7932833479596,18.7453745641182,-11.0901787419391,4.54198392644787,-1.27642503164576,0
2021,"LU03","LU03_18",55.53731,-111.11633,11,0,2,0,0,0,0.952714306608387,2.62655309660192,0.12342616708684,0.0332739805200414,0.0901521865667983,0.00735036267239869,0,0,0,0,0.0119374165675723,0,0.0182107601254832,0,0,2020,25.4421327014218,-10.5504739336493,2019,17.2366666666667,2018,14.5207547169811,30.5309192108454,-11.3920066130277,17.8880846841868,-11.0962464949409,7.55404801723502,0.545772561291567,0.181818181818182
2022,"LU03","LU03_19",55.52431,-111.07001,1,0,0,0,0,0,-1.42011202615891,0.532019216285792,0.154862971199203,0.044615975733146,0.110246995466057,0.0124350891692161,0.0575080090179528,0,0,0.0480974815435868,0.0331029326699184,0.00615038096712927,0.0155639256885611,0,0.00550131807177337,2021,22.8766509433962,-12.3902830188679,2020,25.2487203791469,2019,17.4438028169014,38.0779451513822,-12.7932833479596,18.581960087504,-11.1106291236481,4.29469085589221,-1.27965389521982,0
2021,"LU03","LU03_19",55.52431,-111.07001,12,4,3,1,3,2,-1.42011202615891,0.532019216285792,0.154862971199203,0.044615975733146,0.110246995466057,0.0124350891692161,0.0575080090179528,0,0,0.0480974815435868,0.0331029326699184,0.00615038096712927,0.0155639256885611,0,0.00550131807177337,2020,25.2487203791469,-10.5831753554502,2019,17.4438028169014,2018,14.3355660377358,30.5309192108454,-11.3920066130277,17.7658666055143,-11.114771490715,7.48285377363261,0.53159613526476,0.25
2021,"LU03","LU03_20",55.5267,-111.04119,12,5,2,0,5,3,-1.56642174073328,-0.543398280528919,0.14217746962222,0.0435111110361832,0.0986663585860367,0.00987006725729194,0.0322423836752484,0,0,0.020679929736122,0.0250362311801424,0.00591056160112738,0.0120689913381497,0,0.0135123143773887,2020,24.6081516587678,-10.6191469194313,2019,15.641220657277,2018,14.2903301886792,30.5309192108454,-11.3920066130277,17.6762921315542,-11.1419418156461,6.9318595272136,0.522794896214831,0.166666666666667
2021,"LU03","LU03_21",55.52354,-110.91676,12,8,4,3,8,2,0.286496269106931,-1.04833878705673,0.129386445290824,0.0893131664666874,0.0400732788241363,0.0076219667652886,0.00886014392634957,0,0,0.0036833734686603,0.0294736838712891,0.0120591919713481,0.0152153465453292,0,0.0544166611847215,2020,23.0784834123223,-10.5727962085308,2019,15.760234741784,2018,14.9802830188679,30.5309192108454,-11.3920066130277,17.0859423004989,-11.0487209704238,5.9925411118234,0.475924761892985,0.333333333333333
2021,"LU03","LU03_25",55.54139,-110.90796,12,5,7,0,3,3,-0.370312549418228,-0.800587454267748,0.290619972840915,0.0715279388414977,0.219092033999417,0.0434784741129524,0.0562656628318021,0,0,0.0478638045598581,0.0215115175154693,0.00345176331392841,0.00631849489151505,0,0.013818567671197,2020,22.5735071090047,-10.5677725118483,2019,15.8266197183099,2018,15.220141509434,30.5309192108454,-11.3920066130277,17.1785715790793,-11.0492846969607,5.39493552992548,0.481512185112386,0.583333333333333
2021,"LU03","LU03_27",55.5513,-110.96253,11,8,6,1,7,4,-1.53253938859205,-0.509504466753319,0.132129698599522,0.0419654234227418,0.0901642751767799,0.0255579825829802,0,0,0,0,0.0165576232024783,0.00544970496785847,0.0100100320460642,0,0,2020,23.1235545023697,-10.5322748815166,2019,15.5291079812207,2018,15.1219339622642,30.5309192108454,-11.3920066130277,17.18412778246,-11.0304214135313,5.93942671990964,0.49814653201469,0.545454545454545
2021,"LU03","LU03_28",55.551544,-110.88773,12,9,4,0,6,4,0.169835510867289,-1.1550435576057,0.209790968764902,0.0603026495044546,0.149488319260448,0.0163405654652332,0.0586000718844967,0.00321929046912803,0,0.037944055783223,0.0298565039857914,0.00808741297211227,0.00252102693034586,0,0.0328252913879538,2020,23.4949289099526,-10.5823696682464,2019,16.8975117370892,2018,15.1925471698113,30.5309192108454,-11.3920066130277,17.2729809467254,-11.0585001289417,6.22194796322722,0.476130460695231,0.333333333333333
2021,"LU03","LU03_32",55.40952,-111.20451,12,10,12,7,6,5,-1.13065560587266,-0.222830557269827,0.249921935039833,0.066655477590587,0.183266457449246,0.0354491147675666,0.00584373678682732,0.00257795216303652,0,0,0,0.00626649519318554,0,0.0641680545109196,0.0248545889496385,2020,26.0227962085308,-10.4248341232227,2019,16.1768544600939,2018,15.1877358490566,30.5309192108454,-11.3920066130277,18.4560402871081,-10.9968027362008,7.56675592142271,0.571968612978003,1
2021,"LU03","LU03_36",55.44786,-111.22414,11,4,11,0,1,4,0.335871187915447,2.8714661567863,0.153895037173496,0.125112362715726,0.0287826744577698,0.0205534847808451,0,0,0,0,0,0.0033889118045217,0.0239496329747465,0,0.0772203331556127,2020,25.8895260663507,-10.4608056872038,2019,15.8256807511737,2018,15.6928301886792,30.5309192108454,-11.3920066130277,18.4788725122911,-11.0520364231896,7.41065355405965,0.591230735985803,1
2021,"LU03","LU03_38",55.44706,-110.76387,12,0,4,0,0,0,0.871507589646522,-0.839056791450522,0.22432050268964,0.0619243253664641,0.162396177323176,0.0344250438051495,0.00731001507728632,0.00575347189503314,0,0,0.0302661900228056,0.002012807762337,0.0165714099440577,0,0.00770932329860971,2020,25.3063981042654,-10.7220853080569,2019,15.8253990610329,2018,15.5702358490566,30.5309192108454,-11.3920066130277,17.1681006857781,-11.1315581247587,8.13829741848728,0.409472816701804,0.333333333333333
2021,"LU03","LU03_39",55.46641,-111.23818,11,2,2,0,0,2,0.79228579990788,2.9620558722165,0.353389763229777,0.0404120717885766,0.3129776914412,0.013491450351219,0.00171793287589898,0,0,0,0.0289977225080352,0.00284964908667131,0.00689358847426182,0.0138668144971373,0.0166761804026116,2020,25.2762085308057,-10.426018957346,2019,15.5165727699531,2018,15.3375943396226,30.5309192108454,-11.3920066130277,18.14429585823,-11.0193695768213,7.13191267257566,0.593350619475348,0.181818181818182
2021,"LU03","LU03_40",55.47251,-111.16615,11,3,5,0,2,1,1.77588043203382,4.17783634204217,0.165866807067921,0.0557895051739057,0.110077301894015,0.0151118933876914,0.0521401677796512,0.0025015177160377,0,0.0479229640580108,0.0491685938272018,0.00285021401006152,0.0246253527934034,0.000138812900238906,0.0127151805080288,2020,27.7891469194313,-10.5218483412322,2019,15.7922535211268,2018,14.9120283018868,30.5309192108454,-11.3920066130277,18.3176425502988,-11.0946865820396,9.47150436913248,0.572838240807329,0.454545454545455
2021,"LU03","LU03_41",55.46186,-111.16666,11,3,7,0,0,3,1.45015997061679,2.90645332054236,0.227384927963846,0.0613467792688704,0.166038148694975,0.0124896099218032,0.0555449873596592,0.00478006992318427,0,0.0507649174364749,0.0479519432108087,0.00619579888987115,0.0260150619069055,0.0603600875672775,0.0153667943371957,2020,28.4617061611374,-10.547345971564,2019,16.4732394366197,2018,15.5093396226415,30.5309192108454,-11.3920066130277,18.7561911122299,-11.1336460480016,9.70551504890758,0.586300076437587,0.636363636363636
2021,"LU03","LU03_44",55.50131,-110.84864,11,7,1,4,4,4,0.101424674536415,-0.755128705915757,0.258578802033917,0.163941992290556,0.0946368097433612,0.0292073659370292,0.0103268947247804,0,0,0,0.00283214653385195,0.000355314028496626,0.00570118712401697,0,0.104907441419439,2020,23.3864454976303,-10.5758767772512,2019,14.7257746478873,2018,15.3236320754717,30.5309192108454,-11.3920066130277,17.0817128865421,-11.0402980651803,6.30473261108821,0.464421287929071,0.0909090909090909
2021,"LU03","LU03_45",55.51747,-110.96503,12,3,7,1,1,2,0.942919164261429,-1.31754099891469,0.211796428911857,0.0982344120082051,0.113562016903652,0.0261515467792207,0.0216542942564629,0,0,0.0178640305536438,0.0316417984140324,0.00963871523477903,0.0182269223463509,0,0.0431900836940191,2020,24.10663507109,-10.635355450237,2019,16.1633333333333,2018,15.3154716981132,30.5309192108454,-11.3920066130277,17.4127332576285,-11.1351083364829,6.69390181346153,0.499752886245963,0.583333333333333
2021,"LU03","LU03_46",55.5084,-110.89555,12,4,5,2,1,2,-0.354294967327584,-0.452032575050221,0.142530597420528,0.0452441219149103,0.0972864755056178,0.0178346499454336,0,0,0,0,0.00478921597581991,0.00656902927613313,0.0174695644244666,0,0.00302267837994485,2020,23.6481516587678,-10.6025592417062,2019,15.7446948356808,2018,15.6262735849057,30.5309192108454,-11.3920066130277,17.3967649633695,-11.0729750701184,6.25138669539832,0.470415828412195,0.416666666666667
2022,"LU03","LU03_48",55.54892,-111.09771,1,0,3,0,0,0,0.907402853287623,3.95108018493895,0.148085811507419,0.0567832693980873,0.0913025421093313,0.041667121282598,0,0,0,0,0.00951148988129826,0.00445489335738444,0.00825034916207332,0,0,2021,23.1909433962264,-12.3403773584906,2020,24.1969668246445,2019,15.0389671361502,38.0779451513822,-12.7932833479596,18.3304553824209,-11.0707519165023,4.86048801380548,-1.26962544198829,3
2021,"LU03","LU03_48",55.54892,-111.09771,12,1,15,0,1,0,0.907402853287623,3.95108018493895,0.148085811507419,0.0567832693980873,0.0913025421093313,0.041667121282598,0,0,0,0,0.00951148988129826,0.00445489335738444,0.00825034916207332,0,0,2020,24.1969668246445,-10.5396682464455,2019,15.0389671361502,2018,14.367641509434,30.5309192108454,-11.3920066130277,17.4522907168978,-11.0768025168453,6.74467610774677,0.537134270399834,1.25
2021,"LU03","LU03_49",55.55693,-111.07931,12,6,11,1,2,4,0.293813856486489,2.48577854225589,0.141379949035993,0.0574462515272672,0.0839336975087261,0.0472782828574476,0,0,0,0,0.00782597823481635,0.00590072656349787,0.000623111057551123,0,0,2020,24.3505687203791,-10.5773933649289,2019,15.4413145539906,2018,14.9794339622642,30.5309192108454,-11.3920066130277,17.9720047029077,-11.1129604654747,6.37856401747149,0.535567100545769,0.916666666666667
2021,"LU03","LU03_50",55.55165,-111.03035,12,7,10,4,2,1,-0.20506524062215,-0.89233690743496,0.162251076155421,0.0334886032917011,0.12876247286372,0.0276139392878318,0,0,0,0,0.00576979211152067,0.00166963293056849,0.00398571717154191,0,0,2020,24.1081516587678,-10.6061137440758,2019,15.5225821596244,2018,14.8587264150943,30.5309192108454,-11.3920066130277,17.9533109038363,-11.1247643024599,6.15484075493147,0.518650558384055,0.833333333333333
2021,"LU03","LU03_51",55.55753,-110.82767,12,11,5,4,3,6,-1.35046300617676,-0.941350354072448,0.278711028182187,0.12938710115378,0.149323927028406,0.00999896788244676,0.109777682577047,0,0,0.0675694158129994,0.0214532659001608,0.00434859471431864,0.0226075177483058,0,0.0917233026106045,2020,23.3371090047393,-10.5934123222749,2019,16.9015962441315,2018,15.6824528301887,30.5309192108454,-11.3920066130277,17.4101396158595,-11.0573346117394,5.92696938887981,0.463922289464501,0.416666666666667
2021,"LU03","LU03_52",55.56306,-110.89193,12,8,17,4,3,4,0.170715330837111,-1.41535685300287,0.479695640575566,0.156920437937469,0.322775202638097,0.0352105341421883,0.0131628746039803,0,0,0,0.0147157899326395,0.00243512385101836,0.00251758688914402,0,0.0907372710509751,2020,23.0997630331754,-10.5640758293839,2019,16.7449295774648,2018,15.184858490566,30.5309192108454,-11.3920066130277,17.0956877701654,-11.0404579840583,6.00407526300992,0.476382154674365,1.41666666666667
2023,"LU09","LU09_05",55.90594,-113.6983,2,0,0,0,0,0,1.6028004480427,1.38238378864183,0.114572416123934,0.0424930080901684,0.0720794080337659,0.0324338628142869,0,0,0,0,0.00255103817160355,0.0100591452758815,0,0,0,2022,9.0261320754717,-10.8410377358491,2021,25.5272641509434,2020,18.8281990521327,13.6092764370338,-11.9164168494954,18.2673796704337,-10.6353146135858,-9.241247594962,-0.205723122263233,0
2024,"LU09","LU09_05",55.90594,-113.6983,14,0,3,0,0,0,1.6028004480427,1.38238378864183,0.114572416123934,0.0424930080901684,0.0720794080337659,0.0324338628142869,0,0,0,0,0.00255103817160355,0.0100591452758815,0,0,0,2023,4.18605633802817,-8.04793427230047,2022,9.0261320754717,2021,25.5272641509434,16.2434159842778,-9.26000327546675,14.9695847059029,-10.3530889054667,-10.7835283678747,2.30515463316618,0.214285714285714
2023,"LU09","LU09_06",55.9047,-113.66641,2,0,0,0,0,0,3.09413396552068,0.275162537405285,0.0884903052533657,0.0332746870404035,0.0552156182129622,0.0294692184757131,0,0,0,0,0,0.00319275801162932,0,0,0,2022,9.02650943396226,-10.8355660377358,2021,25.4128301886792,2020,18.7617535545024,13.6092764370338,-11.9164168494954,18.068413038925,-10.6281330296821,-9.0419036049627,-0.207433008053769,0
2024,"LU09","LU09_06",55.9047,-113.66641,14,4,11,1,1,2,3.09413396552068,0.275162537405285,0.0884903052533657,0.0332746870404035,0.0552156182129622,0.0294692184757131,0,0,0,0,0,0.00319275801162932,0,0,0,2023,4.551220657277,-8.03924882629108,2022,9.02650943396226,2021,25.4128301886792,16.2434159842778,-9.26000327546675,14.788097467484,-10.3462465593449,-10.236876810207,2.30699773305382,0.785714285714286
2024,"LU09","LU09_07",55.92035,-113.66419,14,4,14,0,4,1,0.214099570728416,-0.196383733156869,0.142564659931812,0.0574374932334203,0.0851271666983919,0.038935847832533,0,0,0,0,0.0032759873284002,0.00879013521688223,0,0,0.0092807720794794,2023,4.46009389671362,-8.08075117370892,2022,9.18344339622642,2021,25.7339150943396,16.2434159842778,-9.26000327546675,15.6025980508224,-10.4211321060994,-11.1425041541088,2.34038093239048,1
2023,"LU09","LU09_07",55.92035,-113.66419,2,1,2,0,0,1,0.214099570728416,-0.196383733156869,0.142564659931812,0.0574374932334203,0.0851271666983919,0.038935847832533,0,0,0,0,0.0032759873284002,0.00879013521688223,0,0,0.0092807720794794,2022,9.18344339622642,-10.898820754717,2021,25.7339150943396,2020,19.2450236966825,13.6092764370338,-11.9164168494954,18.9633219576701,-10.7059022492909,-9.7798785614437,-0.192918505426103,1
2024,"LU09","LU09_08",55.91551,-113.64588,14,6,16,1,2,3,0.852841109027538,-0.640412137016095,0.17959063063901,0.0746312348173304,0.104959395821679,0.0610904285131013,0,0,0,0,0,0.00575969243027971,0,0,0.00758321223392035,2023,4.95380281690141,-8.08582159624413,2022,9.27457547169811,2021,25.8171226415094,16.2434159842778,-9.26000327546675,15.5751778716735,-10.4319904321155,-10.6213750547721,2.34616883587135,1.14285714285714
2023,"LU09","LU09_08",55.91551,-113.64588,2,1,1,0,0,1,0.852841109027538,-0.640412137016095,0.17959063063901,0.0746312348173304,0.104959395821679,0.0610904285131013,0,0,0,0,0,0.00575969243027971,0,0,0.00758321223392035,2022,9.27457547169811,-10.9135849056604,2021,25.8171226415094,2020,19.3816587677725,13.6092764370338,-11.9164168494954,18.9509114372201,-10.716372872095,-9.67633596552202,-0.197212033565368,0.5
2023,"LU09","LU09_100",56.09786,-113.39996,2,0,1,0,0,0,-0.189405253712622,-1.02489936910638,0.151433762577184,0.0530239315014122,0.0984098310757714,0.0135359856679008,0.0176516810531139,0,0,0.00715207348869277,0,0.0023614480303014,0,0,0.0358936861596524,2022,11.2257547169811,-11.5257547169811,2021,32.557641509434,2020,29.0972511848341,13.6092764370338,-11.9164168494954,25.6755311095598,-11.5408472842998,-14.4497763925787,0.0150925673186428,0.5
2024,"LU09","LU09_100",56.09786,-113.39996,14,1,0,0,1,0,-0.189405253712622,-1.02489936910638,0.151433762577184,0.0530239315014122,0.0984098310757714,0.0135359856679008,0.0176516810531139,0,0,0.00715207348869277,0,0.0023614480303014,0,0,0.0358936861596524,2023,7.86042253521127,-8.44924882629108,2022,11.2257547169811,2021,32.557641509434,16.2434159842778,-9.26000327546675,22.0523984748892,-11.2094562900505,-14.191975939678,2.76020746375941,0
2023,"LU09","LU09_102",56.10159,-113.78246,2,1,0,0,1,0,1.99021460521768,-0.775671133087969,0.101916389179749,0.0435002736721772,0.0584161155075721,0.0300420065215897,0,0,0,0,0.0025830940129003,0.0134582671505875,0,0,0,2022,9.80051886792453,-11.3246226415094,2021,29.4119339622642,2020,25.2923696682464,13.6092764370338,-11.9164168494954,24.2497762766514,-11.2501277580724,-14.4492574087269,-0.0744948834370689,0
2024,"LU09","LU09_102",56.10159,-113.78246,14,3,2,2,0,0,1.99021460521768,-0.775671133087969,0.101916389179749,0.0435002736721772,0.0584161155075721,0.0300420065215897,0,0,0,0,0.0025830940129003,0.0134582671505875,0,0,0,2023,6.73507042253521,-8.4231455399061,2022,9.80051886792453,2021,29.4119339622642,16.2434159842778,-9.26000327546675,20.7491170173472,-10.9408187140914,-14.014046594812,2.5176731741853,0.142857142857143
2024,"LU09","LU09_106",56.11124,-113.39658,14,1,8,0,1,1,-0.389002150216428,-1.33045799403259,0.157715561268191,0.0765102508391436,0.0812053104290469,0.016493533886116,0.0179738760007097,0,0,0.0114714682478958,0.00344590213545608,0.00911621868537377,0.00540226528104855,0,0.040992148978531,2023,8.17046948356808,-8.49291079812207,2022,11.7505188679245,2021,33.6703773584906,16.2434159842778,-9.26000327546675,22.8706462464424,-11.2631421216255,-14.7001767628743,2.77023132350338,0.571428571428571
2023,"LU09","LU09_106",56.11124,-113.39658,2,0,0,0,0,0,-0.389002150216428,-1.33045799403259,0.157715561268191,0.0765102508391436,0.0812053104290469,0.016493533886116,0.0179738760007097,0,0,0.0114714682478958,0.00344590213545608,0.00911621868537377,0.00540226528104855,0,0.040992148978531,2022,11.7505188679245,-11.5709433962264,2021,33.6703773584906,2020,29.7924644549763,13.6092764370338,-11.9164168494954,26.3805777151917,-11.5964276974963,-14.6300588472671,0.0254843012698878,0
2024,"LU09","LU09_112",56.13584,-113.29684,14,4,0,0,4,0,0.720075321789958,1.82114943557385,0.13267837556467,0.0551634288209449,0.0775149467437256,0.0144858535261807,0.00306512907703836,0,0,0.00288167295512725,0.00125153448525554,0.016173390230846,0,0,0.0241840853159928,2023,8.66169014084507,-8.52042253521127,2022,11.6937264150943,2021,35.0276886792453,16.2434159842778,-9.26000327546675,23.8611693730488,-11.3592021948022,-15.1994792322037,2.83877965959092,0
2023,"LU09","LU09_112",56.13584,-113.29684,2,0,0,0,0,0,0.720075321789958,1.82114943557385,0.13267837556467,0.0551634288209449,0.0775149467437256,0.0144858535261807,0.00306512907703836,0,0,0.00288167295512725,0.00125153448525554,0.016173390230846,0,0,0.0241840853159928,2022,11.6937264150943,-11.6290566037736,2021,35.0276886792453,2020,29.7109478672986,13.6092764370338,-11.9164168494954,27.5155741038897,-11.7040970009506,-15.8218476887954,0.0750403971770002,0
2023,"LU09","LU09_113",56.12781,-113.26157,2,0,0,0,0,0,-0.411173236184316,-0.528329906543635,0.142433469626386,0.0702435933153731,0.0721898763110129,0.019514235397035,0.0131005367393321,0,0,0.0122896691561474,0.0035872092104565,0.00868327083363086,0,0,0.0402689019213803,2022,12.6311320754717,-11.6358018867925,2021,34.1370754716981,2020,28.8879146919431,13.6092764370338,-11.9164168494954,27.5063517091155,-11.7172967606691,-14.8752196336438,0.081494873876645,0
2024,"LU09","LU09_113",56.12781,-113.26157,14,0,1,0,0,0,-0.411173236184316,-0.528329906543635,0.142433469626386,0.0702435933153731,0.0721898763110129,0.019514235397035,0.0131005367393321,0,0,0.0122896691561474,0.0035872092104565,0.00868327083363086,0,0,0.0402689019213803,2023,10.3973708920188,-8.52610328638498,2022,12.6311320754717,2021,34.1370754716981,16.2434159842778,-9.26000327546675,23.9894302348441,-11.3712596186731,-13.5920593428253,2.8451563322881,0.0714285714285714
2023,"LU09","LU09_12",55.9281,-113.67606,2,1,0,0,0,1,1.04817719575744,-0.630777065803549,0.149092421332096,0.0587722634950398,0.0903201578370559,0.0384019541689034,0,0,0,0,0.00327598732840024,0.0112918674091808,0,0,0.00871607907536916,2022,9.21061320754717,-10.9325,2021,25.9869811320755,2020,19.5225592417062,13.6092764370338,-11.9164168494954,19.4231601686894,-10.7440718645753,-10.2125469611422,-0.188428135424749,0
2024,"LU09","LU09_12",55.9281,-113.67606,14,9,16,0,5,3,1.04817719575744,-0.630777065803549,0.149092421332096,0.0587722634950398,0.0903201578370559,0.0384019541689034,0,0,0,0,0.00327598732840024,0.0112918674091808,0,0,0.00871607907536916,2023,4.58295774647887,-8.10530516431925,2022,9.21061320754717,2021,25.9869811320755,16.2434159842778,-9.26000327546675,16.0276513726993,-10.4584016317753,-11.4446936262204,2.35309646745607,1.14285714285714
2024,"LU09","LU09_13",55.93486,-113.48714,14,2,1,0,2,0,-1.07819685156263,-0.444944832747444,0.116782006274753,0.0379750500587117,0.0788069562160416,0.00740477594192808,0.00996143947733382,0,0,0.00996143947733382,0,0.00565696873599776,0,0.0253783451932501,0.0225814037026434,2023,6.14572769953052,-8.17924882629108,2022,10.3310849056604,2021,27.5771698113208,16.2434159842778,-9.26000327546675,16.6782704769857,-10.6570757547897,-10.5325427774552,2.47782692849861,0.0714285714285714
2023,"LU09","LU09_13",55.93486,-113.48714,2,0,0,0,0,0,-1.07819685156263,-0.444944832747444,0.116782006274753,0.0379750500587117,0.0788069562160416,0.00740477594192808,0.00996143947733382,0,0,0.00996143947733382,0,0.00565696873599776,0,0.0253783451932501,0.0225814037026434,2022,10.3310849056604,-11.0916037735849,2021,27.5771698113208,2020,21.8579146919431,13.6092764370338,-11.9164168494954,20.2236394797428,-10.9548217684272,-9.89255457408238,-0.136782005157743,0
2024,"LU09","LU09_18",55.93893,-113.68761,14,6,2,1,2,1,1.85126603213771,-0.998212227290348,0.137617607493022,0.0549190031038833,0.0826986043891389,0.0378246223683815,0.00242892173520653,0.00242892173520653,0,0,0,0.00713033518050896,0,0,0.00916326549504925,2023,4.5750234741784,-8.11234741784038,2022,9.205,2021,26.0143867924528,16.2434159842778,-9.26000327546675,16.2194812278705,-10.4732794371632,-11.6444577536921,2.36093201932282,0.142857142857143
2023,"LU09","LU09_18",55.93893,-113.68761,2,2,0,1,0,1,1.85126603213771,-0.998212227290348,0.137617607493022,0.0549190031038833,0.0826986043891389,0.0378246223683815,0.00242892173520653,0.00242892173520653,0,0,0,0.00713033518050896,0,0,0.00916326549504925,2022,9.205,-10.9422169811321,2021,26.0143867924528,2020,19.5615165876777,13.6092764370338,-11.9164168494954,19.6074260994553,-10.7601362638912,-10.4024260994553,-0.182080717240886,0
2024,"LU09","LU09_21",55.95748,-113.71101,14,10,1,2,5,7,1.93144292950842,-0.741417680050519,0.198831445129625,0.0816074858112878,0.117223959318337,0.0636967569326622,0.00187322094931952,0.00187322094931952,0,0,0.00342389229481763,0.0147349817371345,0,0.00726829252793503,0.00302489188295066,2023,4.50399061032864,-8.12150234741784,2022,9.13768867924528,2021,26.0487735849057,16.2434159842778,-9.26000327546675,16.2436818066559,-10.4905228918895,-11.7396911963272,2.36902054447163,0.0714285714285714
2023,"LU09","LU09_21",55.95748,-113.71101,2,1,4,0,0,1,1.93144292950842,-0.741417680050519,0.198831445129625,0.0816074858112878,0.117223959318337,0.0636967569326622,0.00187322094931952,0.00187322094931952,0,0,0.00342389229481763,0.0147349817371345,0,0.00726829252793503,0.00302489188295066,2022,9.13768867924528,-10.9517452830189,2021,26.0487735849057,2020,19.6608056872038,13.6092764370338,-11.9164168494954,19.6240213073972,-10.7794384475529,-10.4863326281519,-0.172306835465957,2
2024,"LU09","LU09_24",55.97636,-113.71067,14,11,5,0,1,8,1.43123346344014,-1.02269169891421,0.128378536638673,0.0720735597772404,0.0563049768614331,0.0376419992241602,0,0,0,0,0,0.00730036553197325,0,0,0.027131195021107,2023,5.18403755868545,-8.20136150234742,2022,9.35985849056604,2021,26.8218867924528,16.2434159842778,-9.26000327546675,17.4870268065679,-10.6285786681998,-12.3029892478825,2.42721716585243,0.357142857142857
2023,"LU09","LU09_24",55.97636,-113.71067,2,0,1,0,0,0,1.43123346344014,-1.02269169891421,0.128378536638673,0.0720735597772404,0.0563049768614331,0.0376419992241602,0,0,0,0,0,0.00730036553197325,0,0,0.027131195021107,2022,9.35985849056604,-11.0791037735849,2021,26.8218867924528,2020,21.3178199052133,13.6092764370338,-11.9164168494954,20.9515498893414,-10.9212080189128,-11.5916913987754,-0.157895754672138,0.5
2023,"LU09","LU09_27",55.96937,-113.36397,2,1,4,0,0,1,0.130446117684798,-2.01292743220979,0.194446757992813,0.101344040126863,0.0931027178659504,0.0219509433486825,0.0169123985970179,0,0,0.0138516281513466,0.00209481857985029,0.00647079303818197,0,0,0.0722677544791297,2022,10.3402830188679,-11.1790566037736,2021,28.3221226415094,2020,23.0763033175355,13.6092764370338,-11.9164168494954,21.1571279299882,-11.094828773584,-10.8168449111203,-0.0842278301896329,2
2024,"LU09","LU09_27",55.96937,-113.36397,14,4,13,0,1,2,0.130446117684798,-2.01292743220979,0.194446757992813,0.101344040126863,0.0931027178659504,0.0219509433486825,0.0169123985970179,0,0,0.0138516281513466,0.00209481857985029,0.00647079303818197,0,0,0.0722677544791297,2023,6.73586854460094,-8.22389671361502,2022,10.3402830188679,2021,28.3221226415094,16.2434159842778,-9.26000327546675,17.6798372203419,-10.7797801766743,-10.9439686757409,2.55588346305931,0.928571428571429
2023,"LU09","LU09_28",55.98742,-113.76594,2,1,1,1,1,0,0.906227456802422,-1.04143323817344,0.210193356653257,0.0832726676680727,0.126920688985184,0.022805057492464,0.00636718231610822,0.00636718231610822,0,0,0.00401255350419269,0.00555584265240112,0,0,0.0519195978052597,2022,9.15603773584906,-11.0510849056604,2021,26.8819339622641,2020,21.0796682464455,13.6092764370338,-11.9164168494954,20.7197640468474,-10.8889141690204,-11.5637263109983,-0.162170736639958,0.5
2023,"LU09","LU09_29",55.97969,-113.73471,2,2,0,2,1,1,0.656359474829059,-1.19747646453489,0.202234670314362,0.0895825046746646,0.112652165639697,0.0236167713641798,0.00243168154492153,0.00243168154492153,0,0,0,0.00723246517478792,0,0.0168876150890736,0.0446972629518592,2022,9.33254716981132,-11.0921698113208,2021,26.934858490566,2020,21.4261611374408,13.6092764370338,-11.9164168494954,21.0555286338682,-10.9366792429168,-11.7229814640569,-0.155490568403989,0
2024,"LU09","LU09_29",55.97969,-113.73471,14,10,9,3,9,4,0.656359474829059,-1.19747646453489,0.202234670314362,0.0895825046746646,0.112652165639697,0.0236167713641798,0.00243168154492153,0.00243168154492153,0,0,0,0.00723246517478792,0,0.0168876150890736,0.0446972629518592,2023,5.21230046948357,-8.21760563380282,2022,9.33254716981132,2021,26.934858490566,16.2434159842778,-9.26000327546675,17.59202815953,-10.6441737662827,-12.3797276900464,2.42656813247991,0.642857142857143
2023,"LU09","LU09_30",55.99221,-113.70862,2,0,0,0,0,0,0.74127928849996,-0.400273298366885,0.418562501585091,0.0786559803645408,0.33990652122055,0.0598298863357148,0.00550391138650158,0.00550391138650158,0,0,0,0.00721206023073197,0,0.084963414152297,0.0112172825200822,2022,9.73056603773585,-11.2668396226415,2021,27.9894811320755,2020,22.8999526066351,13.6092764370338,-11.9164168494954,22.764996812429,-11.1294397111126,-13.0344307746931,-0.137399911528874,0
2024,"LU09","LU09_30",55.99221,-113.70862,14,10,3,4,3,4,0.74127928849996,-0.400273298366885,0.418562501585091,0.0786559803645408,0.33990652122055,0.0598298863357148,0.00550391138650158,0.00550391138650158,0,0,0,0.00721206023073197,0,0.084963414152297,0.0112172825200822,2023,6.40643192488263,-8.32197183098592,2022,9.73056603773585,2021,27.9894811320755,16.2434159842778,-9.26000327546675,19.0605147513132,-10.8319757112583,-12.6540828264305,2.51000388027236,0.214285714285714
2023,"LU09","LU09_31",55.9869,-113.68733,2,1,1,0,0,1,0.847300810233375,-0.946382283437124,0.129392543884152,0.0532162356434188,0.076176308240733,0.0226688341635875,0,0,0,0,0.00451007760708234,0.0210670509212928,0,0,0.00948035055853849,2022,9.6288679245283,-11.1875,2021,27.5017452830189,2020,21.6359241706161,13.6092764370338,-11.9164168494954,21.7665166943499,-11.0461273027023,-12.1376487698216,-0.141372697297651,0.5
2024,"LU09","LU09_31",55.9869,-113.68733,14,11,5,1,2,7,0.847300810233375,-0.946382283437124,0.129392543884152,0.0532162356434188,0.076176308240733,0.0226688341635875,0,0,0,0,0.00451007760708234,0.0210670509212928,0,0,0.00948035055853849,2023,5.85694835680751,-8.26450704225352,2022,9.6288679245283,2021,27.5017452830189,16.2434159842778,-9.26000327546675,18.1313836065802,-10.749936430628,-12.2744352497726,2.4854293883745,0.357142857142857
2023,"LU09","LU09_32",55.98812,-113.66647,2,2,1,0,1,1,0.821056848854334,-0.129841354775669,0.130919886048533,0.0475413259824177,0.0833785600661156,0.0243961416223547,0,0,0,0,0.00864636482245703,0.0128321368928485,0,0,0.00948150171157967,2022,9.79533018867924,-11.2478301886792,2021,27.9003301886792,2020,22.1702369668246,13.6092764370338,-11.9164168494954,22.2873181699106,-11.1113987876162,-12.4919879812313,-0.136431401063035,0.5
2024,"LU09","LU09_32",55.98812,-113.66647,14,7,6,2,3,6,0.821056848854334,-0.129841354775669,0.130919886048533,0.0475413259824177,0.0833785600661156,0.0243961416223547,0,0,0,0,0.00864636482245703,0.0128321368928485,0,0,0.00948150171157967,2023,6.32018779342723,-8.29887323943662,2022,9.79533018867924,2021,27.9003301886792,16.2434159842778,-9.26000327546675,18.5986320968443,-10.8139676172246,-12.2784443034171,2.515094377788,0.428571428571429
2023,"LU09","LU09_33",55.98748,-113.64686,2,1,0,1,0,0,1.79853256983792,-0.431805243323602,0.110912361238998,0.0418226913232298,0.0690896699157684,0.0227227518107974,0,0,0,0,0.00106510499404334,0.00928440598988881,0,0,0.00943602694533422,2022,9.85679245283019,-11.2574056603774,2021,27.9927830188679,2020,22.2456872037915,13.6092764370338,-11.9164168494954,22.3785098653072,-11.1248393222038,-12.521717412477,-0.132566338173579,0
2024,"LU09","LU09_33",55.98748,-113.64686,14,7,14,1,4,4,1.79853256983792,-0.431805243323602,0.110912361238998,0.0418226913232298,0.0690896699157684,0.0227227518107974,0,0,0,0,0.00106510499404334,0.00928440598988881,0,0,0.00943602694533422,2023,6.38530516431925,-8.30305164319249,2022,9.85679245283019,2021,27.9927830188679,16.2434159842778,-9.26000327546675,18.6776866811932,-10.826801363011,-12.2923815168739,2.52374971981854,1
2023,"LU09","LU09_39",55.98985,-113.44392,2,1,4,0,1,0,-0.869159541745337,0.625118506240119,0.260574700428057,0.110543715144909,0.150030985283148,0.0272996536408946,0.00716558829075334,0,0,0.00716558829075334,0.0031267314525304,0.00415757354460473,0,0,0.079039670807305,2022,10.6579245283019,-11.1958490566038,2021,28.7110377358491,2020,23.2438388625592,13.6092764370338,-11.9164168494954,21.5231722253181,-11.1116606512331,-10.8652476970162,-0.0841884053706448,2
2024,"LU09","LU09_39",55.98985,-113.44392,14,1,1,1,0,0,-0.869159541745337,0.625118506240119,0.260574700428057,0.110543715144909,0.150030985283148,0.0272996536408946,0.00716558829075334,0,0,0.00716558829075334,0.0031267314525304,0.00415757354460473,0,0,0.079039670807305,2023,6.58981220657277,-8.24605633802817,2022,10.6579245283019,2021,28.7110377358491,16.2434159842778,-9.26000327546675,17.9209319735244,-10.8060026966118,-11.3311197669516,2.55994635858365,0.0714285714285714
2023,"LU09","LU09_41",56.00175,-113.76165,2,0,1,0,0,0,1.12099181535079,-0.955185694532395,0.302967235334496,0.0817465125593389,0.221220722775157,0.0246793160089428,0.00197352896023169,0.00197352896023169,0,0,0,0.00551163495341381,0,0.135938300369244,0.048147006838097,2022,9.42320754716981,-11.1792924528302,2021,27.6346698113208,2020,22.1429857819905,13.6092764370338,-11.9164168494954,21.993823276207,-11.0304504214009,-12.5706157290372,-0.148842031429252,0.5
2024,"LU09","LU09_41",56.00175,-113.76165,14,7,7,3,1,4,1.12099181535079,-0.955185694532395,0.302967235334496,0.0817465125593389,0.221220722775157,0.0246793160089428,0.00197352896023169,0.00197352896023169,0,0,0,0.00551163495341381,0,0.135938300369244,0.048147006838097,2023,5.71680751173709,-8.2737558685446,2022,9.42320754716981,2021,27.6346698113208,16.2434159842778,-9.26000327546675,18.4032314558609,-10.7379310281493,-12.6864239441238,2.46417515960468,0.5
2024,"LU09","LU09_44",56.00827,-113.47067,14,0,3,0,0,0,-1.0776507502342,0.375113016189566,0.166303324263799,0.0590390646031706,0.107264259660628,0.0173117397295363,0.00644741450942654,0,0,0.00644741450942654,0.0066988378853402,0,0,0,0.0416770650402009,2023,6.62305164319249,-8.29741784037559,2022,10.803820754717,2021,29.4276886792453,16.2434159842778,-9.26000327546675,18.5969878087239,-10.8972750751104,-11.9739361655314,2.5998572347348,0.214285714285714
2023,"LU09","LU09_44",56.00827,-113.47067,2,0,0,0,0,0,-1.0776507502342,0.375113016189566,0.166303324263799,0.0590390646031706,0.107264259660628,0.0173117397295363,0.00644741450942654,0,0,0.00644741450942654,0.0066988378853402,0,0,0,0.0416770650402009,2022,10.803820754717,-11.2767924528302,2021,29.4276886792453,2020,24.0721327014218,13.6092764370338,-11.9164168494954,22.3043062504673,-11.2046403640724,-11.5004854957503,-0.0721520887578233,0
2023,"LU09","LU09_51",56.02089,-113.36845,2,0,0,0,0,0,0.770935440906527,0.471887636561293,0.119015448813492,0.0523087256052176,0.0667067232082746,0.012196805679435,0.00892846988753562,0,0,0.00892846988753562,0,0.0025500576676796,0,0,0.037561862258103,2022,10.9961320754717,-11.3676886792453,2021,30.2940566037736,2020,25.4600947867299,13.6092764370338,-11.9164168494954,23.19502292641,-11.334598510696,-12.1988908509383,-0.0330901685493075,0
2024,"LU09","LU09_51",56.02089,-113.36845,13,2,0,0,0,1,0.770935440906527,0.471887636561293,0.119015448813492,0.0523087256052176,0.0667067232082746,0.012196805679435,0.00892846988753562,0,0,0.00892846988753562,0,0.0025500576676796,0,0,0.037561862258103,2023,7.2769014084507,-8.34887323943662,2022,10.9961320754717,2021,30.2940566037736,16.2434159842778,-9.26000327546675,19.5881018566914,-11.0139144320752,-12.3112004482407,2.66504119263856,0
2023,"LU09","LU09_55",56.02372,-113.4966,2,1,0,0,0,1,0.209719236951804,-1.01993946248817,0.340248680021487,0.085360611168202,0.254888068853285,0.0333577126259929,0.0242007317259333,0,0,0.0242007317259333,0.00896048044784706,1.89791059407428e-05,0,0,0.0519839194362684,2022,10.9890566037736,-11.351320754717,2021,29.5507075471698,2020,23.7927014218009,13.6092764370338,-11.9164168494954,23.0008737324186,-11.2895614497441,-12.011817128645,-0.0617593049728828,0
2024,"LU09","LU09_55",56.02372,-113.4966,14,5,5,0,2,2,0.209719236951804,-1.01993946248817,0.340248680021487,0.085360611168202,0.254888068853285,0.0333577126259929,0.0242007317259333,0,0,0.0242007317259333,0.00896048044784706,1.89791059407428e-05,0,0,0.0519839194362684,2023,7.03352112676056,-8.34511737089202,2022,10.9890566037736,2021,29.5507075471698,16.2434159842778,-9.26000327546675,19.2465923699656,-10.9796862947498,-12.213071243205,2.63456892385777,0.357142857142857
2023,"LU09","LU09_57",56.02872,-113.4364,2,0,0,0,0,0,1.11856625910388,0.472279203092744,0.138499548521192,0.054490891569514,0.0840086569516784,0.0119450898553947,0.0140851391475687,0,0,0.0140851391475687,0,0.0071408179997747,0,0,0.0354049837143446,2022,11.0518396226415,-11.34,2021,30.2484433962264,2020,24.9037914691943,13.6092764370338,-11.9164168494954,23.2487403353377,-11.2968516732592,-12.1969007126962,-0.0431483267408392,0
2024,"LU09","LU09_57",56.02872,-113.4364,14,0,0,0,0,0,1.11856625910388,0.472279203092744,0.138499548521192,0.054490891569514,0.0840086569516784,0.0119450898553947,0.0140851391475687,0,0,0.0140851391475687,0,0.0071408179997747,0,0,0.0354049837143446,2023,6.96183098591549,-8.33474178403756,2022,11.0518396226415,2021,30.2484433962264,16.2434159842778,-9.26000327546675,19.5252618079909,-10.9818799009334,-12.5634308220754,2.64713811689585,0
2024,"LU09","LU09_62",56.03572,-113.76742,14,14,3,13,12,9,-0.825933746752499,-0.270881655397603,0.278028320636686,0.0595065125507745,0.218521808085912,0.0204329112546392,0.0172501017511788,0.0172501017511788,0,0,0.00309326371745355,0.00666845914261727,0,0.0678367150395387,0.0315554590992994,2023,6.13098591549296,-8.33798122065728,2022,9.32495283018868,2021,28.5534433962264,16.2434159842778,-9.26000327546675,19.24810095971,-10.8243925426371,-13.1171150442171,2.48641132197983,0.214285714285714
2023,"LU09","LU09_62",56.03572,-113.76742,2,2,0,1,2,1,-0.825933746752499,-0.270881655397603,0.278028320636686,0.0595065125507745,0.218521808085912,0.0204329112546392,0.0172501017511788,0.0172501017511788,0,0,0.00309326371745355,0.00666845914261727,0,0.0678367150395387,0.0315554590992994,2022,9.32495283018868,-11.2479716981132,2021,28.5534433962264,2020,24.0904265402844,13.6092764370338,-11.9164168494954,22.8178217575691,-11.1193369469634,-13.4928689273804,-0.128634751149818,0
2023,"LU09","LU09_63",56.0298,-113.73437,2,2,0,1,1,0,-1.07434880917878,-0.244245155498883,0.280948670282462,0.0615337642739607,0.219414906008501,0.0463727558978732,0.00848062926932301,0.00848062926932301,0,0,4.19432405151821e-05,0.00449664122773974,0,0.0900281424815016,0.0098644832311015,2022,9.63235849056604,-11.2958490566038,2021,28.8757547169811,2020,24.4950710900474,13.6092764370338,-11.9164168494954,23.4201873402136,-11.1762680250711,-13.7878288496475,-0.119581031532642,0
2024,"LU09","LU09_63",56.0298,-113.73437,14,5,10,2,3,0,-1.07434880917878,-0.244245155498883,0.280948670282462,0.0615337642739607,0.219414906008501,0.0463727558978732,0.00848062926932301,0.00848062926932301,0,0,4.19432405151821e-05,0.00449664122773974,0,0.0900281424815016,0.0098644832311015,2023,6.48164319248826,-8.35131455399061,2022,9.63235849056604,2021,28.8757547169811,16.2434159842778,-9.26000327546675,19.7701816157909,-10.8785202314012,-13.2885384233026,2.52720567741056,0.714285714285714
2023,"LU09","LU09_64",56.0397,-113.72797,2,2,1,0,1,2,-0.619356712131884,-0.50055170320566,0.235993919635521,0.0580771487385176,0.177916770897003,0.0418185353580171,0.00784805209446546,0.00784805209446546,0,0,0,0.00633745440602775,0,0.0690126086133229,0.00883481875615777,2022,9.45169811320755,-11.2743867924528,2021,28.7472169811321,2020,24.3359241706161,13.6092764370338,-11.9164168494954,23.0280276829782,-11.1588424433289,-13.5763295697707,-0.115544349123908,0.5
2024,"LU09","LU09_64",56.0397,-113.72797,14,5,4,3,1,3,-0.619356712131884,-0.50055170320566,0.235993919635521,0.0580771487385176,0.177916770897003,0.0418185353580171,0.00784805209446546,0.00784805209446546,0,0,0,0.00633745440602775,0,0.0690126086133229,0.00883481875615777,2023,6.28638497652582,-8.34370892018779,2022,9.45169811320755,2021,28.7472169811321,16.2434159842778,-9.26000327546675,19.4258463947606,-10.8612821598992,-13.1394614182348,2.51757323971141,0.285714285714286
2023,"LU09","LU09_65",56.04187,-113.54919,2,0,0,0,0,0,-1.58373512420133,0.0973300917586803,0.124715021069764,0.049333220309595,0.0753818007601695,0.0205468561271997,0.00762415946872614,0,0,0.00762415946872614,0.00473997933817185,0.0103881675302009,0,0,0.0183981966521944,2022,10.1271226415094,-11.37,2021,29.4133490566038,2020,23.8454976303318,13.6092764370338,-11.9164168494954,23.4644481359255,-11.3087363208186,-13.337325494416,-0.061263679181355,0
2024,"LU09","LU09_65",56.04187,-113.54919,14,3,13,0,1,1,-1.58373512420133,0.0973300917586803,0.124715021069764,0.049333220309595,0.0753818007601695,0.0205468561271997,0.00762415946872614,0,0,0.00762415946872614,0.00473997933817185,0.0103881675302009,0,0,0.0183981966521944,2023,6.96877934272301,-8.37215962441315,2022,10.1271226415094,2021,29.4133490566038,16.2434159842778,-9.26000327546675,19.7482880503221,-10.9979460066227,-12.7795087075991,2.62578638220954,0.928571428571429
2023,"LU09","LU09_67",56.03918,-113.40793,2,0,0,0,0,0,-1.40450250046513,0.245029162648941,0.0867674594128264,0.0369779674212234,0.049789491991603,0.00639013234550168,0.00951109434449912,0,0,0.0051458820124741,0.00266567514234009,0.000708591613836568,0,0,0.0298792434618852,2022,11.3932547169811,-11.3867924528302,2021,30.6837735849057,2020,26.1995260663507,13.6092764370338,-11.9164168494954,23.8500852445306,-11.3562469025469,-12.4568305275495,-0.0305455502832661,0
2024,"LU09","LU09_67",56.03918,-113.40793,14,0,0,0,0,0,-1.40450250046513,0.245029162648941,0.0867674594128264,0.0369779674212234,0.049789491991603,0.00639013234550168,0.00951109434449912,0,0,0.0051458820124741,0.00266567514234009,0.000708591613836568,0,0,0.0298792434618852,2023,7.24450704225352,-8.36239436619718,2022,11.3932547169811,2021,30.6837735849057,16.2434159842778,-9.26000327546675,20.0964019123098,-11.0377743524683,-12.8518948700563,2.67537998627116,0
2023,"LU09","LU09_68",56.04655,-113.36591,2,0,0,0,0,0,0.600089990872311,0.555051039209853,0.12034758657511,0.0452067949309505,0.0751407916441598,0.0207414597545109,0.01743212514831,0,0,0.01743212514831,0.0012515986260607,0.00345294110153145,0,0,0.0210123940749081,2022,11.1354245283019,-11.4142924528302,2021,30.8424528301887,2020,26.7455450236967,13.6092764370338,-11.9164168494954,23.7893325052786,-11.3970829751037,-12.6539079769767,-0.0172094777264853,0
2024,"LU09","LU09_68",56.04655,-113.36591,14,4,0,0,2,1,0.600089990872311,0.555051039209853,0.12034758657511,0.0452067949309505,0.0751407916441598,0.0207414597545109,0.01743212514831,0,0,0.01743212514831,0.0012515986260607,0.00345294110153145,0,0,0.0210123940749081,2023,7.47460093896714,-8.37906103286385,2022,11.1354245283019,2021,30.8424528301887,16.2434159842778,-9.26000327546675,20.1664203114492,-11.0744082133348,-12.6918193724821,2.69534718047091,0
2023,"LU09","LU09_72",56.05514,-113.72662,2,1,1,0,0,1,0.272751112830598,0.0184642907895773,0.0883945036805829,0.0377376900309958,0.0506568136495871,0.0365816311140599,0,0,0,0,0,0.00115605891693584,0,0,0,2022,9.41235849056604,-11.271320754717,2021,28.757358490566,2020,24.0651184834123,13.6092764370338,-11.9164168494954,22.8497754715531,-11.171912927234,-13.437416980987,-0.0994078274829455,0.5
2024,"LU09","LU09_72",56.05514,-113.72662,14,9,10,3,3,8,0.272751112830598,0.0184642907895773,0.0883945036805829,0.0377376900309958,0.0506568136495871,0.0365816311140599,0,0,0,0,0,0.00115605891693584,0,0,0,2023,6.18507042253521,-8.34962441314554,2022,9.41235849056604,2021,28.757358490566,16.2434159842778,-9.26000327546675,19.2928818305169,-10.8706077790969,-13.1078114079817,2.52098336595136,0.714285714285714
2023,"LU09","LU09_73",56.05505,-113.5569,2,1,0,1,0,0,-0.268971527345754,0.201211925655831,0.0913429342437214,0.0285348392486941,0.0628080949950273,0.0110775761755821,0.00777671655443923,0,0,0.00777671655443923,0.00192487534500626,0.00752677379641174,0,0,0.00993048927670029,2022,10.0715094339623,-11.3649528301887,2021,29.3629245283019,2020,24.297345971564,13.6092764370338,-11.9164168494954,23.4628269638016,-11.3079996577712,-13.3913175298393,-0.0569531724174812,0
2024,"LU09","LU09_73",56.05505,-113.5569,14,9,8,0,4,3,-0.268971527345754,0.201211925655831,0.0913429342437214,0.0285348392486941,0.0628080949950273,0.0110775761755821,0.00777671655443923,0,0,0.00777671655443923,0.00192487534500626,0.00752677379641174,0,0,0.00993048927670029,2023,6.85746478873239,-8.37666666666667,2022,10.0715094339623,2021,29.3629245283019,16.2434159842778,-9.26000327546675,19.7753711561422,-10.9964988678818,-12.9179063674098,2.61983220121512,0.571428571428571
2023,"LU09","LU09_75",56.05522,-113.48314,2,0,2,0,0,0,-0.237178208556302,-0.410806676179615,0.328189414323456,0.113383205714349,0.214806208609107,0.0353378199327275,0.0204294241681211,0,0,0.0204294241681211,0.00537327318606566,0.00362029786951866,0,0,0.0743025345147037,2022,10.834858490566,-11.3670283018868,2021,29.7525471698113,2020,24.6941706161137,13.6092764370338,-11.9164168494954,23.6269763399372,-11.3265948863987,-12.7921178493712,-0.0404334154880921,1
2024,"LU09","LU09_75",56.05522,-113.48314,14,2,2,0,0,2,-0.237178208556302,-0.410806676179615,0.328189414323456,0.113383205714349,0.214806208609107,0.0353378199327275,0.0204294241681211,0,0,0.0204294241681211,0.00537327318606566,0.00362029786951866,0,0,0.0743025345147037,2023,6.93455399061033,-8.35619718309859,2022,10.834858490566,2021,29.7525471698113,16.2434159842778,-9.26000327546675,19.8982778875541,-11.0111177668958,-12.9637238969438,2.65492058379722,0.142857142857143
2024,"LU09","LU09_76",56.06062,-113.45915,14,13,4,0,3,11,-0.849396804220677,-0.399363701569647,0.208373709054474,0.0768755408475665,0.131498168206907,0.0261481493966297,0.0120289862436226,0,0,0.00545773039590028,0.00175074106726432,0.000253801117133952,0,0,0.0503510369364034,2023,7.22784037558685,-8.38305164319249,2022,11.2227358490566,2021,30.905141509434,16.2434159842778,-9.26000327546675,20.6306075307358,-11.0708740693233,-13.402767155149,2.68782242613085,0.285714285714286
2023,"LU09","LU09_76",56.06062,-113.45915,2,1,1,0,0,1,-0.849396804220677,-0.399363701569647,0.208373709054474,0.0768755408475665,0.131498168206907,0.0261481493966297,0.0120289862436226,0,0,0.00545773039590028,0.00175074106726432,0.000253801117133952,0,0,0.0503510369364034,2022,11.2227358490566,-11.4147169811321,2021,30.905141509434,2020,26.4845971563981,13.6092764370338,-11.9164168494954,24.3824152346355,-11.3911912185204,-13.1596793855789,-0.0235257626116763,0.5
2023,"LU09","LU09_77",56.05704,-113.42562,2,0,0,0,0,0,0.939490923406517,0.841022873599187,0.132445640687402,0.0728681646559388,0.0595774760314634,0.0141108407959388,0.00990780275188193,0,0,0.00990780275188193,0,0.00266570300227939,0,0,0.0560916208577206,2022,11.3325,-11.4118396226415,2021,31.0704716981132,2020,26.5683412322275,13.6092764370338,-11.9164168494954,24.2027306560866,-11.3932095172658,-12.8702306560866,-0.0186301053757081,0
2024,"LU09","LU09_77",56.05704,-113.42562,14,9,1,6,1,0,0.939490923406517,0.841022873599187,0.132445640687402,0.0728681646559388,0.0595774760314634,0.0141108407959388,0.00990780275188193,0,0,0.00990780275188193,0,0.00266570300227939,0,0,0.0560916208577206,2023,7.28539906103286,-8.3793427230047,2022,11.3325,2021,31.0704716981132,16.2434159842778,-9.26000327546675,20.4511232462968,-11.0716762620112,-13.165724185264,2.69233353900647,0.0714285714285714
2023,"LU09","LU09_79",56.06759,-113.76394,2,1,0,0,1,1,-0.378293565490779,0.0341191288120581,0.151011057290177,0.0574447804377085,0.0935662768524682,0.0384355394073734,0.00250208174943054,0.00250208174943054,0,0,0,0.0091803201795732,0,0,0.00982892085076185,2022,9.77981132075472,-11.2629716981132,2021,28.9449528301887,2020,24.1759241706161,13.6092764370338,-11.9164168494954,23.0608790354002,-11.1604582620929,-13.2810677146455,-0.102513436020292,0
2024,"LU09","LU09_79",56.06759,-113.76394,14,8,3,5,4,1,-0.378293565490779,0.0341191288120581,0.151011057290177,0.0574447804377085,0.0935662768524682,0.0384355394073734,0.00250208174943054,0.00250208174943054,0,0,0,0.0091803201795732,0,0,0.00982892085076185,2023,6.20995305164319,-8.36032863849765,2022,9.77981132075472,2021,28.9449528301887,16.2434159842778,-9.26000327546675,19.5730505536668,-10.8572740064802,-13.3630975020236,2.4969453679826,0.214285714285714
2023,"LU09","LU09_80",56.06609,-113.73965,2,0,1,0,0,0,-0.797844747111094,-0.237317529515323,0.1167291641058,0.0415643773076837,0.0751647867981161,0.0308256512121041,0,0,0,0,0,0.0107387260955796,0,0,0,2022,9.84193396226415,-11.259858490566,2021,29.0160849056604,2020,24.1842180094787,13.6092764370338,-11.9164168494954,22.8579094481178,-11.1587726707498,-13.0159754858536,-0.101085819816211,0.5
2024,"LU09","LU09_80",56.06609,-113.73965,14,7,9,2,3,3,-0.797844747111094,-0.237317529515323,0.1167291641058,0.0415643773076837,0.0751647867981161,0.0308256512121041,0,0,0,0,0,0.0107387260955796,0,0,0,2023,6.14694835680751,-8.35220657276995,2022,9.84193396226415,2021,29.0160849056604,16.2434159842778,-9.26000327546675,19.343487260822,-10.8567113122209,-13.1965389040145,2.50450473945099,0.642857142857143
2023,"LU09","LU09_81",56.06139,-113.52341,2,1,1,1,0,0,-0.921282621852643,0.135319786309049,0.215223699592373,0.0533112464605912,0.161912453131782,0.0223311733249401,0.0180994342998217,0,0,0.0180994342998217,0.0119609282285905,0.00688007330771167,0,0,0.0226098452908745,2022,10.1674528301887,-11.3635377358491,2021,29.5925943396226,2020,24.5727488151659,13.6092764370338,-11.9164168494954,23.5783057714538,-11.3186156432797,-13.4108529412651,-0.0449220925693989,0.5
2024,"LU09","LU09_82",56.06802,-113.4772,14,4,6,0,1,4,-0.645175182887631,0.581917182157387,0.190481995144824,0.0667085884158092,0.123773406729015,0.0163329286226748,0.000811999735936712,0,0,0,0.00558122539832797,0.0013489691054689,0,0,0.0484032922056347,2023,7.15347417840376,-8.39028169014085,2022,11.1391981132075,2021,30.2003773584906,16.2434159842778,-9.26000327546675,20.4861360024966,-11.0694887973976,-13.3326618240929,2.67920710725677,0.428571428571429
2023,"LU09","LU09_82",56.06802,-113.4772,2,0,0,0,0,0,-0.645175182887631,0.581917182157387,0.190481995144824,0.0667085884158092,0.123773406729015,0.0163329286226748,0.000811999735936712,0,0,0,0.00558122539832797,0.0013489691054689,0,0,0.0484032922056347,2022,11.1391981132075,-11.4129716981132,2021,30.2003773584906,2020,25.3190047393365,13.6092764370338,-11.9164168494954,24.2258891038998,-11.3890711168204,-13.0866909906923,-0.0239005812928124,0
2023,"LU09","LU09_85",56.07789,-113.77494,2,0,0,0,0,0,-0.213930173716618,-0.374770840929994,0.13865747170323,0.0553262722071637,0.0833311994960661,0.0404473346517185,0,0,0,0,0.00259566495233588,0.00741969386859326,0,0,0.00710518953997285,2022,9.69283018867925,-11.2514622641509,2021,28.8891037735849,2020,24.3970142180095,13.6092764370338,-11.9164168494954,23.1227077449427,-11.1525001826213,-13.4298775562635,-0.0989620815296863,0
2024,"LU09","LU09_85",56.07789,-113.77494,14,5,4,0,0,5,-0.213930173716618,-0.374770840929994,0.13865747170323,0.0553262722071637,0.0833311994960661,0.0404473346517185,0,0,0,0,0.00259566495233588,0.00741969386859326,0,0,0.00710518953997285,2023,6.15004694835681,-8.36225352112676,2022,9.69283018867925,2021,28.8891037735849,16.2434159842778,-9.26000327546675,19.6620571228416,-10.8483276246539,-13.5120101744848,2.48607410352713,0.285714285714286
2023,"LU09","LU09_86",56.08713,-113.52008,2,0,0,0,0,0,0.463668713548589,-1.0164016889689,0.153106607054217,0.0552421607680396,0.0978644462861778,0.0158372801621393,0.00901499852570406,0,0,0.00426091429614576,0.00342331665926359,0.00460568433833015,0.00527604831184137,0,0.0290042865276464,2022,10.061320754717,-11.4295283018868,2021,30.572358490566,2020,26.7588151658768,13.6092764370338,-11.9164168494954,24.4634131117254,-11.4062719682209,-14.4020923570084,-0.0232563336658682,0
2024,"LU09","LU09_86",56.08713,-113.52008,14,6,6,0,3,1,0.463668713548589,-1.0164016889689,0.153106607054217,0.0552421607680396,0.0978644462861778,0.0158372801621393,0.00901499852570406,0,0,0.00426091429614576,0.00342331665926359,0.00460568433833015,0.00527604831184137,0,0.0290042865276464,2023,7.18765258215962,-8.42840375586854,2022,10.061320754717,2021,30.572358490566,16.2434159842778,-9.26000327546675,20.7381673964456,-11.0886645543856,-13.550514814286,2.66026079851708,0.428571428571429
2023,"LU09","LU09_87",56.07875,-113.44093,2,1,1,0,1,0,0.348082439385076,-0.195753233814566,0.273411719776514,0.0841005493945605,0.189311170381953,0.030210503052966,0.00930128416454603,0,0,0.00414345459892885,0.00113953810371549,0.00428350213844413,0,0,0.0487085972345366,2022,11.4057075471698,-11.4817924528302,2021,32.0247169811321,2020,28.2345971563981,13.6092764370338,-11.9164168494954,25.4993419059797,-11.4754689342731,-14.0936343588099,-0.00632351855708535,0.5
2024,"LU09","LU09_87",56.07875,-113.44093,14,3,6,0,1,2,0.348082439385076,-0.195753233814566,0.273411719776514,0.0841005493945605,0.189311170381953,0.030210503052966,0.00930128416454603,0,0,0.00414345459892885,0.00113953810371549,0.00428350213844413,0,0,0.0487085972345366,2023,7.60192488262911,-8.4293896713615,2022,11.4057075471698,2021,32.0247169811321,16.2434159842778,-9.26000327546675,21.7328688987564,-11.1505577841901,-14.1309440161273,2.72116811282856,0.428571428571429
2023,"LU09","LU09_90",56.09386,-113.33807,2,0,1,0,0,0,0.00615759654455027,-0.634709871609429,0.121325452281324,0.0480811421084588,0.0732443101728655,0.0116339077064454,0.0182571397803241,0,0,0.0182571397803241,0,0.00888393281195401,0,0,0.0274143953224627,2022,11.3819811320755,-11.5234905660377,2021,32.9510377358491,2020,27.2305687203791,13.6092764370338,-11.9164168494954,26.0782528696822,-11.5531377778348,-14.6962717376067,0.0296472117970357,0.5
2024,"LU09","LU09_90",56.09386,-113.33807,14,0,8,0,0,0,0.00615759654455027,-0.634709871609429,0.121325452281324,0.0480811421084588,0.0732443101728655,0.0116339077064454,0.0182571397803241,0,0,0.0182571397803241,0,0.00888393281195401,0,0,0.0274143953224627,2023,7.95657276995305,-8.44629107981221,2022,11.3819811320755,2021,32.9510377358491,16.2434159842778,-9.26000327546675,22.4726849482949,-11.2181215856074,-14.5161121783419,2.77183050579524,0.571428571428571
2023,"LU09","LU09_93",56.08794,-113.78278,2,2,0,0,1,1,1.704151289829,-0.392355873616237,0.110338864656694,0.0382165586516479,0.0721223060050456,0.0333820366534994,0,0,0,0,0,0.00480418548991316,0,0,0,2022,9.80471698113208,-11.3152358490566,2021,29.3232547169811,2020,25.0781042654028,13.6092764370338,-11.9164168494954,23.9161251113427,-11.2308825230464,-14.1114081302106,-0.0843533260101648,0
2024,"LU09","LU09_93",56.08794,-113.78278,14,11,7,7,5,6,1.704151289829,-0.392355873616237,0.110338864656694,0.0382165586516479,0.0721223060050456,0.0333820366534994,0,0,0,0,0,0.00480418548991316,0,0,0,2023,6.66530516431925,-8.40920187793427,2022,9.80471698113208,2021,29.3232547169811,16.2434159842778,-9.26000327546675,20.4087013240404,-10.9234553779556,-13.7433961597211,2.51425350002132,0.5
2023,"LU09","LU09_94",56.09827,-113.76354,2,1,1,0,0,1,2.0748596254414,-0.526289513415968,0.0871121381464907,0.0367292308797722,0.0503829072667185,0.0252989846766357,0,0,0,0,0,0.0114302462031365,0,0,0,2022,9.92556603773585,-11.3704245283019,2021,29.7758962264151,2020,26.4383412322275,13.6092764370338,-11.9164168494954,24.7296923836517,-11.2991021858104,-14.8041263459158,-0.071322342491456,0.5
2024,"LU09","LU09_94",56.09827,-113.76354,14,9,3,2,5,2,2.0748596254414,-0.526289513415968,0.0871121381464907,0.0367292308797722,0.0503829072667185,0.0252989846766357,0,0,0,0,0,0.0114302462031365,0,0,0,2023,7.03915492957746,-8.44342723004695,2022,9.92556603773585,2021,29.7758962264151,16.2434159842778,-9.26000327546675,21.1909296478226,-10.988138439813,-14.1517747182452,2.54471120976603,0.214285714285714
2023,"LU09","LU09_96",56.10025,-113.50814,2,0,1,0,0,0,0.68405600891132,1.40732014336577,0.181505059180224,0.0543132105996393,0.127191848580585,0.019441330711052,0.026541891347755,0,0,0.0235864627535266,0.0029735848810356,0.0030378928858847,0.00336717706150282,0,0.0283445326294419,2022,10.0766037735849,-11.4497641509434,2021,30.6169339622642,2020,26.7514218009479,13.6092764370338,-11.9164168494954,24.8023403037215,-11.4393876555625,-14.7257365301366,-0.0103764953809033,0.5
2024,"LU09","LU09_96",56.10025,-113.50814,14,2,2,0,2,0,0.68405600891132,1.40732014336577,0.181505059180224,0.0543132105996393,0.127191848580585,0.019441330711052,0.026541891347755,0,0,0.0235864627535266,0.0029735848810356,0.0030378928858847,0.00336717706150282,0,0.0283445326294419,2023,7.23272300469484,-8.45267605633803,2022,10.0766037735849,2021,30.6169339622642,16.2434159842778,-9.26000327546675,21.1156339504214,-11.1189329584006,-13.8829109457266,2.6662569020626,0.142857142857143
2023,"LU09","LU09_98",56.0985,-113.47141,2,0,0,0,0,0,-0.45384973083794,0.137990059450396,0.13830212371388,0.0571846689128766,0.081117454801003,0.0153102640468212,0.0106103588504349,0,0,0.0106103588504349,0,0.0034715159560724,0,0,0.038402888909983,2022,10.9730660377358,-11.5152358490566,2021,31.9335377358491,2020,28.4762559241706,13.6092764370338,-11.9164168494954,25.6694720257247,-11.5146875227203,-14.6964059879888,-0.000548326336286209,0
2024,"LU09","LU09_98",56.0985,-113.47141,14,0,4,0,0,0,-0.45384973083794,0.137990059450396,0.13830212371388,0.0571846689128766,0.081117454801003,0.0153102640468212,0.0106103588504349,0,0,0.0106103588504349,0,0.0034715159560724,0,0,0.038402888909983,2023,7.75507042253521,-8.47169014084507,2022,10.9730660377358,2021,31.9335377358491,16.2434159842778,-9.26000327546675,21.9047886388892,-11.1897356139389,-14.149718216354,2.71804547309382,0.285714285714286
2023,"LU13","LU13_03",57.12465,-111.49142,16,2,27,0,2,0,-1.43807195618103,0.280399862053691,0.475559562,0.030199934,0.445359628,0.022038903,0,0,0,0,0.009299889,0.006598235,0,0.428955774,0,2022,10.1957547169811,-12.2629716981132,2021,30.5558962264151,2020,24.3527962085308,13.6092764370338,-11.9164168494954,22.4896725803132,-12.2895687448622,-12.2939178633321,0.0265970467490195,1.6875
2023,"LU13","LU13_05",57.1115,-111.21362,16,3,2,0,1,2,-1.55652573858273,-0.283460096606623,0.179406952,0.168016693,0.011390259,0.031209444,0,0,0,0,0.001611287,0.001926123,0,0,0.0754082,2022,13.6177830188679,-13.1383490566038,2021,39.321320754717,2020,29.1224170616114,13.6092764370338,-11.9164168494954,30.6110900440539,-13.1139131088821,-16.993307025186,-0.0244359477216971,0.125
2022,"LU13","LU13_05",57.1115,-111.21362,2,0,0,0,0,0,-1.55652573858273,-0.283460096606623,0.179406952,0.168016693,0.011390259,0.031209444,0,0,0,0,0.001611287,0.001926123,0,0,0.0754082,2021,39.321320754717,-14.004858490566,2020,29.1224170616114,2019,34.7308450704225,38.0779451513822,-12.7932833479596,31.220216043619,-12.889645781073,8.10110471109794,-1.11521270949301,0
2022,"LU13","LU13_06",57.12073,-111.2196,2,0,0,0,0,0,-1.44162458981515,-0.573273734435108,0.128048401,0.104770024,0.023278377,0.047961656,0,0,0,0,0.001434644,0.002289114,0,0,0.038788052,2021,37.1160849056604,-13.8574528301887,2020,28.2042654028436,2019,33.1634741784038,38.0779451513822,-12.7932833479596,29.4020454410922,-12.7352161883612,7.71403946456822,-1.1222366418275,0
2023,"LU13","LU13_06",57.12073,-111.2196,16,0,1,0,0,0,-1.44162458981515,-0.573273734435108,0.128048401,0.104770024,0.023278377,0.047961656,0,0,0,0,0.001434644,0.002289114,0,0,0.038788052,2022,12.5322169811321,-12.966179245283,2021,37.1160849056604,2020,28.2042654028436,13.6092764370338,-11.9164168494954,28.7879320040376,-12.9574339345179,-16.2557150229055,-0.00874531076508589,0.0625
2022,"LU13","LU13_08",57.14077,-111.17169,2,0,3,0,0,0,-1.79432668238099,-0.385991906946671,0.217705227,0.202820478,0.014884749,0.037803287,0,0,0,0,0.001851545,0.000125981,0,0,0.108760448,2021,40.4433018867925,-14.0723113207547,2020,31.3774881516588,2019,35.2757276995305,38.0779451513822,-12.7932833479596,31.8600952957604,-12.9724980174049,8.58320659103208,-1.09981330334986,1.5
2023,"LU13","LU13_08",57.14077,-111.17169,7,0,1,0,0,0,-1.79432668238099,-0.385991906946671,0.217705227,0.202820478,0.014884749,0.037803287,0,0,0,0,0.001851545,0.000125981,0,0,0.108760448,2022,13.8872641509434,-13.2066509433962,2021,40.4433018867925,2020,31.3774881516588,13.6092764370338,-11.9164168494954,31.3026933598453,-13.1959579623231,-17.4154292089019,-0.0106929810731486,0.142857142857143
2022,"LU13","LU13_11",57.17275,-111.04179,2,0,0,0,0,0,-0.841961818845063,-0.0584513154564595,0.454231023,0.105474577,0.348756446,0.023889109,0.005599401,0,0,0,0.012774304,0.01004589,0.05878861,0,0.012091471,2021,49.2115566037736,-14.7691981132075,2020,36.5109004739337,2019,42.2565258215962,38.0779451513822,-12.7932833479596,39.0204840247618,-13.7682202039488,10.1910725790117,-1.00097790925872,0
2023,"LU13","LU13_11",57.17275,-111.04179,16,0,5,0,0,0,-0.841961818845063,-0.0584513154564595,0.454231023,0.105474577,0.348756446,0.023889109,0.005599401,0,0,0,0.012774304,0.01004589,0.05878861,0,0.012091471,2022,17.4177830188679,-14.0605188679245,2021,49.2115566037736,2020,36.5109004739337,13.6092764370338,-11.9164168494954,38.1865607567375,-13.990951966163,-20.7687777378695,-0.0695669017614815,0.3125
2023,"LU13","LU13_12",57.05774,-111.31858,16,2,4,0,0,2,-1.58893806189988,-0.198427765286713,0.089857543,0.083618326,0.006239217,0.011190966,0,0,0,0,0.005302454,0.010756409,0,0,0.039384181,2022,11.7403301886792,-12.6019811320755,2021,34.7906132075472,2020,26.5697630331754,13.6092764370338,-11.9164168494954,25.9520728495469,-12.5865349989346,-14.2117426608677,-0.0154461331408573,0.25
2022,"LU13","LU13_12",57.05774,-111.31858,2,0,0,0,0,0,-1.58893806189988,-0.198427765286713,0.089857543,0.083618326,0.006239217,0.011190966,0,0,0,0,0.005302454,0.010756409,0,0,0.039384181,2021,34.7906132075472,-13.501320754717,2020,26.5697630331754,2019,29.97,38.0779451513822,-12.7932833479596,26.4494649408023,-12.3594108072436,8.34114826674489,-1.14190994747339,0
2022,"LU13","LU13_128",57.06321,-111.3068,2,0,1,0,0,0,-1.70831817292866,0.0060899060413889,0.104444273,0.097110976,0.007333297,0.01290677,0,0,0,0,0.001165671,0.01238519,0,0,0.042951325,2021,34.3520283018868,-13.4739150943396,2020,26.3065402843602,2019,29.6153051643192,38.0779451513822,-12.7932833479596,26.0684115811036,-12.3321691232947,8.28361672078324,-1.14174597104493,0.5
2023,"LU13","LU13_128",57.06321,-111.3068,16,3,18,0,1,2,-1.70831817292866,0.0060899060413889,0.104444273,0.097110976,0.007333297,0.01290677,0,0,0,0,0.001165671,0.01238519,0,0,0.042951325,2022,11.5847169811321,-12.5690566037736,2021,34.3520283018868,2020,26.3065402843602,13.6092764370338,-11.9164168494954,25.5850717249282,-12.5581226258998,-14.0003547437961,-0.0109339778737851,1.125
2022,"LU13","LU13_13",57.07174,-111.30007,2,0,1,0,0,0,-1.84483157139011,-0.11868632048601,0.103940926,0.092737652,0.011203274,0.014630494,0,0,0,0,0.004082031,0.006069763,0,0,0.036726931,2021,34.9110849056604,-13.554858490566,2020,26.6448815165877,2019,30.3756807511737,38.0779451513822,-12.7932833479596,26.7737675497215,-12.4167699046389,8.13731735593883,-1.13808858592716,0.5
2023,"LU13","LU13_13",57.07174,-111.30007,16,1,14,0,1,0,-1.84483157139011,-0.11868632048601,0.103940926,0.092737652,0.011203274,0.014630494,0,0,0,0,0.004082031,0.006069763,0,0,0.036726931,2022,11.8053773584906,-12.6543867924528,2021,34.9110849056604,2020,26.6448815165877,13.6092764370338,-11.9164168494954,26.2430442792813,-12.6420427969959,-14.4376669207907,-0.0123439954569484,0.875
2022,"LU13","LU13_131",57.06533,-111.3223,2,0,1,0,0,0,-1.35676461823891,0.441452930695742,0.105056095,0.096049518,0.009006577,0.012057701,0,0,0,0,0.007037756,0.00815449,0,0,0.042621357,2021,34.3520283018868,-13.4739150943396,2020,26.3065402843602,2019,29.6153051643192,38.0779451513822,-12.7932833479596,26.0684115811036,-12.3321691232947,8.28361672078324,-1.14174597104493,0.5
2023,"LU13","LU13_131",57.06533,-111.3223,16,2,6,0,2,0,-1.35676461823891,0.441452930695742,0.105056095,0.096049518,0.009006577,0.012057701,0,0,0,0,0.007037756,0.00815449,0,0,0.042621357,2022,11.5847169811321,-12.5690566037736,2021,34.3520283018868,2020,26.3065402843602,13.6092764370338,-11.9164168494954,25.5850717249282,-12.5581226258998,-14.0003547437961,-0.0109339778737851,0.375
2023,"LU13","LU13_14",57.12302,-111.19258,16,0,11,0,0,0,-1.13662600805948,-0.613762232989766,0.220996351,0.21061186,0.010384491,0.037971637,0,0,0,0,0.001249638,0.003324065,0,0,0.098433213,2022,13.5080660377358,-13.1553301886792,2021,38.9684433962264,2020,29.0245497630332,13.6092764370338,-11.9164168494954,30.6111461195616,-13.1408111063035,-17.1030800818258,-0.0145190823756973,0.6875
2022,"LU13","LU13_14",57.12302,-111.19258,2,0,0,0,0,0,-1.13662600805948,-0.613762232989766,0.220996351,0.21061186,0.010384491,0.037971637,0,0,0,0,0.001249638,0.003324065,0,0,0.098433213,2021,38.9684433962264,-14.0248113207547,2020,29.0245497630332,2019,34.8705633802817,38.0779451513822,-12.7932833479596,31.2212707179237,-12.9179876619208,7.74717267830275,-1.10682365883387,0
2022,"LU13","LU13_15",57.14037,-111.59116,1,0,1,0,0,0,-0.2818837025207,-0.30910999958339,0.345961317,0.123554615,0.222406702,0.059258098,0,0,0,0,0,0.00938488,0,0,0.024486189,2021,27.7959905660377,-12.8278301886792,2020,23.277345971564,2019,23.395117370892,38.0779451513822,-12.7932833479596,19.4969122390171,-11.717310202605,8.29907832702059,-1.11051998607422,1
2023,"LU13","LU13_15",57.14037,-111.59116,16,5,7,0,2,3,-0.2818837025207,-0.30910999958339,0.345961317,0.123554615,0.222406702,0.059258098,0,0,0,0,0,0.00938488,0,0,0.024486189,2022,9.48367924528302,-11.8925,2021,27.7959905660377,2020,23.277345971564,13.6092764370338,-11.9164168494954,19.2422701900395,-11.9314299209149,-9.75859094475644,0.0389299209148817,0.4375
2022,"LU13","LU13_16",57.16297,-111.58554,1,0,2,0,0,0,-1.05052309615627,-0.0407687312437633,0.341566824,0.057876232,0.283690592,0.009815015,0,0,0,0,0,0.005012196,0,0,0.013271029,2021,28.2242924528302,-12.8935849056604,2020,23.5327014218009,2019,24.0640375586854,38.0779451513822,-12.7932833479596,19.9786571761624,-11.7845983096599,8.24563527666777,-1.10898659600045,2
2023,"LU13","LU13_16",57.16297,-111.58554,16,1,3,0,1,0,-1.05052309615627,-0.0407687312437633,0.341566824,0.057876232,0.283690592,0.009815015,0,0,0,0,0,0.005012196,0,0,0.013271029,2022,9.63047169811321,-11.9652358490566,2021,28.2242924528302,2020,23.5327014218009,13.6092764370338,-11.9164168494954,19.7148929728752,-11.9989411333258,-10.084421274762,0.0337052842691641,0.1875
2022,"LU13","LU13_17",57.16414,-111.10896,2,0,0,0,0,0,-1.25640533356944,-0.21957680809156,0.267685514,0.239698949,0.027986565,0.063292476,0,0,0,0,0.00246306,0.005597058,0.031222698,0.017294314,0.122015768,2021,45.5649528301887,-14.565,2020,33.9200473933649,2019,40.631220657277,38.0779451513822,-12.7932833479596,36.6608235352354,-13.5108868633068,8.90412929495333,-1.05411313669318,0
2023,"LU13","LU13_17",57.16414,-111.10896,16,1,15,0,1,0,-1.25640533356944,-0.21957680809156,0.267685514,0.239698949,0.027986565,0.063292476,0,0,0,0,0.00246306,0.005597058,0.031222698,0.017294314,0.122015768,2022,16.0158962264151,-13.782641509434,2021,45.5649528301887,2020,33.9200473933649,13.6092764370338,-11.9164168494954,35.9488926330699,-13.7335853872118,-19.9329964066548,-0.0490561222221295,0.9375
2023,"LU13","LU13_18",57.17993,-111.5902,16,10,1,1,4,5,-0.281879584464273,0.452925571682344,0.443013304,0.111110035,0.331903269,0.059760412,0,0,0,0,0.001887473,0.002689921,0,0,0.017471784,2022,9.39018867924528,-12.0158018867925,2021,27.8257547169811,2020,23.6377251184834,13.6092764370338,-11.9164168494954,19.9329273555919,-12.0451608504945,-10.5427386763466,0.0293589637020322,0.0625
2022,"LU13","LU13_18",57.17993,-111.5902,1,0,6,0,0,0,-0.281879584464273,0.452925571682344,0.443013304,0.111110035,0.331903269,0.059760412,0,0,0,0,0.001887473,0.002689921,0,0,0.017471784,2021,27.8257547169811,-12.9388679245283,2020,23.6377251184834,2019,24.4365727699531,38.0779451513822,-12.7932833479596,20.2294317564971,-11.8307537647553,7.59632296048408,-1.10811415977295,6
2023,"LU13","LU13_19",57.16334,-111.13,16,0,2,0,0,0,-1.40639519659071,-0.163445234359285,0.473790191,0.192780345,0.281009846,0.042180748,0,0,0,0,0,0.001550814,0.002341159,0.239676912,0.093848336,2022,14.1155188679245,-13.2899528301887,2021,40.7575,2020,31.4724170616114,13.6092764370338,-11.9164168494954,31.7873644137348,-13.281860353112,-17.6718455458103,-0.0080924770766444,0.125
2022,"LU13","LU13_19",57.16334,-111.13,2,0,1,0,0,0,-1.40639519659071,-0.163445234359285,0.473790191,0.192780345,0.281009846,0.042180748,0,0,0,0,0,0.001550814,0.002341159,0.239676912,0.093848336,2021,40.7575,-14.1595754716981,2020,31.4724170616114,2019,35.920985915493,38.0779451513822,-12.7932833479596,32.3815618021821,-13.0597050168636,8.37593819781787,-1.09987045483456,0.5
2022,"LU13","LU13_20",57.1806,-111.10409,2,0,0,0,0,0,-1.09862710013564,-0.615569608658726,0.36294873,0.224986721,0.137962009,0.063925859,0.00439156,0,0,0,0.00515793,0.007958112,0.028928128,0,0.100118053,2021,44.706320754717,-14.5499056603774,2020,35.1475355450237,2019,40.2720657276995,38.0779451513822,-12.7932833479596,36.1995747604866,-13.4932843225204,8.50674599423039,-1.056621337857,0
2023,"LU13","LU13_20",57.1806,-111.10409,16,0,3,0,0,0,-1.09862710013564,-0.615569608658726,0.36294873,0.224986721,0.137962009,0.063925859,0.00439156,0,0,0,0.00515793,0.007958112,0.028928128,0,0.100118053,2022,15.5043867924528,-13.7457547169811,2021,44.706320754717,2020,35.1475355450237,13.6092764370338,-11.9164168494954,35.5235032226259,-13.7143068384047,-20.0191164301731,-0.0314478785764418,0.1875
2022,"LU13","LU13_21",57.19368,-111.58622,1,0,0,0,0,0,-0.170824103845337,0.646980437442959,0.87914561,0.163837217,0.715308393,0.066947486,0,0,0,0,0.002406516,8.21e-05,0,0,0.045859026,2021,28.4730188679245,-12.9683018867925,2020,23.6756872037915,2019,24.6282159624413,38.0779451513822,-12.7932833479596,20.4028180989421,-11.8586659418874,8.07020076898243,-1.10963594490509,0
2023,"LU13","LU13_21",57.19368,-111.58622,16,7,2,0,4,4,-0.170824103845337,0.646980437442959,0.87914561,0.163837217,0.715308393,0.066947486,0,0,0,0,0.002406516,8.21e-05,0,0,0.045859026,2022,9.63674528301887,-12.0425943396226,2021,28.4730188679245,2020,23.6756872037915,13.6092764370338,-11.9164168494954,20.1229831630834,-12.0733832250029,-10.4862378800645,0.0307888853802183,0.125
2022,"LU13","LU13_22",57.17485,-111.12086,2,0,3,0,0,0,0.227937914350421,-0.338170709983364,0.523769649,0.182585172,0.341184477,0.062467377,0,0,0,0,0.000143674,0.003374214,0.002409717,0.213800434,0.082729137,2021,40.909858490566,-14.2821698113208,2020,31.9674407582938,2019,37.1744600938967,38.0779451513822,-12.7932833479596,33.3258947590523,-13.1916883861926,7.5839637315137,-1.0904814251282,1.5
2023,"LU13","LU13_22",57.17485,-111.12086,16,0,2,0,0,0,0.227937914350421,-0.338170709983364,0.523769649,0.182585172,0.341184477,0.062467377,0,0,0,0,0.000143674,0.003374214,0.002409717,0.213800434,0.082729137,2022,14.1893867924528,-13.4210377358491,2021,40.909858490566,2020,31.9674407582938,13.6092764370338,-11.9164168494954,32.6734958631037,-13.4128753421191,-18.4841090706509,-0.00816239372998062,0.125
2023,"LU13","LU13_26",57.08022,-111.27681,16,0,3,0,0,0,-1.90354369109504,-0.247201233342826,0.086367379,0.080600821,0.005766558,0.012600354,0,0,0,0,0.002898051,0.002955173,0,0,0.033104263,2022,11.9994811320755,-12.7314622641509,2021,35.4031603773585,2020,26.9487677725119,13.6092764370338,-11.9164168494954,26.8493548111198,-12.7192590217859,-14.8498736790443,-0.0122032423650484,0.1875
2022,"LU13","LU13_26",57.08022,-111.27681,2,0,0,0,0,0,-1.90354369109504,-0.247201233342826,0.086367379,0.080600821,0.005766558,0.012600354,0,0,0,0,0.002898051,0.002955173,0,0,0.033104263,2021,35.4031603773585,-13.6294811320755,2020,26.9487677725119,2019,31.0739436619718,38.0779451513822,-12.7932833479596,27.3937212297574,-12.494943416893,8.00943914760106,-1.13453771518251,0
2022,"LU13","LU13_27",57.09715,-111.24763,2,0,0,0,0,0,-1.99015679073201,-0.343824599205061,0.122428455,0.115661925,0.00676653,0.012513307,0,0,0,0,0,0.006440819,0,0,0.067966375,2021,36.6676886792453,-13.7646226415094,2020,27.9707109004739,2019,32.3679812206573,38.0779451513822,-12.7932833479596,28.7320637745871,-12.6362576336926,7.93562490465815,-1.12836500781684,0
2023,"LU13","LU13_27",57.09715,-111.24763,16,0,0,0,0,0,-1.99015679073201,-0.343824599205061,0.122428455,0.115661925,0.00676653,0.012513307,0,0,0,0,0,0.006440819,0,0,0.067966375,2022,12.3174528301887,-12.8744339622642,2021,36.6676886792453,2020,27.9707109004739,13.6092764370338,-11.9164168494954,28.1470178731062,-12.8598276012394,-15.8295650429175,-0.0146063610247076,0
2022,"LU13","LU13_30",57.04375,-111.36054,2,0,3,0,0,0,-1.57544143467269,-0.438974233588599,0.085622119,0.080082003,0.005540116,0.012381135,0,0,0,0,0.005540116,0.00775983,0,0,0.033698551,2021,33.8338679245283,-13.3658018867925,2020,26.0536492890995,2019,28.7815962441315,38.0779451513822,-12.7932833479596,25.3306599596386,-12.2218404911897,8.5032079648897,-1.14396139560272,1.5
2023,"LU13","LU13_30",57.04375,-111.36054,16,4,9,0,4,0,-1.57544143467269,-0.438974233588599,0.085622119,0.080082003,0.005540116,0.012381135,0,0,0,0,0.005540116,0.00775983,0,0,0.033698551,2022,11.3630660377358,-12.4549528301887,2021,33.8338679245283,2020,26.0536492890995,13.6092764370338,-11.9164168494954,24.897199893927,-12.4472032538147,-13.5341338561912,-0.00774957637402274,0.5625
2022,"LU13","LU13_32",57.04958,-111.34759,2,0,0,0,0,0,-1.46195709201825,-0.114654118114546,0.078488821,0.075989278,0.002499543,0.012613239,0,0,0,0,0.002499543,0.003376669,0,0,0.034522046,2021,33.9282075471698,-13.3991037735849,2020,26.091990521327,2019,29.0138028169014,38.0779451513822,-12.7932833479596,25.542004338333,-12.2563325313073,8.38620320883678,-1.14277124227757,0
2023,"LU13","LU13_32",57.04958,-111.34759,16,1,3,0,0,0,-1.46195709201825,-0.114654118114546,0.078488821,0.075989278,0.002499543,0.012613239,0,0,0,0,0.002499543,0.003376669,0,0,0.034522046,2022,11.4106603773585,-12.4897641509434,2021,33.9282075471698,2020,26.091990521327,13.6092764370338,-11.9164168494954,25.0703315514689,-12.4817442957764,-13.6596711741104,-0.00801985516702963,0.1875
2023,"LU13","LU13_33",57.0561,-111.33517,16,1,6,0,1,0,-1.84010631434331,-0.747114203983541,0.087784314,0.083074497,0.004709817,0.012645646,0,0,0,0,0.004709817,0.00729941,0,0,0.036178363,2022,11.4631603773585,-12.5115566037736,2021,34.0565566037736,2020,26.1432701421801,13.6092764370338,-11.9164168494954,25.2032892720907,-12.5026271923663,-13.7401288947323,-0.00892941140729775,0.375
2022,"LU13","LU13_33",57.0561,-111.33517,2,0,0,0,0,0,-1.84010631434331,-0.747114203983541,0.087784314,0.083074497,0.004709817,0.012645646,0,0,0,0,0.004709817,0.00729941,0,0,0.036178363,2021,34.0565566037736,-13.4208962264151,2020,26.1432701421801,2019,29.1581220657277,38.0779451513822,-12.7932833479596,25.6780211712041,-12.2765232416178,8.37853543256946,-1.14437298479732,0
2022,"LU13","LU13_34",57.12297,-111.45408,1,0,8,0,0,0,-1.91679413061007,0.164833114459675,0.476228363,0.013486469,0.462741894,0.006047942,0,0,0,0,0.017287372,0.004749173,0,0.420398385,0,2021,31.7553773584906,-13.2983490566038,2020,24.9137440758294,2019,28.0205164319249,38.0779451513822,-12.7932833479596,23.7687932972197,-12.1788271698373,7.98658406127083,-1.1195218867665,8
2023,"LU13","LU13_34",57.12297,-111.45408,16,0,4,0,0,0,-1.91679413061007,0.164833114459675,0.476228363,0.013486469,0.462741894,0.006047942,0,0,0,0,0.017287372,0.004749173,0,0.420398385,0,2022,10.5781132075472,-12.3702358490566,2021,31.7553773584906,2020,24.9137440758294,13.6092764370338,-11.9164168494954,23.3632653899246,-12.3937696520605,-12.7851521823775,0.0235338030039109,0.25
2022,"LU13","LU13_35",57.11565,-111.43315,2,0,3,0,0,0,-1.79937458469671,0.329643849490109,0.206122186,0.05541413,0.150708056,0.039478864,0,0,0,0,0.019312547,0.010076551,0,0.130743241,0,2021,32.4205188679245,-13.363820754717,2020,25.4020379146919,2019,28.7054460093897,38.0779451513822,-12.7932833479596,24.7808008365771,-12.2436654332385,7.63971803134742,-1.12015532147849,1.5
2023,"LU13","LU13_35",57.11565,-111.43315,16,1,19,0,0,0,-1.79937458469671,0.329643849490109,0.206122186,0.05541413,0.150708056,0.039478864,0,0,0,0,0.019312547,0.010076551,0,0.130743241,0,2022,10.7903773584906,-12.44,2021,32.4205188679245,2020,25.4020379146919,13.6092764370338,-11.9164168494954,24.3499772673746,-12.4585352582492,-13.559599908884,0.018535258249166,1.1875
2022,"LU13","LU13_36",57.12073,-111.38155,2,0,0,0,0,0,-1.93960580456268,0.132814520603266,0.069649883,0.051490588,0.018159295,0.037567638,0,0,0,0,0.008162358,0.013229607,0,0,0,2021,32.3434433962264,-13.3826886792453,2020,25.3163033175355,2019,28.6200938967136,38.0779451513822,-12.7932833479596,24.7040086349704,-12.2545668286748,7.639434761256,-1.12812185057047,0
2023,"LU13","LU13_36",57.12073,-111.38155,16,0,2,0,0,0,-1.93960580456268,0.132814520603266,0.069649883,0.051490588,0.018159295,0.037567638,0,0,0,0,0.008162358,0.013229607,0,0,0,2022,10.7803301886792,-12.4497169811321,2021,32.3434433962264,2020,25.3163033175355,13.6092764370338,-11.9164168494954,24.2754769790544,-12.4702730672498,-13.4951467903751,0.020556086117697,0.125
2023,"LU13","LU13_37",57.11808,-111.37926,16,0,3,0,0,0,-1.93960580456268,0.132814520603266,0.070343238,0.053055895,0.017287343,0.037923763,0,0,0,0,0.007290406,0.014416373,0,0,0,2022,11.1757075471698,-12.4606132075472,2021,33.1834905660377,2020,25.467345971564,13.6092764370338,-11.9164168494954,24.5251869246882,-12.4787857121403,-13.3494793775184,0.0181725045931067,0.1875
2022,"LU13","LU13_37",57.11808,-111.37926,1,0,0,0,0,0,-1.93960580456268,0.132814520603266,0.070343238,0.053055895,0.017287343,0.037923763,0,0,0,0,0.007290406,0.014416373,0,0,0,2021,33.1834905660377,-13.3915566037736,2020,25.467345971564,2019,28.7395305164319,38.0779451513822,-12.7932833479596,24.9448814583855,-12.2619779386842,8.23860910765223,-1.12957866508937,0
2023,"LU13","LU13_38",57.11777,-111.35448,16,0,3,0,0,0,-1.56107874823542,0.452022986033533,0.069955816,0.051410433,0.018545383,0.037743316,0,0,0,0,0.006162351,0.008770183,0,0,0,2022,11.2987735849057,-12.5041037735849,2021,33.5093867924528,2020,25.6663507109005,13.6092764370338,-11.9164168494954,24.8687640430881,-12.5205851302445,-13.5699904581824,0.0164813566595452,0.1875
2022,"LU13","LU13_38",57.11777,-111.35448,2,0,0,0,0,0,-1.56107874823542,0.452022986033533,0.069955816,0.051410433,0.018545383,0.037743316,0,0,0,0,0.006162351,0.008770183,0,0,0,2021,33.5093867924528,-13.4334433962264,2020,25.6663507109005,2019,29.1196713615023,38.0779451513822,-12.7932833479596,25.2985639690015,-12.3034130842463,8.21082282345135,-1.13003031198008,0
2022,"LU13","LU13_41",57.13169,-111.18623,2,0,1,0,0,0,-1.36759387773331,-0.437330951110618,0.217108135,0.212052865,0.00505527,0.038115569,0,0,0,0,0.003101183,0.00323983,6e-05,0,0.111781924,2021,39.8659433962264,-14.1163679245283,2020,30.2169668246446,2019,35.8246478873239,38.0779451513822,-12.7932833479596,32.1611336135358,-13.0165571098463,7.70480978269062,-1.09981081468202,0.5
2023,"LU13","LU13_41",57.13169,-111.18623,16,0,2,0,0,0,-1.36759387773331,-0.437330951110618,0.217108135,0.212052865,0.00505527,0.038115569,0,0,0,0,0.003101183,0.00323983,6e-05,0,0.111781924,2022,13.9249528301887,-13.260141509434,2021,39.8659433962264,2020,30.2169668246446,13.6092764370338,-11.9164168494954,31.53637260322,-13.2400014724197,-17.6114197730314,-0.0201400370142952,0.125
2022,"LU13","LU13_43",57.14806,-111.15835,2,0,0,0,0,0,-1.84309739888054,-0.216961858288197,0.30389508,0.202171523,0.101723557,0.037794294,0,0,0,0,0,0.002883533,0,0.077321172,0.1070441,2021,39.7659905660377,-14.0249528301887,2020,30.9754028436019,2019,34.7124882629108,38.0779451513822,-12.7932833479596,31.3040986419657,-12.9223137635287,8.461891924072,-1.10263906665996,0
2023,"LU13","LU13_43",57.14806,-111.15835,16,0,0,0,0,0,-1.84309739888054,-0.216961858288197,0.30389508,0.202171523,0.101723557,0.037794294,0,0,0,0,0,0.002883533,0,0.077321172,0.1070441,2022,13.6006603773585,-13.1487264150943,2021,39.7659905660377,2020,30.9754028436019,13.6092764370338,-11.9164168494954,30.7458914974405,-13.1451215853021,-17.145231120082,-0.00360482979221644,0
2022,"LU13","LU13_45",57.1554,-111.14605,2,0,0,0,0,0,-1.87152838644717,-0.0743764663440921,0.454461564,0.196014681,0.258446883,0.037578821,0,0,0,0,0,0.002470103,0.002154446,0.246239715,0.097773082,2021,39.9060849056604,-14.0683490566038,2020,31.0136492890995,2019,35.0420187793427,38.0779451513822,-12.7932833479596,31.5603214740959,-12.9660079838503,8.34576343156449,-1.10234107275352,0
2023,"LU13","LU13_45",57.1554,-111.14605,16,0,1,0,0,0,-1.87152838644717,-0.0743764663440921,0.454461564,0.196014681,0.258446883,0.037578821,0,0,0,0,0,0.002470103,0.002154446,0.246239715,0.097773082,2022,13.7153301886792,-13.1900943396226,2021,39.9060849056604,2020,31.0136492890995,13.6092764370338,-11.9164168494954,30.9853002748593,-13.1881292362359,-17.2699700861801,-0.00196510338672162,0.0625
2023,"LU13","LU13_47",57.1871,-111.09103,16,0,1,0,0,0,-2.00362064417986,-0.235665628244763,0.239446256,0.211557852,0.027888404,0.051825491,0.0082,0,0,0,0.004599636,0.004182669,0.060386033,0,0.071444386,2022,15.6054716981132,-13.8025471698113,2021,45.1171226415094,2020,35.3518483412322,13.6092764370338,-11.9164168494954,35.8605714333639,-13.7706403386352,-20.2550997352507,-0.0319068311761708,0.0625
2022,"LU13","LU13_47",57.1871,-111.09103,1,0,0,0,0,0,-2.00362064417986,-0.235665628244763,0.239446256,0.211557852,0.027888404,0.051825491,0.0082,0,0,0,0.004599636,0.004182669,0.060386033,0,0.071444386,2021,45.1171226415094,-14.5908018867925,2020,35.3518483412322,2019,40.7117840375587,38.0779451513822,-12.7932833479596,36.6111282102747,-13.5495423671585,8.50599443123478,-1.04125951963396,0
2022,"LU13","LU13_49",57.19334,-111.07793,2,0,0,0,0,0,-1.8841760882919,-0.0458644675306754,0.227372339,0.201045581,0.026326758,0.041958924,0.007013944,0,0,0,0.007673496,0.003359222,0.060393435,0,0.071722848,2021,45.5345754716981,-14.6390566037736,2020,35.7132701421801,2019,41.1728638497653,38.0779451513822,-12.7932833479596,37.0587524566566,-13.610933708808,8.47582301504146,-1.0281228949656,0
2023,"LU13","LU13_49",57.19334,-111.07793,16,0,10,0,0,0,-1.8841760882919,-0.0458644675306754,0.227372339,0.201045581,0.026326758,0.041958924,0.007013944,0,0,0,0.007673496,0.003359222,0.060393435,0,0.071722848,2022,15.6677830188679,-13.8731132075472,2021,45.5345754716981,2020,35.7132701421801,13.6092764370338,-11.9164168494954,36.2186917579878,-13.8325953021531,-20.5509087391199,-0.0405179053940987,0.625
2022,"LU13","LU13_51",57.08858,-111.25424,2,0,0,0,0,0,-1.93373803198022,-0.151448917280187,0.09038412,0.089134449,0.001249671,0.012484689,0,0,0,0,0.001249671,0.00541221,0,0,0.047403305,2021,36.7175,-13.7505660377358,2020,27.9772037914692,2019,32.2637089201878,38.0779451513822,-12.7932833479596,28.667615131444,-12.6203046886834,8.04988486855601,-1.13026134905243,0
2023,"LU13","LU13_51",57.08858,-111.25424,16,1,12,0,0,1,-1.93373803198022,-0.151448917280187,0.09038412,0.089134449,0.001249671,0.012484689,0,0,0,0,0.001249671,0.00541221,0,0,0.047403305,2022,12.3271226415094,-12.8646698113208,2021,36.7175,2020,27.9772037914692,13.6092764370338,-11.9164168494954,28.08138257602,-12.845628918223,-15.7542599345105,-0.0190408930977135,0.75
2022,"LU13","LU13_52",57.11729,-111.41942,2,0,9,0,0,0,-1.78187242130443,0.3542099844625,0.143915582,0.054056041,0.089859541,0.039777005,0,0,0,0,0.0129324,0.011707817,0,0.064842387,0,2021,32.1550471698113,-13.3455660377358,2020,25.2182938388626,2019,28.4062910798122,38.0779451513822,-12.7932833479596,24.4921692482863,-12.2212376704413,7.66287792152507,-1.12432836729459,4.5
2023,"LU13","LU13_52",57.11729,-111.41942,16,0,6,0,0,0,-1.78187242130443,0.3542099844625,0.143915582,0.054056041,0.089859541,0.039777005,0,0,0,0,0.0129324,0.011707817,0,0.064842387,0,2022,10.6989150943396,-12.4155188679245,2021,32.1550471698113,2020,25.2182938388626,13.6092764370338,-11.9164168494954,24.0720151360773,-12.4364171492581,-13.3731000417376,0.0208982813335989,0.375
2023,"LU13","LU13_53",57.11683,-111.2645,16,0,2,0,0,0,-2.00777352606422,-0.247512816411868,0.084474472,0.071388313,0.013086159,0.03764856,0,0,0,0,0.001249686,0.001742659,0,0,0.031997094,2022,12.1031132075472,-12.8328301886792,2021,36.0429716981132,2020,27.6198104265403,13.6092764370338,-11.9164168494954,27.6660390130529,-12.830862207338,-15.5629258055057,-0.00196798134126119,0.125
2022,"LU13","LU13_53",57.11683,-111.2645,2,0,1,0,0,0,-2.00777352606422,-0.247512816411868,0.084474472,0.071388313,0.013086159,0.03764856,0,0,0,0,0.001249686,0.001742659,0,0,0.031997094,2021,36.0429716981132,-13.7368867924528,2020,27.6198104265403,2019,31.99,38.0779451513822,-12.7932833479596,28.2465199719912,-12.6098793519438,7.796451726122,-1.12700744050907,0.5
2022,"LU13","LU13_55",57.11781,-111.30484,1,0,0,0,0,0,-1.34915960647035,0.961568125010203,0.186852047,0.040777694,0.146074353,0.037785636,0,0,0,0,0.003749185,0.002641229,0,0.131945919,0,2021,34.2927830188679,-13.538679245283,2020,26.1101895734597,2019,30.0219718309859,38.0779451513822,-12.7932833479596,26.1861092757707,-12.407149757045,8.10667374309727,-1.13152948823799,0
2023,"LU13","LU13_55",57.11781,-111.30484,16,0,1,0,0,0,-1.34915960647035,0.961568125010203,0.186852047,0.040777694,0.146074353,0.037785636,0,0,0,0,0.003749185,0.002641229,0,0.131945919,0,2022,11.602358490566,-12.6130188679245,2021,34.2927830188679,2020,26.1101895734597,13.6092764370338,-11.9164168494954,25.693843957158,-12.6255377292464,-14.091485466592,0.0125188613219205,0.0625
2022,"LU13","LU13_56",57.1521,-111.10345,2,0,1,0,0,0,-1.00871627270601,-0.0216165126726137,0.192869793,0.130232416,0.062637377,0.026779129,0,0,0,0,0.003144545,0.010157922,0.038275061,0,0.054836908,2021,45.8806132075472,-14.5747169811321,2020,34.050663507109,2019,40.6780281690141,38.0779451513822,-12.7932833479596,36.8446313826177,-13.5242269315862,9.03598182492946,-1.05049004954589,0.5
2023,"LU13","LU13_56",57.1521,-111.10345,16,0,1,0,0,0,-1.00871627270601,-0.0216165126726137,0.192869793,0.130232416,0.062637377,0.026779129,0,0,0,0,0.003144545,0.010157922,0.038275061,0,0.054836908,2022,16.1294339622642,-13.8040094339623,2021,45.8806132075472,2020,34.050663507109,13.6092764370338,-11.9164168494954,36.1349128311718,-13.7477156253267,-20.0054788689077,-0.0562938086355924,0.0625
2022,"LU13","LU13_57",57.20649,-111.05726,1,0,0,0,0,0,-1.74944577357605,-0.212485188991524,0.32826993,0.26170765,0.06656228,0.053673212,0.001579378,0,0,0,0.013041398,0.007701207,0.054696356,0,0.090045345,2021,45.7823113207547,-14.6804245283019,2020,36.3293838862559,2019,41.342441314554,38.0779451513822,-12.7932833479596,36.847762229909,-13.6665496884008,8.93454909084574,-1.01387483990108,0
2023,"LU13","LU13_57",57.20649,-111.05726,16,0,0,0,0,0,-1.74944577357605,-0.212485188991524,0.32826993,0.26170765,0.06656228,0.053673212,0.001579378,0,0,0,0.013041398,0.007701207,0.054696356,0,0.090045345,2022,15.4354245283019,-13.9231603773585,2021,45.7823113207547,2020,36.3293838862559,13.6092764370338,-11.9164168494954,35.906727413233,-13.8874729322665,-20.4713028849312,-0.0356874450919715,0
2023,"LU13","LU13_59",57.12108,-111.25407,16,0,8,0,0,0,-1.81869388575813,0.00633062939662793,0.077283519,0.0703131,0.006970419,0.037263466,0,0,0,0,0,0.003806263,0,0,0.029243371,2022,11.8388679245283,-12.790141509434,2021,35.108679245283,2020,26.8974881516588,13.6092764370338,-11.9164168494954,27.1387312364291,-12.7943568030655,-15.2998633119008,0.00421529363151052,0.5
2022,"LU13","LU13_59",57.12108,-111.25407,2,0,0,0,0,0,-1.81869388575813,0.00633062939662793,0.077283519,0.0703131,0.006970419,0.037263466,0,0,0,0,0,0.003806263,0,0,0.029243371,2021,35.108679245283,-13.7006132075472,2020,26.8974881516588,2019,31.5584507042254,38.0779451513822,-12.7932833479596,27.7103151596367,-12.57393847549,7.39836408564628,-1.12667473205721,0
2022,"LU13","LU13_70",57.19792,-111.05211,2,0,1,0,0,0,-1.69196182979115,-0.282916235126797,0.346412864,0.244607224,0.10180564,0.064487638,0.014221673,0,0,0,0.00803133,0.007151668,0.044721649,0,0.098236581,2021,45.6320283018868,-14.6818396226415,2020,36.0768720379147,2019,41.5353990610329,38.0779451513822,-12.7932833479596,37.125881998559,-13.6665244100503,8.50614630332784,-1.01531521259118,0.5
2023,"LU13","LU13_70",57.19792,-111.05211,16,0,2,0,0,0,-1.69196182979115,-0.282916235126797,0.346412864,0.244607224,0.10180564,0.064487638,0.014221673,0,0,0,0.00803133,0.007151668,0.044721649,0,0.098236581,2022,15.4879716981132,-13.9281132075472,2021,45.6320283018868,2020,36.0768720379147,13.6092764370338,-11.9164168494954,36.1811094726085,-13.8881369210224,-20.6931377744953,-0.0399762865247766,0.125
2024,"LU14","LU14_03",56.94589,-112.30953,17,2,20,0,1,1,-0.568000944732179,-0.191253504170816,0.063403277979097,0.0351095549074463,0.0282937230716507,0.0274764165188501,0,0,0,0,0.00300682964385193,0.00221965872440785,0,0,0,2023,18.9186854460094,-10.1528638497653,2022,14.6522641509434,2021,42.9400943396226,16.2434159842778,-9.26000327546675,31.6571824112334,-12.4748438257165,-12.738496965224,2.32197997595124,1.17647058823529
2024,"LU14","LU14_07",56.9571,-112.41011,17,0,3,0,0,0,1.1879941285288,-0.520563024160547,0.0892837674167877,0.0392518022834335,0.0500319651333542,0.0294468658227772,0,0,0,0,0.00320176651280906,0.00349319563160358,0,0,0,2023,19.4383568075117,-10.1489671361502,2022,14.8107075471698,2021,43.1158018867925,16.2434159842778,-9.26000327546675,31.7976034510303,-12.4640479534035,-12.3592466435186,2.31508081725322,0.176470588235294
2024,"LU14","LU14_08",56.95589,-112.38725,17,2,18,0,0,1,-0.202686667654246,-0.563886020831905,0.0513229379208804,0.0285535495765409,0.0227693883443395,0.026465000363144,0,0,0,0,0.00277072859533203,0.000735759376127655,0,0,0,2023,19.5451643192488,-10.1547417840376,2022,14.7940094339623,2021,43.2270754716981,16.2434159842778,-9.26000327546675,31.9089395885827,-12.4770363482901,-12.3637752693339,2.32229456425251,1.05882352941176
2024,"LU14","LU14_09",56.95599,-112.36073,17,1,14,0,0,1,-0.24089027534416,-0.405263024420403,0.144491826295029,0.041122418551213,0.103369407743816,0.0324430858408081,0,0,0,0,0.00414711487837639,0,0,0,0,2023,19.4034741784038,-10.1523004694836,2022,14.743679245283,2021,42.9379245283019,16.2434159842778,-9.26000327546675,31.8392763205225,-12.471220268849,-12.4358021421187,2.31891979936545,0.823529411764706
2024,"LU14","LU14_100",57.21349,-112.32694,16,0,4,0,0,0,0.146525097902549,1.52109736380814,0.0395315218619601,0.00948027011804531,0.0300512517439148,0,0,0,0,0,0.00125065905032812,0.00866634981611409,0,0.0288005926935867,0,2023,24.3879342723005,-10.8858685446009,2022,17.2029716981132,2021,47.5968396226415,16.2434159842778,-9.26000327546675,37.9810785597148,-13.2943528778534,-13.5931442874143,2.40848433325246,0.25
2024,"LU14","LU14_102",57.21218,-112.24976,16,3,0,0,0,2,0.837361942852893,-0.0535393956589039,0.0179193178419754,0.0153722603942554,0.00254705744772001,0,0,0,0,0,0.00254705744772001,0.0134694749295009,0,0,0,2023,23.4002816901408,-10.79779342723,2022,14.3912264150943,2021,45.8296226415094,16.2434159842778,-9.26000327546675,36.4243265893612,-13.186967502843,-13.0240448992204,2.38917407561298,0
2024,"LU14","LU14_105",57.22642,-112.42336,16,0,25,0,0,0,0.925060046697251,-0.995995275273802,0.0557516960695063,0.0183324905875695,0.0374192054819368,0,0,0,0,0,0.00615173443328586,0.00287178481613182,0,0.03043925533266,0.0140203513911029,2023,25.8399061032864,-11.1060093896714,2022,18.5432075471698,2021,49.8325943396226,16.2434159842778,-9.26000327546675,41.7260648993776,-13.5787155115366,-15.8861587960912,2.47270612186528,1.5625
2024,"LU14","LU14_110",57.24136,-112.55234,16,0,11,0,0,0,-0.0590990245116729,0.882737048210848,0.0772848923478932,0.0586754815978247,0.0186094107500685,0,0,0,0,0,0.0186094107500685,0.0108289526720214,0.0294900168825925,0,0.0155081685154275,2023,24.2562441314554,-10.9540375586854,2022,16.6149056603774,2021,48.0324528301887,16.2434159842778,-9.26000327546675,39.4337002311752,-13.3839834492663,-15.1774560997198,2.4299458905809,0.6875
2024,"LU14","LU14_114",57.23443,-112.3881,16,0,1,0,0,0,0.093224770518585,-0.226261680035976,0.0348302255846473,0.0082472889557989,0.0265829366288484,0,0,0,0,0,0.00699296140288233,0.00393073746499382,0,0.0195899752259661,0.00173118249994265,2023,25.8312676056338,-11.0925352112676,2022,16.9506603773585,2021,49.1296226415094,16.2434159842778,-9.26000327546675,40.7358964459613,-13.5612459997453,-14.9046288403275,2.46871078847768,0.0625
2024,"LU14","LU14_115",57.23761,-112.3089,16,0,11,0,0,0,0.306492152308623,2.32743981208682,0.0113089458340846,0.0087617729367129,0.00254717289737174,0,0,0,0,0,0.00254717289737174,0.00790515026034386,0,0,0,2023,24.9102816901408,-10.978779342723,2022,16.8388679245283,2021,48.3977830188679,16.2434159842778,-9.26000327546675,39.3299483235273,-13.4135802887965,-14.4196666333865,2.43480094607353,0.6875
2024,"LU14","LU14_120",57.27318,-112.59342,16,0,2,0,0,0,-0.258831779638384,0.546211286026904,0.0204056140470083,0.0121224894573545,0.00828312458965374,0,0,0,0,0,0.00828312458965374,0.00961180888608905,5.13175219787019e-05,0,0,2023,25.7056338028169,-11.15,2022,17.3618867924528,2021,49.8141509433962,16.2434159842778,-9.26000327546675,42.6482820078866,-13.634899327408,-16.9426482050697,2.48489932740801,0.125
2024,"LU14","LU14_121",57.26169,-112.5294,16,0,1,0,0,0,2.10477869294699,1.78298956887812,0.02649223002475,0.0214985789650022,0.00499365105974772,0,0,0,0,0,0.00499365105974772,0.00991490420073034,0.00370808515076054,0,0,2023,24.3910328638498,-10.966338028169,2022,15.7334905660377,2021,47.7976886792453,16.2434159842778,-9.26000327546675,39.4873462265086,-13.398625923597,-15.0963133626588,2.43228789542798,0.0625
2024,"LU14","LU14_131",57.28914,-112.27245,16,0,11,0,0,0,-0.35578563933076,0.995891130708814,0.00321615425242269,0.0012726222381221,0.00194353201430059,0,0,0,0,0,0.00194353201430059,1.60126855054904e-05,0,0,0,2023,26.1346478873239,-11.2087323943662,2022,17.2595754716981,2021,49.5857075471698,16.2434159842778,-9.26000327546675,41.6530576615838,-13.7051626872025,-15.5184097742599,2.49643029283633,0.6875
2024,"LU14","LU14_135",57.32076,-112.36021,16,0,0,0,0,0,1.21088938938548,3.82763072674945,0.0101889086225837,0.00836944053925331,0.0018194680833304,0,0,0,0,0,0.0018194680833304,0.00562970063454806,0,0,0,2023,25.8784976525822,-11.3059154929577,2022,16.9831132075472,2021,51.224858490566,16.2434159842778,-9.26000327546675,43.090404437292,-13.8457268356575,-17.2119067847098,2.5398113426998,0
2024,"LU14","LU14_16",56.95922,-112.29803,16,0,3,0,0,0,-0.465181609502293,-0.403860345812021,0.0489943662122865,0.00899029505274418,0.0400040711595423,0.00449209849050879,0,0,0,0,0,0,0,0,0,2023,18.5895305164319,-10.1225821596244,2022,14.4656603773585,2021,41.6170754716981,16.2434159842778,-9.26000327546675,30.6555841911857,-12.4223167610362,-12.0660536747538,2.29973460141184,0.1875
2024,"LU14","LU14_17",56.96855,-112.19186,16,0,4,0,0,0,1.32002362195407,1.28679076371634,0.137987252576641,0.0134174102774567,0.124569842299184,0.00579467387982786,0,0,0,0,0.00458598222143271,0.00123118861464506,0.00129299623467639,0.0509517515295518,0,2023,19.9384507042254,-10.2625352112676,2022,14.9807075471698,2021,43.0464622641509,16.2434159842778,-9.26000327546675,31.9187943554498,-12.5997006845225,-11.9803436512245,2.33716547325488,0.25
2024,"LU14","LU14_19",56.98159,-112.45065,17,1,4,0,1,0,-1.36598200717676,-0.107244434848711,0.0254968418993222,0.0251185341587247,0.000378307740597517,0.0251185341587247,0,0,0,0,0,0,0,0,0,2023,19.9846009389671,-10.1811737089202,2022,14.5037264150943,2021,41.9866981132075,16.2434159842778,-9.26000327546675,31.7354599697066,-12.494180978105,-11.7508590307395,2.31300726918476,0.235294117647059
2024,"LU14","LU14_20",56.97155,-112.4352,17,1,8,0,1,0,-1.00525939600243,0.368584584871806,0.0431690432528836,0.0274662667397908,0.0157027765130927,0.0238495853680048,0,0,0,0,0,0.00327786849340815,0,0,0,2023,20.1510328638498,-10.1901408450704,2022,14.6065566037736,2021,42.4772641509434,16.2434159842778,-9.26000327546675,32.0339643974993,-12.5128908250431,-11.8829315336495,2.32274997997273,0.470588235294118
2024,"LU14","LU14_250",57.02059,-112.16242,16,4,2,0,1,2,1.30424085601634,-0.116132168267461,0.0109811747728607,0.00333170969997337,0.00764946507288735,0,0,0,0,0,0,0.00333170969997337,0,0.00764946507288735,0,2023,18.4995774647887,-10.1769953051643,2022,14.330141509434,2021,40.661179245283,16.2434159842778,-9.26000327546675,30.1262426826028,-12.4504726454729,-11.6266652178141,2.27347734030859,0.125
2024,"LU14","LU14_30",57.01174,-112.49358,17,0,0,0,0,0,-0.246280658567545,-0.987551878263501,0.051122462398161,0.0347543509796865,0.0163681114184745,0.025813534033645,0,0,0,0,0.00399314879518971,0.00894081694604142,0,0,0,2023,20.8369014084507,-10.2659154929577,2022,15.6763679245283,2021,42.8008490566038,16.2434159842778,-9.26000327546675,32.3750448337095,-12.5945417965863,-11.5381434252588,2.32862630362858,0
2024,"LU14","LU14_31",57.00264,-112.47708,17,0,14,0,0,0,0.584521579751319,-0.809970815614698,0.0321253257347018,0.0311106320096222,0.00101469372507961,0.0249061341658076,0,0,0,0,0,0.00620449784381465,0,0,0,2023,20.8854460093897,-10.2653521126761,2022,14.8296698113208,2021,42.6894339622642,16.2434159842778,-9.26000327546675,32.418562702961,-12.5999605913059,-11.5331166935713,2.33460847862982,0.823529411764706
2024,"LU14","LU14_33",57.00923,-112.3383,16,0,7,0,0,0,1.1054184199562,-0.409189060922441,0.00179658431032902,0.00179658431032902,0,0,0,0,0,0,0,0.00179658431032902,0,0,0,2023,18.7829107981221,-10.1419718309859,2022,13.9293867924528,2021,39.9504245283019,16.2434159842778,-9.26000327546675,30.4744887830856,-12.4060065565611,-11.6915779849635,2.26403472557521,0.4375
2024,"LU14","LU14_37",57.01992,-112.10431,16,2,8,0,2,0,0.895273988245856,1.18906971699557,0.247131127655563,0.00336917627890236,0.243761951376661,0,0,0,0,0,0,0.00223037991683345,0,0.24363278844396,0,2023,20.4887323943662,-10.3483568075117,2022,15.7989150943396,2021,42.5952830188679,16.2434159842778,-9.26000327546675,32.2161148806403,-12.678061546436,-11.7273824862741,2.32970473892431,0.5
2024,"LU14","LU14_47",57.03347,-112.55693,17,6,8,0,3,3,0.685032627237327,-0.124766299432065,0.130993025949803,0.0354959243063765,0.0954971016434268,0.0249151567924749,0,0,0,0,0.00123932773396527,0.00984887596393487,0,0.0928682227098219,0,2023,22.1674647887324,-10.3689671361502,2022,17.2107547169811,2021,44.4122641509434,16.2434159842778,-9.26000327546675,33.6530409356139,-12.7382051670824,-11.4855761468815,2.36923803093219,0.470588235294118
2024,"LU14","LU14_48",57.03131,-112.53831,17,2,13,0,1,1,0.0049921069850689,-0.44849211285511,0.0633711672964092,0.0339825430271216,0.0293886242692876,0.025522825873495,0,0,0,0,0.00147452829093443,0.00845971715362662,0,0.0266926897712187,0,2023,21.9342253521127,-10.3514084507042,2022,17.1249056603774,2021,44.0984905660377,16.2434159842778,-9.26000327546675,33.358055436257,-12.7063563920054,-11.4238300841443,2.35494794130122,0.764705882352941
2024,"LU14","LU14_49",57.02781,-112.51659,17,4,10,0,0,1,0.296307011594241,-0.421315144662753,0.0385538186885122,0.0310361248365082,0.00751769385200391,0.0244401691318607,0,0,0,0,0.00636459835034424,0.00596650482807443,0,0,0,2023,20.7399530516432,-10.2976525821596,2022,14.9170283018868,2021,42.758679245283,16.2434159842778,-9.26000327546675,32.44313083546,-12.6315714404627,-11.7031777838168,2.33391885830304,0.588235294117647
2024,"LU14","LU14_51",57.03178,-112.43441,16,2,14,0,1,1,1.96060422310127,0.125028538400748,0.00641899958420744,0.00641899958420744,0,0,0,0,0,0,0,0.00641899958420744,0,0,0,2023,20.368779342723,-10.2660093896714,2022,14.6440566037736,2021,42.0241037735849,16.2434159842778,-9.26000327546675,32.0056524516532,-12.5708498481534,-11.6368731089302,2.30484045848202,0.875
2024,"LU14","LU14_54",57.04813,-112.59723,17,0,37,0,0,0,1.97672589352773,0.730904643487915,0.030395195465521,0.0264533143882473,0.0039418810772737,0.0244255547597973,0,0,0,0,0.0039418810772737,0.00167187296794981,0,0,0,2023,22.0322535211268,-10.3573708920188,2022,17.0620283018868,2021,44.005,16.2434159842778,-9.26000327546675,33.5048706109309,-12.724259317472,-11.4726170898041,2.36688842545326,2.17647058823529
2024,"LU14","LU14_56",57.066,-112.44809,16,1,2,0,1,0,0.73864083563538,1.09859547686436,0.0741950090674559,0.00380473332415404,0.0703902757433019,0,0,0,0,0,0,0.00380473332415404,0,0.0703902757433019,0,2023,20.5354460093897,-10.3204225352113,2022,14.3305660377358,2021,41.5414622641509,16.2434159842778,-9.26000327546675,32.0120711738013,-12.6158253494258,-11.4766251644116,2.29540281421457,0.125
2024,"LU14","LU14_61",57.056,-112.6067,17,0,2,0,0,0,1.37373355350455,1.90036256852875,0.045674153670654,0.0423144664305562,0.00335968724009774,0.0241053318095306,0,0,0,0,0.00139544562627456,0.00470747180263412,0,0,0.0131054818533729,2023,22.0870422535211,-10.3727230046948,2022,17.0465566037736,2021,43.7958962264151,16.2434159842778,-9.26000327546675,33.5623676988183,-12.7388204476766,-11.4753254452972,2.36609744298181,0.117647058823529
2024,"LU14","LU14_62",57.06214,-112.13075,16,0,2,0,0,0,-0.613189163538415,1.42241779968884,0.00706616218340101,0.00706616218340101,0,0,0,0,0,0,0,0.00706616218340101,0,0,0,2023,15.0667136150235,-10.031220657277,2022,12.6385849056604,2021,36.2625471698113,16.2434159842778,-9.26000327546675,26.553028809238,-12.2290098988164,-11.4863151942146,2.19778924153938,0.125
2024,"LU14","LU14_63",57.07264,-112.60155,17,0,22,0,0,0,2.08017377272331,0.861774198092406,0.0937151711006093,0.034544876137909,0.0591702949627002,0.0246337638872433,0,0,0,0,0.00254978787319299,0.00958844785075236,0,0.0556916603301945,0,2023,22.3518779342723,-10.4185915492958,2022,17.2646698113208,2021,43.9953301886792,16.2434159842778,-9.26000327546675,33.8907780405018,-12.7891074778195,-11.5389001062295,2.37051592852376,1.29411764705882
2024,"LU14","LU14_71",57.09972,-112.35362,16,0,6,0,0,0,1.77305070921006,0.918501979158472,0.00443316226247924,0.00443316226247924,0,0,0,0,0,0,0,0.00443316226247924,0,0,0,2023,19.9170422535211,-10.3100469483568,2022,13.9708018867925,2021,40.7365094339623,16.2434159842778,-9.26000327546675,31.3133215409998,-12.5795784828498,-11.3962792874786,2.26953153449296,0.375
2024,"LU14","LU14_72",57.09985,-112.30749,16,0,15,0,0,0,2.23559564293415,-0.155300082202185,0.00692225605633402,0.00692225605633402,0,0,0,0,0,0,0,0.00647823045713159,0,0,0,2023,19.1123943661972,-10.2432863849765,2022,14.076179245283,2021,39.1954716981132,16.2434159842778,-9.26000327546675,30.3021884176026,-12.4912924218972,-11.1897940514055,2.24800603692064,0.9375
2024,"LU14","LU14_74",57.11259,-112.29683,16,0,9,0,0,0,1.26302686704982,1.08501973447067,0.0178216255876528,0.0152731960104385,0.00254842957721429,0,0.00254842957721429,0.00254842957721429,0,0,0,0.00408401762763206,0,0,0.0108911783823723,2023,19.4614084507042,-10.3025821596244,2022,13.5942924528302,2021,39.9768867924528,16.2434159842778,-9.26000327546675,30.6999605478928,-12.5602059327559,-11.2385520971886,2.2576237731315,0.5625
2024,"LU14","LU14_75",57.13144,-112.51261,16,0,8,0,0,0,1.86165794512663,0.99178671541872,0.0254146487465439,0.000421592826803662,0.0249930559197402,0,0,0,0,0,0.00331026854408593,0.000421592826803662,0,0.0216827873756543,0,2023,23.4526291079812,-10.6415023474178,2022,16.5364150943396,2021,45.4797169811321,16.2434159842778,-9.26000327546675,35.8976234331735,-13.0248399293193,-12.4449943251923,2.38333758190143,0.5
2024,"LU14","LU14_76",57.1339,-112.31454,16,1,6,0,1,0,2.4119844278905,2.12545115431947,0,0,0,0,0,0,0,0,0,0,0,0,0,2023,19.6551643192488,-10.3526291079812,2022,13.7325,2021,40.2619811320755,16.2434159842778,-9.26000327546675,31.1068584258567,-12.6197172620291,-11.4516941066078,2.26708815404792,0.375
2024,"LU14","LU14_78",57.14869,-112.39216,16,6,0,1,3,3,2.83330839500273,-0.0557925127500562,0.00314308042417296,0.00134370657874441,0.00179937384542855,0,0,0,0,0,0.00179937384542855,0.00134370657874441,0,0,0,2023,21.3671361502347,-10.5054460093897,2022,15.2155660377358,2021,41.9957547169811,16.2434159842778,-9.26000327546675,33.1772017902684,-12.8132708581623,-11.8100656400337,2.30782484877262,0
2024,"LU14","LU14_80",57.15258,-112.14778,16,3,27,0,2,1,1.69816123376017,1.77604485147072,0.00374769444711457,0.00174090133194714,0.00200679311516743,0,0,0,0,0,0,0.00174090133194714,0,0,0,2023,16.6935211267606,-10.2335211267606,2022,11.9812264150943,2021,37.1139150943396,16.2434159842778,-9.26000327546675,28.4144842248056,-12.4597479145397,-11.720963098045,2.2262267877791,1.6875
2024,"LU14","LU14_84",57.16385,-112.20978,9,0,4,0,0,0,0.0292845611899631,1.03824952109042,0.00836249573934593,0.00711194644613765,0.00125054929320828,0,0,0,0,0,0.00125054929320828,0.0069039441324707,0,0,0,2023,19.1179812206573,-10.300234741784,2022,12.6337735849057,2021,38.6936320754717,16.2434159842778,-9.26000327546675,29.6992146037926,-12.5472763697749,-10.5812333831353,2.24704162799084,0.444444444444444
2024,"LU14","LU14_85",57.17165,-112.5036,16,0,6,0,0,0,1.21082802339149,3.04061057015565,0.0541806381003176,0.0361932700260796,0.017987368074238,0,0,0,0,0,0.0107895917010761,0.0146216888411722,0.0177873175208832,0,0,2023,24.1308920187793,-10.8024882629108,2022,17.690141509434,2021,46.4773113207547,16.2434159842778,-9.26000327546675,37.7563446452795,-13.2057373694883,-13.6254526265001,2.4032491065775,0.375
2024,"LU14","LU14_86",57.16994,-112.28728,16,4,7,0,4,0,1.95061330166055,0.62635714750762,0,0,0,0,0,0,0,0,0,0,0,0,0,2023,20.9761502347418,-10.5220187793427,2022,14.7342924528302,2021,41.5385849056604,16.2434159842778,-9.26000327546675,32.5836629483872,-12.8303946766915,-11.6075127136454,2.30837589734876,0.4375
2024,"LU14","LU14_88",57.19172,-112.46383,16,1,7,0,0,0,0.771078245977424,0.963789151887766,0.112745920389964,0.0632223349128805,0.0495235854770831,0,0,0,0,0,0.0235088384033838,0.0139469921797261,0.0430413031971451,0.0260147470736993,0.0025538059399007,2023,24.5868544600939,-10.8734741784038,2022,16.9217452830189,2021,47.0278773584906,16.2434159842778,-9.26000327546675,38.2685287276786,-13.2760174229076,-13.6816742675848,2.40254324450384,0.4375
2024,"LU14","LU14_91",57.18819,-112.12025,16,0,7,0,0,0,1.28238694717118,1.23238100218592,0.00130056336445957,0.00130056336445957,0,0,0,0,0,0,0,0.00130056336445957,0,0,0,2023,16.7335680751174,-10.2756807511737,2022,11.9543867924528,2021,37.5245283018868,16.2434159842778,-9.26000327546675,28.7258142050447,-12.5118836973374,-11.9922461299273,2.23620294616367,0.4375
2024,"LU14","LU14_92",57.19552,-112.49829,16,2,10,0,1,1,-0.517913370046967,1.33800466354785,0.0643064098388328,0.0478871617515713,0.0164192480872615,0,0,0,0,0,0.00887640036749848,0.0104334513729771,0.0309330075523664,0.00552778304474752,0,2023,24.6658215962441,-10.8657746478873,2022,17.9299528301887,2021,46.933679245283,16.2434159842778,-9.26000327546675,38.3211210531243,-13.273157683361,-13.6552994568802,2.40738303547367,0.625
2024,"LU14","LU14_96",57.19223,-112.2138,16,3,13,0,1,2,1.91797124242762,-0.263496707627981,0.00831300900473502,0.00485066505278744,0.00346234395194758,0,0,0,0,0,0.00142490987574603,0.00281687339983366,0,0,0,2023,21.14,-10.5115492957746,2022,13.39,2021,41.5220754716981,16.2434159842778,-9.26000327546675,32.3886509314505,-12.8213682981672,-11.2486509314505,2.30981900239255,0.8125
2024,"LU14","LU14_97",57.21857,-112.54814,16,1,5,0,1,0,0.818414340763393,0.147582552226868,0.0123353924093946,0.00313064165394138,0.00920475075545325,0,0,0,0,0,0.00920475075545325,0.00115094210456457,0,0,0.00124898991867005,2023,24.0862441314554,-10.9196244131455,2022,16.8265094339623,2021,48.2367452830189,16.2434159842778,-9.26000327546675,39.1326886786728,-13.341171133617,-15.0464445472174,2.42154672047143,0.3125
2022,"LU15","LU15_01",56.13297,-113.01591,2,0,2,0,0,0,-1.11354220354841,0.128666564284744,0.193320971,0.087255116,0.106065855,0.027715266,0.011704603,0.002191861,0,0.004578704,0.008014799,0.013394066,0,0,0.046145784,2021,34.9757547169811,-12.4685849056604,2020,27.5610426540284,2019,27.159014084507,38.0779451513822,-12.7932833479596,27.5186841685193,-11.4167689422993,7.45707054846182,-1.0518159633611,1
2023,"LU15","LU15_01",56.13297,-113.01591,14,0,4,0,0,0,-1.11354220354841,0.128666564284744,0.193320971,0.087255116,0.106065855,0.027715266,0.011704603,0.002191861,0,0.004578704,0.008014799,0.013394066,0,0,0.046145784,2022,11.4201886792453,-11.5357075471698,2021,34.9757547169811,2020,27.5610426540284,13.6092764370338,-11.9164168494954,26.718125136799,-11.6035148695495,-15.2979364575537,0.0678073223796449,0.285714285714286
2023,"LU15","LU15_02",56.13453,-112.92681,14,0,9,0,0,0,-1.73071650344453,0.028718423231183,0.117473882,0.050781991,0.066691891,0.020024137,0.01466181,0,0,0.01466181,0.005099077,0.007561621,0,0,0.023196233,2022,11.3215094339623,-11.5277830188679,2021,34.6665566037736,2020,27.1547867298578,13.6092764370338,-11.9164168494954,26.5543609815047,-11.5801273722206,-15.2328515475425,0.0523443533526304,0.642857142857143
2022,"LU15","LU15_02",56.13453,-112.92681,2,0,0,0,0,0,-1.73071650344453,0.028718423231183,0.117473882,0.050781991,0.066691891,0.020024137,0.01466181,0,0,0.01466181,0.005099077,0.007561621,0,0,0.023196233,2021,34.6665566037736,-12.4555660377358,2020,27.1547867298578,2019,26.5867136150235,38.0779451513822,-12.7932833479596,27.398389359894,-11.390350256122,7.2681672438796,-1.06521578161383,0
2023,"LU15","LU15_03",56.17757,-113.04402,14,3,0,2,0,0,-0.0456344345147571,2.09503523756599,0.241532622,0.08385496,0.157677662,0.020088209,0.019671347,0,0,0.01564645,0,0.018409512,0,0,0.045357239,2022,12.4817452830189,-11.6575943396226,2021,36.2777830188679,2020,30.1189099526066,13.6092764370338,-11.9164168494954,27.8474762231703,-11.7346872369572,-15.3657309401514,0.0770928973345288,0
2022,"LU15","LU15_03",56.17757,-113.04402,2,0,1,0,0,0,-0.0456344345147571,2.09503523756599,0.241532622,0.08385496,0.157677662,0.020088209,0.019671347,0,0,0.01564645,0,0.018409512,0,0,0.045357239,2021,36.2777830188679,-12.6104716981132,2020,30.1189099526066,2019,28.1564788732394,38.0779451513822,-12.7932833479596,28.6172151282992,-11.550539736172,7.66056789056876,-1.0599319619412,0.5
2023,"LU15","LU15_04",56.17984,-112.92477,14,0,4,0,0,0,-1.94172772303418,-0.00312616435789725,0.159817573,0.07650417,0.083313403,0.018541054,0.027841893,0,0,0.027841893,0.00365536,0.013077041,0,0,0.044749377,2022,11.8371698113208,-11.5474528301887,2021,35.8039150943396,2020,28.6232227488152,13.6092764370338,-11.9164168494954,27.2511531374084,-11.6045315673152,-15.4139833260876,0.0570787371264903,0.285714285714286
2022,"LU15","LU15_04",56.17984,-112.92477,2,0,2,0,0,0,-1.94172772303418,-0.00312616435789725,0.159817573,0.07650417,0.083313403,0.018541054,0.027841893,0,0,0.027841893,0.00365536,0.013077041,0,0,0.044749377,2021,35.8039150943396,-12.4810377358491,2020,28.6232227488152,2019,27.1968075117371,38.0779451513822,-12.7932833479596,28.0486020619447,-11.4133802856975,7.75531303239487,-1.06765745015155,1
2022,"LU15","LU15_07",56.2118,-112.98846,2,0,0,0,0,0,-1.41327601467796,-0.104724515084592,0.148038927,0.044947494,0.103091433,0.015947047,0.015876657,0,0,0.015876657,0,0.007789127,0,0,0.02121132,2021,37.7498113207547,-12.7579716981132,2020,31.6830805687204,2019,28.8967136150235,38.0779451513822,-12.7932833479596,29.8254658877231,-11.6723028947015,7.92434543303164,-1.08566880341171,0
2023,"LU15","LU15_07",56.2118,-112.98846,14,1,4,0,0,1,-1.41327601467796,-0.104724515084592,0.148038927,0.044947494,0.103091433,0.015947047,0.015876657,0,0,0.015876657,0,0.007789127,0,0,0.02121132,2022,11.9967452830189,-11.7900471698113,2021,37.7498113207547,2020,31.6830805687204,13.6092764370338,-11.9164168494954,28.9587466155434,-11.8583933971214,-16.9620013325245,0.068346227310073,0.285714285714286
2023,"LU15","LU15_08",56.215085,-112.806392,14,9,5,0,5,4,-1.99231771579342,-0.141361133459605,0.064737853,0.026656314,0.038081539,0.008573108,0.010302786,0,0,0.010302786,0.00036597,0.005318402,0,0,0.012764804,2022,12.6533018867925,-11.6168396226415,2021,39.2371698113208,2020,28.1954976303318,13.6092764370338,-11.9164168494954,28.8055321797166,-11.6739445507477,-16.1522302929241,0.0571049281061899,0.357142857142857
2022,"LU15","LU15_08",56.215085,-112.806392,2,1,0,0,0,0,-1.99231771579342,-0.141361133459605,0.064737853,0.026656314,0.038081539,0.008573108,0.010302786,0,0,0.010302786,0.00036597,0.005318402,0,0,0.012764804,2021,39.2371698113208,-12.5690094339623,2020,28.1954976303318,2019,29.2184037558685,38.0779451513822,-12.7932833479596,29.4324151067815,-11.4806339064359,9.80475470453922,-1.08837552752641,0
2023,"LU15","LU15_09",56.21596,-112.97829,14,1,2,0,1,0,-1.73281268529958,-0.0329099845750362,0.110596578,0.044032843,0.066563735,0.014745106,0.01005837,0,0,0.01005837,0,0.006389239,0,0,0.022898498,2022,11.9967452830189,-11.7900471698113,2021,37.7498113207547,2020,31.6830805687204,13.6092764370338,-11.9164168494954,28.9587466155434,-11.8583933971214,-16.9620013325245,0.068346227310073,0.142857142857143
2022,"LU15","LU15_09",56.21596,-112.97829,2,0,0,0,0,0,-1.73281268529958,-0.0329099845750362,0.110596578,0.044032843,0.066563735,0.014745106,0.01005837,0,0,0.01005837,0,0.006389239,0,0,0.022898498,2021,37.7498113207547,-12.7579716981132,2020,31.6830805687204,2019,28.8967136150235,38.0779451513822,-12.7932833479596,29.8254658877231,-11.6723028947015,7.92434543303164,-1.08566880341171,0
2023,"LU15","LU15_10",56.21595,-112.9125,14,10,22,9,6,6,-1.74943031357166,-0.143618634181135,0.137656832,0.046217611,0.091439221,0.013678844,0.016808491,0,0,0.016808491,0,0.003995605,0,0,0.028543162,2022,13.1271698113208,-11.6587735849057,2021,40.0256603773585,2020,27.0372511848341,13.6092764370338,-11.9164168494954,28.8437449458088,-11.7206322201948,-15.7165751344881,0.0618586352890915,1.57142857142857
2022,"LU15","LU15_10",56.21595,-112.9125,2,2,4,0,0,0,-1.74943031357166,-0.143618634181135,0.137656832,0.046217611,0.091439221,0.013678844,0.016808491,0,0,0.016808491,0,0.003995605,0,0,0.028543162,2021,40.0256603773585,-12.6115566037736,2020,27.0372511848341,2019,28.2428638497653,38.0779451513822,-12.7932833479596,29.598897668894,-11.5304065379135,10.4267627084645,-1.08115006586006,2
2022,"LU15","LU15_11",56.21214,-112.83254,2,0,0,0,0,0,-1.90686296544065,-0.120168375698285,0.097543402,0.042538628,0.055004774,0.013578295,0.016725293,0,0,0.016725293,0,0.006835444,0,0,0.022124889,2021,38.6743396226415,-12.5044339622642,2020,27.5665402843602,2019,28.3769483568075,38.0779451513822,-12.7932833479596,28.9199632193727,-11.4236729362624,9.7543764032688,-1.08076102600172,0
2023,"LU15","LU15_11",56.21214,-112.83254,14,0,1,0,0,0,-1.90686296544065,-0.120168375698285,0.097543402,0.042538628,0.055004774,0.013578295,0.016725293,0,0,0.016725293,0,0.006835444,0,0,0.022124889,2022,12.4677358490566,-11.5639622641509,2021,38.6743396226415,2020,27.5665402843602,13.6092764370338,-11.9164168494954,28.1634791117539,-11.6178018147363,-15.6957432626973,0.0538395505853071,0.0714285714285714
2022,"LU15","LU15_12",56.17937,-112.82142,2,0,0,0,0,0,-1.65971659217581,-0.164522498482442,0.168730942,0.059993789,0.108737153,0.016425888,0.016337346,0,0,0.016337346,0.001856746,0.003155389,0,0,0.038620771,2021,37.9121698113208,-12.4854245283019,2020,25.7897156398104,2019,27.9999530516432,38.0779451513822,-12.7932833479596,28.313832650097,-11.4014857008319,9.59833716122373,-1.08393882747001,0
2022,"LU15","LU15_14",56.16916,-113.07427,2,1,1,0,1,0,-0.208855860592849,0.34665766123533,0.198603865,0.068634674,0.129969191,0.016908532,0.008862737,0,0,0.004522455,0.002549826,0.01746049,0,0,0.034172152,2021,37.085,-12.7174528301887,2020,30.4069668246445,2019,28.8778403755869,38.0779451513822,-12.7932833479596,29.2285566798944,-11.6517798886022,7.8564433201056,-1.0656729415865,0.5
2023,"LU15","LU15_14",56.16916,-113.07427,14,13,2,6,7,6,-0.208855860592849,0.34665766123533,0.198603865,0.068634674,0.129969191,0.016908532,0.008862737,0,0,0.004522455,0.002549826,0.01746049,0,0,0.034172152,2022,13.1937735849057,-11.7418396226415,2021,37.085,2020,30.4069668246445,13.6092764370338,-11.9164168494954,28.5053273899178,-11.831174613153,-15.3115538050122,0.0893349905115191,0.142857142857143
2022,"LU15","LU15_15",56.1834,-113.06137,2,1,0,0,0,1,0.0970347640983152,1.79246256605165,0.272047447,0.07781697,0.194230477,0.027372109,0.013424192,0,0,0.006817618,0,0.015285571,0,0,0.03515929,2021,37.3159433962264,-12.7219811320755,2020,31.7325118483412,2019,28.9099530516432,38.0779451513822,-12.7932833479596,29.4981572512337,-11.6531301138484,7.81778614499273,-1.06885101822705,0
2023,"LU15","LU15_15",56.1834,-113.06137,14,9,2,0,3,9,0.0970347640983152,1.79246256605165,0.272047447,0.07781697,0.194230477,0.027372109,0.013424192,0,0,0.006817618,0,0.015285571,0,0,0.03515929,2022,13.2159433962264,-11.747641509434,2021,37.3159433962264,2020,31.7325118483412,13.6092764370338,-11.9164168494954,28.7811644827302,-11.8338589407837,-15.5652210865037,0.0862174313497697,0.142857142857143
2022,"LU15","LU15_16",56.17765,-112.76156,2,0,2,0,0,0,-1.52985330680618,-0.473482765898291,0.130800618,0.081122222,0.049678396,0.020048057,0.023413932,0,0,0.023413932,0,0.006906721,0.023260646,0,0.030554719,2021,37.6684433962264,-12.4372641509434,2020,26.9895734597156,2019,28.8407981220657,38.0779451513822,-12.7932833479596,28.489535550634,-11.3554684826815,9.17890784559241,-1.08179566826194,1
2023,"LU15","LU15_16",56.17765,-112.76156,14,3,5,0,1,2,-1.52985330680618,-0.473482765898291,0.130800618,0.081122222,0.049678396,0.020048057,0.023413932,0,0,0.023413932,0,0.006906721,0.023260646,0,0.030554719,2022,11.9505188679245,-11.4956132075472,2021,37.6684433962264,2020,26.9895734597156,13.6092764370338,-11.9164168494954,27.7314137063608,-11.5521972975374,-15.7808948384363,0.0565840899902597,0.357142857142857
2023,"LU15","LU15_17",56.1792,-112.74088,14,0,0,0,0,0,-0.180507989239235,-1.84474455253005,0.088327617,0.07327149,0.015056127,0.012985612,0.004603549,0,0,0,0.002573309,0.009774087,0.024802321,0,0.02570947,2022,11.9144339622641,-11.4839622641509,2021,37.4921698113208,2020,27.0499052132701,13.6092764370338,-11.9164168494954,27.6957581529133,-11.5419717863324,-15.7813241906491,0.0580095221815,0
2022,"LU15","LU15_17",56.1792,-112.74088,2,0,0,0,0,0,-0.180507989239235,-1.84474455253005,0.088327617,0.07327149,0.015056127,0.012985612,0.004603549,0,0,0,0.002573309,0.009774087,0.024802321,0,0.02570947,2021,37.4921698113208,-12.4274528301887,2020,27.0499052132701,2019,28.6783568075117,38.0779451513822,-12.7932833479596,28.3458202809703,-11.3446077392713,9.14634953035041,-1.08284509091733,0
2022,"LU15","LU15_18",56.21154,-112.93424,2,0,2,0,0,0,-1.5553617980292,0.241116235464627,0.128639264,0.057381113,0.071258151,0.016262149,0.013160587,0,0,0.013160587,2.85e-05,0.009732313,0,0,0.031386651,2021,37.5755660377358,-12.6246698113208,2020,27.0428909952607,2019,28.2679342723005,38.0779451513822,-12.7932833479596,29.043061070991,-11.5436132928658,8.5325049667448,-1.08105651845492,1
2023,"LU15","LU15_18",56.21154,-112.93424,14,1,13,0,1,0,-1.5553617980292,0.241116235464627,0.128639264,0.057381113,0.071258151,0.016262149,0.013160587,0,0,0.013160587,2.85e-05,0.009732313,0,0,0.031386651,2022,12.0330660377358,-11.672358490566,2021,37.5755660377358,2020,27.0428909952607,13.6092764370338,-11.9164168494954,28.2172365153093,-11.7337252683206,-16.1841704775735,0.0613667777545857,0.928571428571429
2022,"LU15","LU15_19",56.2124,-112.85681,2,0,0,0,0,0,-1.95197696553015,-0.0131749258194216,0.11756071,0.046475487,0.071085223,0.014442302,0.015765303,0,0,0.015765303,0.003411362,0.010120596,0,0,0.021912589,2021,38.0905188679245,-12.4951886792453,2020,27.3209004739336,2019,28.1203755868545,38.0779451513822,-12.7932833479596,28.7997071143364,-11.4151520182664,9.29081175358809,-1.08003666097888,0
2023,"LU15","LU15_19",56.2124,-112.85681,14,0,1,0,0,0,-1.95197696553015,-0.0131749258194216,0.11756071,0.046475487,0.071085223,0.014442302,0.015765303,0,0,0.015765303,0.003411362,0.010120596,0,0,0.021912589,2022,12.7981132075472,-11.5568396226415,2021,38.0905188679245,2020,27.3209004739336,13.6092764370338,-11.9164168494954,28.0822585924447,-11.6096064952714,-15.2841453848975,0.0527668726298582,0.0714285714285714
2022,"LU15","LU15_20",56.21454,-113.06107,2,2,0,0,2,1,0.710412156684362,-1.45883342074402,0.165640815,0.052784412,0.112856403,0.016417162,0.007087021,0,0,0.007087021,0.000782301,0.017771852,0,0,0.018595398,2021,39.1806603773585,-12.9450471698113,2020,33.4726066350711,2019,31.4313145539906,38.0779451513822,-12.7932833479596,31.1820677054286,-11.8659741536917,7.9985926719299,-1.07907301611964,0
2023,"LU15","LU15_20",56.21454,-113.06107,14,6,14,0,2,4,0.710412156684362,-1.45883342074402,0.165640815,0.052784412,0.112856403,0.016417162,0.007087021,0,0,0.007087021,0.000782301,0.017771852,0,0,0.018595398,2022,12.8452358490566,-11.9310377358491,2021,39.1806603773585,2020,33.4726066350711,13.6092764370338,-11.9164168494954,30.2574561970415,-12.0418516772665,-17.4122203479849,0.110813941417467,1
2022,"LU15","LU15_21",56.21711,-113.01251,2,0,0,0,0,0,-0.383404825211313,-0.396099067528543,0.140407672,0.046290092,0.09411758,0.015211282,0.012086981,0,0,0.012086981,0.001251269,0.010159613,0,0,0.020919197,2021,38.6991037735849,-12.9058018867925,2020,32.6032227488152,2019,29.9732863849765,38.0779451513822,-12.7932833479596,30.7184627497861,-11.8093080560706,7.98064102379881,-1.09649383072189,0
2023,"LU15","LU15_21",56.21711,-113.01251,14,2,10,1,0,1,-0.383404825211313,-0.396099067528543,0.140407672,0.046290092,0.09411758,0.015211282,0.012086981,0,0,0.012086981,0.001251269,0.010159613,0,0,0.020919197,2022,12.7797641509434,-11.9081603773585,2021,38.6991037735849,2020,32.6032227488152,13.6092764370338,-11.9164168494954,29.8016722095176,-11.9898791872602,-17.0219080585742,0.0817188099017283,0.714285714285714
2022,"LU15","LU15_22",56.39488,-112.88847,2,1,0,0,0,1,-1.55781379761796,0.287754399881161,0.21090945,0.077409697,0.133499753,0.009799764,0.028524777,0,0,0.011893277,0.001852159,0.000115422,0.041099477,0,0.011442478,2021,42.0666509433962,-12.9856132075472,2020,30.8452606635071,2019,33.4845539906103,38.0779451513822,-12.7932833479596,32.7536392068604,-11.8912722000755,9.31301173653581,-1.09434100747167,0
2023,"LU15","LU15_22",56.39488,-112.88847,14,9,9,4,4,4,-1.55781379761796,0.287754399881161,0.21090945,0.077409697,0.133499753,0.009799764,0.028524777,0,0,0.011893277,0.001852159,0.000115422,0.041099477,0,0.011442478,2022,13.9248113207547,-11.9653773584906,2021,42.0666509433962,2020,30.8452606635071,13.6092764370338,-11.9164168494954,32.1427961899252,-12.0761400521278,-18.2179848691705,0.110762693637213,0.642857142857143
2022,"LU15","LU15_23",56.20251,-113.05704,2,0,1,0,0,0,-1.51639556012368,0.168885179029873,0.150101512,0.047001741,0.103099771,0.018362053,0.014845172,0,0,0.014845172,0,0.013025211,0,0,0.015614477,2021,38.2057547169811,-12.8168396226415,2020,32.2145023696682,2019,29.6405164319249,38.0779451513822,-12.7932833479596,30.2391375810351,-11.7420320578355,7.96661713594605,-1.07480756480603,0.5
2023,"LU15","LU15_23",56.20251,-113.05704,14,5,4,0,0,5,-1.51639556012368,0.168885179029873,0.150101512,0.047001741,0.103099771,0.018362053,0.014845172,0,0,0.014845172,0,0.013025211,0,0,0.015614477,2022,13.0355660377358,-11.8258490566038,2021,38.2057547169811,2020,32.2145023696682,13.6092764370338,-11.9164168494954,29.4212953130188,-11.9208565772792,-16.3857292752829,0.0950075206754164,0.285714285714286
2022,"LU15","LU15_24",56.21198,-113.04411,2,1,0,0,1,0,-0.585597750906681,-0.983409653140437,0.156469255,0.060882123,0.095587132,0.019374521,0.011311933,0,0,0.00730778,0,0.012469647,0,0,0.028017313,2021,38.8860377358491,-12.9207547169811,2020,32.6409004739336,2019,30.0406572769953,38.0779451513822,-12.7932833479596,30.766219181327,-11.832383201493,8.11981855452203,-1.08837151548813,0
2023,"LU15","LU15_24",56.21198,-113.04411,14,5,16,2,1,3,-0.585597750906681,-0.983409653140437,0.156469255,0.060882123,0.095587132,0.019374521,0.011311933,0,0,0.00730778,0,0.012469647,0,0,0.028017313,2022,12.7885849056604,-11.9138679245283,2021,38.8860377358491,2020,32.6409004739336,13.6092764370338,-11.9164168494954,29.8425950178211,-12.0100331664629,-17.0540101121607,0.0961652419346191,1.14285714285714
2022,"LU15","LU15_25",56.21123,-112.96203,2,0,0,0,0,0,-0.938682927714965,0.329396526329874,0.119607232,0.046649848,0.072957384,0.016509862,0.014242879,0.001449123,0,0.012793756,0,0.009434044,0,0,0.020705942,2021,37.3586320754717,-12.6417924528302,2020,31.1310426540284,2019,28.3132863849765,38.0779451513822,-12.7932833479596,29.1919719393755,-11.5654438105877,8.16666013609615,-1.07634864224244,0
2023,"LU15","LU15_25",56.21123,-112.96203,14,0,2,0,0,0,-0.938682927714965,0.329396526329874,0.119607232,0.046649848,0.072957384,0.016509862,0.014242879,0.001449123,0,0.012793756,0,0.009434044,0,0,0.020705942,2022,12.1754716981132,-11.6930188679245,2021,37.3586320754717,2020,31.1310426540284,13.6092764370338,-11.9164168494954,28.3805487518801,-11.7547408736983,-16.2050770537669,0.0617220057737313,0.142857142857143
2022,"LU15","LU15_26",56.13686,-113.00198,2,1,0,0,0,1,-0.886034022702391,0.609240533100794,0.155855615,0.061994933,0.093860682,0.01889048,0.009108915,0,0,0.009108915,0,0.009431677,0,0,0.03319188,2021,35.1095283018868,-12.4806132075472,2020,27.4413744075829,2019,26.6531924882629,38.0779451513822,-12.7932833479596,27.54364452091,-11.425216348274,7.56588378097677,-1.05539685927313,0
2023,"LU15","LU15_26",56.13686,-113.00198,14,0,3,0,0,0,-0.886034022702391,0.609240533100794,0.155855615,0.061994933,0.093860682,0.01889048,0.009108915,0,0,0.009108915,0,0.009431677,0,0,0.03319188,2022,11.4548113207547,-11.5464622641509,2021,35.1095283018868,2020,27.4413744075829,13.6092764370338,-11.9164168494954,26.7516662073465,-11.6129527811653,-15.2968548865918,0.0664905170143282,0.214285714285714
2022,"LU15","LU15_27",56.13768,-112.9838,2,0,1,0,0,0,-0.472980507443902,-0.0719466079563189,0.147484943,0.063570135,0.083914808,0.02022511,0.012511714,0,0,0.012511714,0,0.008221385,0,0,0.033321951,2021,34.4571698113208,-12.4629245283019,2020,27.2531279620853,2019,26.4866666666667,38.0779451513822,-12.7932833479596,27.3200277465044,-11.4054160752467,7.13714206481631,-1.05750845305521,0.5
2023,"LU15","LU15_27",56.13768,-112.9838,14,0,20,0,0,0,-0.472980507443902,-0.0719466079563189,0.147484943,0.063570135,0.083914808,0.02022511,0.012511714,0,0,0.012511714,0,0.008221385,0,0,0.033321951,2022,11.3001886792453,-11.5301886792453,2021,34.4571698113208,2020,27.2531279620853,13.6092764370338,-11.9164168494954,26.522563038301,-11.5943192714393,-15.2223743590557,0.064130592193985,1.42857142857143
2022,"LU15","LU15_28",56.13708,-112.94679,2,0,0,0,0,0,-1.73748453637595,-0.313832906369877,0.152715666,0.059752767,0.092962899,0.020512866,0.018194729,0,0,0.018194729,0.002549553,0.010894589,0,0,0.028345312,2021,34.5287735849057,-12.4483962264151,2020,27.1097630331754,2019,26.4741784037559,38.0779451513822,-12.7932833479596,27.2867538846328,-11.3852113646411,7.24201970027291,-1.06318486177403,0
2023,"LU15","LU15_28",56.13708,-112.94679,14,0,0,0,0,0,-1.73748453637595,-0.313832906369877,0.152715666,0.059752767,0.092962899,0.020512866,0.018194729,0,0,0.018194729,0.002549553,0.010894589,0,0,0.028345312,2022,11.3228301886792,-11.5197641509434,2021,34.5287735849057,2020,27.1097630331754,13.6092764370338,-11.9164168494954,26.4750436115592,-11.5750874910393,-15.15221342288,0.0553233400958533,0
2022,"LU15","LU15_29",56.13785,-112.91135,2,0,0,0,0,0,-1.70819703037595,-0.174022431414999,0.10677126,0.047074066,0.059697194,0.019515261,0.012762378,0,0,0.012762378,0.002549523,0.005120389,0,0,0.022438416,2021,34.8132075471698,-12.4638679245283,2020,27.214644549763,2019,26.6797183098592,38.0779451513822,-12.7932833479596,27.7000262449837,-11.3946193027081,7.11318130218612,-1.06924862182015,0
2023,"LU15","LU15_29",56.13785,-112.91135,14,0,3,0,0,0,-1.70819703037595,-0.174022431414999,0.10677126,0.047074066,0.059697194,0.019515261,0.012762378,0,0,0.012762378,0.002549523,0.005120389,0,0,0.022438416,2022,11.3618396226415,-11.5347169811321,2021,34.8132075471698,2020,27.214644549763,13.6092764370338,-11.9164168494954,26.850948925147,-11.584454862666,-15.4891093025055,0.0497378815338774,0.214285714285714
2023,"LU15","LU15_30",56.13825,-112.88976,14,1,1,0,1,0,-1.69739331183687,-0.355501597706217,0.108179017,0.04221801,0.065961007,0.019306319,0.011309289,0,0,0.011309289,0,0.000744172,0,0,0.022167519,2022,11.3574528301887,-11.5316037735849,2021,34.7705188679245,2020,27.594691943128,13.6092764370338,-11.9164168494954,26.87205413478,-11.5783879549316,-15.5146013045913,0.0467841813466876,0.0714285714285714
2022,"LU15","LU15_30",56.13825,-112.88976,2,0,0,0,0,0,-1.69739331183687,-0.355501597706217,0.108179017,0.04221801,0.065961007,0.019306319,0.011309289,0,0,0.011309289,0,0.000744172,0,0,0.022167519,2021,34.7705188679245,-12.4603773584906,2020,27.594691943128,2019,26.7291079812207,38.0779451513822,-12.7932833479596,27.7250129683992,-11.3874739114943,7.04550589952533,-1.07290344699627,0
2022,"LU15","LU15_31",56.1382,-112.87377,2,1,0,0,0,1,-1.72398864942796,-0.307999691934022,0.112856073,0.047744811,0.065111262,0.019802559,0.011752529,0,0,0.011752529,0,0.004247891,0,0,0.023694361,2021,34.7802358490566,-12.4506132075472,2020,27.8606161137441,2019,26.8984976525822,38.0779451513822,-12.7932833479596,27.8152279651424,-11.3740650420397,6.96500788391425,-1.07654816550745,0
2023,"LU15","LU15_31",56.1382,-112.87377,14,0,0,0,0,0,-1.72398864942796,-0.307999691934022,0.112856073,0.047744811,0.065111262,0.019802559,0.011752529,0,0,0.011752529,0,0.004247891,0,0,0.023694361,2022,11.4574528301887,-11.5225,2021,34.7802358490566,2020,27.8606161137441,13.6092764370338,-11.9164168494954,26.9665798442846,-11.5664348670504,-15.5091270140959,0.0439348670503872,0
2022,"LU15","LU15_32",56.1378,-112.85918,2,0,3,0,0,0,-1.67702337366579,-0.457553324754246,0.11272945,0.049994132,0.062735318,0.01952537,0.008000446,0,0,0.008000446,0,0.005806965,0,0,0.024661797,2021,35.4060377358491,-12.4130188679245,2020,27.7063033175355,2019,26.9831924882629,38.0779451513822,-12.7932833479596,27.8480619899176,-11.3337814362839,7.5579757459315,-1.07923743164059,1.5
2023,"LU15","LU15_32",56.1378,-112.85918,14,2,4,0,2,0,-1.67702337366579,-0.457553324754246,0.11272945,0.049994132,0.062735318,0.01952537,0.008000446,0,0,0.008000446,0,0.005806965,0,0,0.024661797,2022,12.0081132075472,-11.488679245283,2021,35.4060377358491,2020,27.7063033175355,13.6092764370338,-11.9164168494954,27.0877240100659,-11.5278952558509,-15.0796108025187,0.0392160105678361,0.285714285714286
2022,"LU15","LU15_34",56.1777,-112.99898,2,0,0,0,0,0,0.278256955504137,0.134062708030598,0.143932733,0.07560665,0.068326083,0.017264988,0.012162346,0,0,0.012162346,0,0.018933351,0,0,0.039408311,2021,36.0517452830189,-12.5757547169811,2020,29.8727962085308,2019,27.962676056338,38.0779451513822,-12.7932833479596,28.4069682782678,-11.5147249084594,7.64477700475109,-1.06102980852171,0
2023,"LU15","LU15_34",56.1777,-112.99898,14,0,1,0,0,0,0.278256955504137,0.134062708030598,0.143932733,0.07560665,0.068326083,0.017264988,0.012162346,0,0,0.012162346,0,0.018933351,0,0,0.039408311,2022,11.9646698113208,-11.6343396226415,2021,36.0517452830189,2020,29.8727962085308,13.6092764370338,-11.9164168494954,27.5913065923144,-11.7018116944699,-15.6266367809937,0.0674720718284334,0.0714285714285714
2022,"LU15","LU15_36",56.17767,-112.95157,2,0,0,0,0,0,-1.51984365041259,-0.344382644105796,0.179469678,0.074549368,0.10492031,0.019787563,0.0154729,0,0,0.0154729,0.003959531,0.013924968,0,0,0.040578521,2021,35.919858490566,-12.5272169811321,2020,28.8445497630332,2019,27.1952112676056,38.0779451513822,-12.7932833479596,28.026901898971,-11.4601261907164,7.89295659159502,-1.06709079041572,0
2023,"LU15","LU15_36",56.17767,-112.95157,14,0,1,0,0,0,-1.51984365041259,-0.344382644105796,0.179469678,0.074549368,0.10492031,0.019787563,0.0154729,0,0,0.0154729,0.003959531,0.013924968,0,0,0.040578521,2022,11.8965094339623,-11.5881603773585,2021,35.919858490566,2020,28.8445497630332,13.6092764370338,-11.9164168494954,27.229243558994,-11.6505436727383,-15.3327341250318,0.0623832953797887,0.0714285714285714
2022,"LU15","LU15_37",56.1802,-112.86945,2,0,0,0,0,0,-1.39877374096636,-0.42612071980518,0.17127535,0.075041897,0.096233453,0.017868399,0.01788597,0,0,0.01788597,0,0.008860563,0,0,0.048312935,2021,38.6691509433962,-12.4930660377358,2020,25.1629857819905,2019,27.5005633802817,38.0779451513822,-12.7932833479596,28.3954638397698,-11.414262316697,10.2736871036265,-1.07880372103883,0
2023,"LU15","LU15_37",56.1802,-112.86945,14,0,0,0,0,0,-1.39877374096636,-0.42612071980518,0.17127535,0.075041897,0.096233453,0.017868399,0.01788597,0,0,0.01788597,0,0.008860563,0,0,0.048312935,2022,13.2383490566038,-11.5577830188679,2021,38.6691509433962,2020,25.1629857819905,13.6092764370338,-11.9164168494954,27.7381690677068,-11.6072831374477,-14.4998200111031,0.049500118579779,0
2022,"LU15","LU15_40",56.18027,-112.73063,2,0,0,0,0,0,0.336831527645914,-2.12990083568394,0.074455252,0.070024603,0.004430649,0.008047534,0.003179645,0,0,0,0.001251004,0.009717963,0.026946955,0,0.025312151,2021,37.8165094339623,-12.4335377358491,2020,28.4949289099526,2019,28.937558685446,38.0779451513822,-12.7932833479596,28.6464049970252,-11.3470549962676,9.17010443693707,-1.08648273958144,0
2023,"LU15","LU15_40",56.18027,-112.73063,14,1,0,0,0,1,0.336831527645914,-2.12990083568394,0.074455252,0.070024603,0.004430649,0.008047534,0.003179645,0,0,0,0.001251004,0.009717963,0.026946955,0,0.025312151,2022,11.951179245283,-11.4895283018868,2021,37.8165094339623,2020,28.4949289099526,13.6092764370338,-11.9164168494954,28.01952116401,-11.5447842016888,-16.0683419187269,0.0552558998020309,0
2022,"LU15","LU15_41",56.19308,-113.05862,2,0,1,0,0,0,-0.321937307848196,0.68533963657603,0.140495814,0.045630235,0.094865579,0.018769975,0.011633959,0,0,0.011515526,0,0.012081456,0,0,0.014778804,2021,37.7106603773585,-12.7730660377358,2020,31.9890995260664,2019,29.328544600939,38.0779451513822,-12.7932833479596,29.9566665937708,-11.6993462514878,7.75399378358767,-1.07371978624802,0.5
2023,"LU15","LU15_41",56.19308,-113.05862,14,8,3,0,1,8,-0.321937307848196,0.68533963657603,0.140495814,0.045630235,0.094865579,0.018769975,0.011633959,0,0,0.011515526,0,0.012081456,0,0,0.014778804,2022,13.3471226415094,-11.7898113207547,2021,37.7106603773585,2020,31.9890995260664,13.6092764370338,-11.9164168494954,29.1927985283169,-11.8790858209803,-15.8456758868075,0.0892745002255388,0.214285714285714
2022,"LU15","LU15_43",56.21047,-112.89617,2,0,0,0,0,0,-1.10664305764675,-0.293761311737661,0.114937974,0.043144508,0.071793466,0.014594031,0.018977729,0,0,0.018977729,0.003421781,0.004786744,0,0,0.023763733,2021,39.7521698113208,-12.5665566037736,2020,26.9947867298578,2019,28.0562441314554,38.0779451513822,-12.7932833479596,29.309673050415,-11.489081814476,10.4424967609057,-1.07747478929762,0
2023,"LU15","LU15_43",56.21047,-112.89617,14,0,4,0,0,0,-1.10664305764675,-0.293761311737661,0.114937974,0.043144508,0.071793466,0.014594031,0.018977729,0,0,0.018977729,0.003421781,0.004786744,0,0,0.023763733,2022,13.0206603773585,-11.6203773584906,2021,39.7521698113208,2020,26.9947867298578,13.6092764370338,-11.9164168494954,28.5583075618864,-11.6803154369081,-15.5376471845279,0.0599380784175292,0.285714285714286
2022,"LU15","LU15_44",56.21265,-112.87608,2,0,1,0,0,0,-1.48159303681063,-0.483977164426607,0.108452908,0.049979892,0.058473016,0.014910183,0.012628183,0,0,0.012628183,0,0.006641043,0,0,0.028428666,2021,39.4566509433962,-12.5366037735849,2020,27.1074881516588,2019,28.1992957746479,38.0779451513822,-12.7932833479596,29.1647780938951,-11.4589257535436,10.2918728495011,-1.07767802004132,0.5
2023,"LU15","LU15_44",56.21265,-112.87608,14,0,9,0,0,0,-1.48159303681063,-0.483977164426607,0.108452908,0.049979892,0.058473016,0.014910183,0.012628183,0,0,0.012628183,0,0.006641043,0,0,0.028428666,2022,12.9344339622642,-11.593820754717,2021,39.4566509433962,2020,27.1074881516588,13.6092764370338,-11.9164168494954,28.4427014545277,-11.6514497914244,-15.5082674922636,0.0576290367074073,0.642857142857143
2022,"LU15","LU15_46",56.21193,-113.0253,2,1,1,0,0,1,-0.0978455445297853,-0.748670173153756,0.121270803,0.049921071,0.071349732,0.016496451,0.011110798,0,0,0.008926924,0.000442385,0.009829899,0,0,0.022954445,2021,38.9752830188679,-12.9405660377358,2020,32.7459241706161,2019,30.1089671361502,38.0779451513822,-12.7932833479596,30.8980775617669,-11.8433047686589,8.07720545710101,-1.09726126907691,0.5
2023,"LU15","LU15_46",56.21193,-113.0253,14,5,10,1,2,1,-0.0978455445297853,-0.748670173153756,0.121270803,0.049921071,0.071349732,0.016496451,0.011110798,0,0,0.008926924,0.000442385,0.009829899,0,0,0.022954445,2022,12.8467452830189,-11.9325471698113,2021,38.9752830188679,2020,32.7459241706161,13.6092764370338,-11.9164168494954,29.9725917509615,-12.0217480239598,-17.1258464679427,0.0892008541484355,0.714285714285714
2022,"LU15","LU15_58",56.22151,-112.9139,2,0,1,0,0,0,-1.46817695192112,-0.981707349346752,0.095580104,0.040399121,0.055180983,0.006520469,0.004730804,0,0,0.004730804,0.001910408,0.003116204,0,0,0.030762448,2021,40.1888679245283,-12.6404716981132,2020,27.139336492891,2019,28.4269483568075,38.0779451513822,-12.7932833479596,29.7587831950392,-11.557062953841,10.4300847294891,-1.08340874427219,0.5
2023,"LU15","LU15_58",56.22151,-112.9139,14,1,21,0,0,0,-1.46817695192112,-0.981707349346752,0.095580104,0.040399121,0.055180983,0.006520469,0.004730804,0,0,0.004730804,0.001910408,0.003116204,0,0,0.030762448,2022,13.1984905660377,-11.686179245283,2021,40.1888679245283,2020,27.139336492891,13.6092764370338,-11.9164168494954,28.9898111466253,-11.7472789927848,-15.7913205805875,0.0610997475017818,1.5
2022,"LU15","LU15_61",56.38513,-112.9044,2,1,8,0,0,1,-1.2840072771068,-0.075199846953747,0.305592441,0.086387179,0.219205262,0.014293509,0.006609097,0,0,0,0.002726888,0.006101119,0.033336408,0,0.005593909,2021,43.3547169811321,-13.0169339622642,2020,30.0872511848341,2019,33.3654460093897,38.0779451513822,-12.7932833479596,32.6422651362776,-11.9115551172327,10.7124518448544,-1.10537884503142,4
2023,"LU15","LU15_61",56.38513,-112.9044,14,11,13,4,3,9,-1.2840072771068,-0.075199846953747,0.305592441,0.086387179,0.219205262,0.014293509,0.006609097,0,0,0,0.002726888,0.006101119,0.033336408,0,0.005593909,2022,14.3402830188679,-11.9931603773585,2021,43.3547169811321,2020,30.0872511848341,13.6092764370338,-11.9164168494954,32.0143096446083,-12.0964732394595,-17.6740266257404,0.103312862101028,0.928571428571429
2024,"LU16","LU16_02",57.20954,-111.00751,16,0,1,0,0,0,-1.97853018832145,-0.00925229173727932,0.207887139427409,0.155600637828814,0.0522865015985942,0.0129078735245948,0,0,0,0,0.0194118207197463,0.010208373885745,0.0764526090904823,0,0.0386842405151877,2023,28.5276995305164,-11.2784037558685,2022,16.4842452830189,2021,48.1345754716981,16.2434159842778,-9.26000327546675,37.0893673164778,-13.8272385648847,-8.56166778596132,2.54883480901614,0.0625
2024,"LU16","LU16_03",57.21346,-110.98463,16,0,7,0,0,0,-1.95366972326908,-0.00511402615010581,0.258741702894131,0.172955689240224,0.0857860136539074,0.0276149328978234,0.010200744049443,0,0,0,0.0193614005416709,0.00796373510066927,0.0665154108547275,0,0.0470014754747861,2023,30.8468075117371,-11.4501877934272,2022,19.1820283018868,2021,50.3666981132075,16.2434159842778,-9.26000327546675,38.2981535968049,-14.0432092396128,-7.45134608506777,2.59302144618556,0.4375
2024,"LU16","LU16_15",57.25314,-111.0137,16,0,13,0,0,0,-1.80750788387743,0.0685289913267801,0.158955184508166,0.096201692012973,0.0627534924951928,0.0073025147469342,0.00237210581828678,0,0,0,0.0182712759751711,0.00878907189318678,0.0728974887287344,0,0.00712639925497119,2023,27.3202816901408,-11.251220657277,2022,15.7953301886792,2021,48.0053773584906,16.2434159842778,-9.26000327546675,35.5444923039357,-13.8054189801078,-8.22421061379482,2.5541983228308,0.8125
2024,"LU16","LU16_20",57.26106,-110.98528,16,0,14,0,0,0,-1.96339731590201,-0.00673327831429871,0.130827607554251,0.0838439352648993,0.0469836722893519,0.0315400927204073,0,0,0,0,0.00914034931565876,0.00473929191825537,0.0421425127447922,0,0,2023,25.651455399061,-11.3310798122066,2022,16.4241981132075,2021,49.3511320754717,16.2434159842778,-9.26000327546675,35.7958364450507,-13.9014162732677,-10.1443810459897,2.57033646106108,0.875
2024,"LU16","LU16_200",57.34407,-111.16485,16,1,26,0,0,1,1.33677218685205,1.62475380515133,0.264178635864375,0.0192651876804876,0.244913448183887,0.00693385393800166,0,0,0,0,0.0117877569257595,0.00375761433742913,0.00174654488840933,0.13027529898128,0,2023,14.3895774647887,-10.3070422535211,2022,10.8598113207547,2021,32.7406603773585,16.2434159842778,-9.26000327546675,24.4433653638043,-12.5073238536871,-10.0537878990155,2.200281600166,1.625
2024,"LU16","LU16_201",57.32199,-111.22929,16,1,17,0,1,0,1.56675729627879,1.33077418217684,0.691967506708984,0.0156498294470525,0.676317677261931,0.00784891216548135,0,0,0,0,0.00947150802794555,0.00383189483686508,0,0.288028632421121,0,2023,15.1221126760563,-10.317558685446,2022,11.172358490566,2021,33.6642924528302,16.2434159842778,-9.26000327546675,25.0503473941969,-12.5445974223153,-9.9282347181406,2.22703873686926,1.0625
2024,"LU16","LU16_202",57.31378,-111.238,16,0,11,0,0,0,2.01169459407261,1.84128326562299,0.497970653653163,0.0145055394248897,0.483465114228273,0.00741364207715161,0.0042624478051442,0,0,0,0.0125765095726561,0.00349603149139955,0,0.395725458007091,0,2023,14.5384976525822,-10.2661971830986,2022,10.9628301886792,2021,32.9349528301887,16.2434159842778,-9.26000327546675,24.4558397133415,-12.4762509784168,-9.91734206075933,2.21005379531817,0.6875
2024,"LU16","LU16_203",57.29753,-111.26814,16,1,7,0,1,1,1.74618096722467,2.36712146062675,0.580094768688795,0.0182317771734645,0.561862991515331,0.00946963952808136,0.00193907941664246,0,0,0,0.00999542065222505,0.000231248349175568,0,0.441317825519615,0,2023,15.6217370892019,-10.2991549295775,2022,11.2985377358491,2021,33.9555660377358,16.2434159842778,-9.26000327546675,25.3963623416037,-12.5500217409939,-9.77462525240185,2.25086681141643,0.4375
2024,"LU16","LU16_22",57.26844,-111.04905,16,0,0,0,0,0,-1.32722828914064,-0.110486191329651,0.125480434012397,0.103195790859992,0.0222846431524052,0.0341454892643763,0.00706590588017939,0,0,0,0.0152187372722258,0.0147377843612741,0.0463097067277784,0,0.00641257466984496,2023,23.6886854460094,-11.0672769953052,2022,15.0954716981132,2021,45.7470283018868,16.2434159842778,-9.26000327546675,33.5831530491319,-13.5697712012307,-9.89446760312252,2.50249420592556,0
2024,"LU16","LU16_23",57.26954,-110.99068,15,0,14,0,0,0,-1.81790370063172,0.206778700862544,0.156162617903828,0.105941480429808,0.0502211374740194,0.0286037921161522,0,0,0,0,0.0156919089426099,0.00972140921362536,0.0496891324505996,0,0,2023,25.1222535211268,-11.2929577464789,2022,16.0104716981132,2021,48.518820754717,16.2434159842778,-9.26000327546675,35.2774265838692,-13.8480729268699,-10.1551730627424,2.55511518039106,0.933333333333333
2024,"LU16","LU16_24",57.28073,-110.98764,16,0,12,0,0,0,-1.95487835296493,0.0451569369424704,0.140722328478647,0.105426656004002,0.0352956724746451,0.0191020100633367,0,0,0,0,0.0098366893940291,0.00700332715943233,0.01574427777856,0,0,2023,24.5443192488263,-11.2486854460094,2022,15.7418867924528,2021,47.7890094339623,16.2434159842778,-9.26000327546675,34.7820373342922,-13.7872932214042,-10.2377180854659,2.53860777539486,0.75
2024,"LU16","LU16_25",57.30696,-111.10987,16,6,9,2,3,2,0.720153644896011,0.402938970061055,0.170709013246487,0.0656637261806288,0.105045287065858,0.033336405417568,0,0,0,0,0.00569078254960237,0.00682774193409342,0,0,0.00463277726627396,2023,15.3959154929577,-10.3679812206573,2022,11.3067452830189,2021,34.3511320754717,16.2434159842778,-9.26000327546675,25.3205979541878,-12.6065017344821,-9.92468246123,2.23852051382485,0.5625
2024,"LU16","LU16_26",57.31717,-111.11306,16,0,9,0,0,0,0.377917781343255,2.42252741346367,0.17441040740941,0.0613745421169481,0.113035865292462,0.0221955824114151,0.000831252276356729,0,0,0,0.00851583333320282,0.0123949759091831,0,0.00335868187771132,0.00500364861280792,2023,14.8885915492958,-10.3332394366197,2022,11.0307075471698,2021,33.5233962264151,16.2434159842778,-9.26000327546675,24.8331107101013,-12.5543975495509,-9.94451916080552,2.22115811293123,0.5625
2024,"LU16","LU16_270",57.51564,-111.50916,16,11,27,8,2,3,-1.59233216173733,-0.183378869594151,0.0810941546890671,0.0207789358992184,0.0603152187898487,3.20929728681054e-06,0.000534107259141026,0,0,0,0.00491698069059365,0.00928925216290425,0,0.0387927274508834,0,2023,13.1707042253521,-10.3424882629108,2022,9.81584905660377,2021,28.281179245283,16.2434159842778,-9.26000327546675,23.0579570519647,-12.4308012331152,-9.88725282661259,2.08831297020442,1.6875
2024,"LU16","LU16_28",57.33581,-111.19855,16,3,27,0,2,1,1.26021690565541,3.50462627095917,0.685287516527094,0.0231444912876583,0.662143025239436,0.0170227589544871,0,0,0,0,0.0186764736311764,0.00514470442442314,0.000815911417086331,0.561426390253726,0,2023,14.6779342723005,-10.3227230046948,2022,11.0505660377358,2021,33.22,16.2434159842778,-9.26000327546675,24.7920004272421,-12.5328826704411,-10.1140661549417,2.21015966574623,1.6875
2024,"LU16","LU16_300",57.21725,-111.02139,16,0,2,0,0,0,-1.70337975236321,-0.0668369300068375,0.514220625406345,0.17052697244365,0.343693652962695,0.043387881225445,0,0,0,0,0.0117111558248911,0.00970696064226398,0.0479021655510578,0,0.0466606767135672,2023,28.6856338028169,-11.264882629108,2022,16.4025943396226,2021,48.2265094339623,16.2434159842778,-9.26000327546675,36.7572476844025,-13.8200520582217,-8.07161388158563,2.55516942911374,0.125
2024,"LU16","LU16_301",57.23484,-111.04526,16,0,10,0,0,0,-1.48772299866246,0.133365677010454,0.647140987318537,0.139417671242692,0.507723316075845,0.0605346993836569,0,0,0,0,0.00800961590949349,0.00333242909254881,0.0393088769298252,0,0.0297161472133076,2023,26.9059154929577,-11.0716431924883,2022,15.3577358490566,2021,46.1966509433962,16.2434159842778,-9.26000327546675,34.5787802799689,-13.5868053267701,-7.67286478701114,2.51516213428185,0.625
2024,"LU16","LU16_302",57.24204,-111.01058,16,0,6,0,0,0,-1.42340412269566,0.0615651459037713,0.513054035085781,0.0930565545244711,0.419997480561309,0.024261063145468,0.00155896839228595,0,0,0,0.0121157400100565,0.00943447823105952,0.0593610131479436,0,0,2023,27.8317370892019,-11.2846478873239,2022,15.9630188679245,2021,48.3841037735849,16.2434159842778,-9.26000327546675,35.9149755162524,-13.8501870676175,-8.08323842705048,2.56553918029351,0.375
2024,"LU16","LU16_303",57.23633,-111.02443,16,0,3,0,0,0,-1.92463989497837,0.00386436615877939,0.241677163843863,0.106189445782292,0.135487718061572,0.0198118249889323,0,0,0,0,0.0184425088508271,0.0121189525608138,0.0742542205483561,0,4.44768418928396e-06,2023,27.7442253521127,-11.2198122065728,2022,15.9220754716981,2021,47.9716981132075,16.2434159842778,-9.26000327546675,35.7844687321493,-13.7691266358771,-8.04024338003667,2.54931442930437,0.1875
2024,"LU16","LU16_313",57.28475,-111.09251,16,8,10,2,0,6,-0.261000010673365,-0.338094993763643,0.366845463297588,0.0345475772907042,0.332297886006883,0.00365936035940693,0.00308410047185708,0,0,0,0.00851314117694324,0.00541516368961223,0.00171907134400293,0,0.00851928850056482,2023,20.3723004694836,-10.7129577464789,2022,13.3956132075472,2021,39.9809905660377,16.2434159842778,-9.26000327546675,29.874911162773,-13.0958321025958,-9.50261069328945,2.38287435611695,0.625
2024,"LU16","LU16_314",57.25639,-111.06755,16,0,3,0,0,0,-1.52237901696902,0.0111298845772453,0.342629923017416,0.131740062414943,0.210889860602473,0.041353106776058,0.0474653569446818,0,0,0.0247275340928872,0.0248334684622978,0.0098730087619563,0.0254469525592764,0,0.0406996743198455,2023,22.7011267605634,-10.9048356807512,2022,14.4286320754717,2021,43.7243867924528,16.2434159842778,-9.26000327546675,32.2774057081795,-13.362483776,-9.57627894761609,2.45764809524884,0.1875
2024,"LU16","LU16_36",57.33492,-111.22568,16,2,23,0,0,2,1.08814593891197,3.96770937174087,0.499896098545939,0.017182667380807,0.482713431165132,0.00729213422477825,0.00103945457962777,0,0,0,0.0209830465857877,0.00402214547753522,0,0.293896287900425,0,2023,13.5110328638498,-10.2166666666667,2022,10.6110849056604,2021,31.7881603773585,16.2434159842778,-9.26000327546675,23.5603176893324,-12.3890007448543,-10.0492848254826,2.17233407818762,1.4375
2024,"LU16","LU16_37",57.33694,-111.18068,16,2,44,0,1,0,1.86102173584846,1.69901919676327,0.456186114909468,0.0231532767810262,0.433032838128442,0.0123144535764803,0,0,0,0,0.0172275476797675,0.00718523537948811,0.00189220936199936,0.331065586118179,0,2023,14.8513615023474,-10.3425352112676,2022,11.1324528301887,2021,33.5115566037736,16.2434159842778,-9.26000327546675,24.9827698828274,-12.5594176791078,-10.13140838048,2.21688246784024,2.75
2024,"LU16","LU16_49",57.47615,-111.53667,16,4,8,2,0,2,-1.4481092875137,0.428487549064071,0.623895522951724,0.0298870623631049,0.594008460588619,0.00571423200792577,0,0,0,0,0.0074754384890894,0.000244979725822751,0,0.0434875967829643,0,2023,13.4264788732394,-10.3184037558685,2022,10.233820754717,2021,29.7349528301887,16.2434159842778,-9.26000327546675,23.4713195198767,-12.4394536543506,-10.0448406466373,2.12104989848205,0.5
2024,"LU16","LU16_52",57.49052,-111.50633,16,3,9,0,0,3,-1.30581509062899,0.885233770283032,0.81206159640255,0.0241203820384627,0.787941214364087,0.00758271279728849,2.46116716847625e-05,0,0,0,0.00296297018267309,0,0,0.185136533641836,0,2023,13.7881690140845,-10.3591079812207,2022,10.2595754716981,2021,29.9139150943396,16.2434159842778,-9.26000327546675,23.7951996122857,-12.4897281166398,-10.0070305982012,2.1306201354191,0.5625
2024,"LU16","LU16_54",57.49797,-111.45538,16,3,10,0,1,3,-1.20258814632501,0.939170216012116,0.447569825769172,0.0361508585739623,0.41141896719521,0.0283504245033838,0.00050916352493531,0,0,0,0.00350848961199314,0.00109005334835131,0,0.31031701120916,0,2023,13.7974647887324,-10.3696244131455,2022,10.1565566037736,2021,29.5878773584906,16.2434159842778,-9.26000327546675,23.6951390647517,-12.496910089544,-9.8976742760193,2.12728567639841,0.625
2024,"LU16","LU16_57",57.50681,-111.43999,16,8,7,0,1,6,-1.0172510984854,1.10177667181349,0.501243106606095,0.0430249855346482,0.458218121071446,0.0333309712963299,0.00112048064017039,0,0,0,0.00294567142430198,0.00248189665715869,0,0.297881224468093,0,2023,13.9359624413146,-10.3937089201878,2022,10.1714150943396,2021,29.6794339622642,16.2434159842778,-9.26000327546675,23.7833573633902,-12.5218336674138,-9.84739492207568,2.12812474722604,0.4375
2024,"LU16","LU16_58",57.51048,-111.42342,16,3,7,1,2,0,-1.32045014361992,0.622728213960853,0.418065169508102,0.0431485047494342,0.374916664758667,0.0302955720638633,0.00329197147359701,0,0,0,0.00267384620086234,0.0050732840043521,0,0.218317248757748,0,2023,14.002441314554,-10.3982629107981,2022,10.1685849056604,2021,29.6853301886792,16.2434159842778,-9.26000327546675,23.7740012916685,-12.5262505483885,-9.77155997711452,2.12798763759042,0.4375
2024,"LU16","LU16_60",57.52402,-111.40755,16,2,4,0,1,1,-0.705009738851702,1.43063512761682,0.611793320436784,0.0274353885327876,0.584357931903996,0.0247919948404775,0,0,0,0,0,0.00251795402592432,0,0.386462390667764,0,2023,14.2489201877934,-10.4404225352113,2022,10.2147169811321,2021,29.5664622641509,16.2434159842778,-9.26000327546675,23.9329745061297,-12.5738816737908,-9.68405431833629,2.13345913857954,0.25
2024,"LU16","LU16_62",57.52477,-111.37714,16,4,5,0,1,2,-1.40111653193734,0.726576134373515,0.300889937864202,0.015931039215765,0.284958898648437,0.00649640688147617,0,0,0,0,0,0.00729812994945583,0,0.225667530812439,0,2023,14.1262910798122,-10.4370422535211,2022,10.1400471698113,2021,29.2365094339623,16.2434159842778,-9.26000327546675,23.6086063201496,-12.5649567795403,-9.4823152403374,2.12791452601922,0.3125
2024,"LU16","LU16_63",57.52407,-111.1943,16,1,5,0,1,0,-1.91161078710913,0.170367630375599,0.0625208133453072,0.0566092707306459,0.00591154261466125,0,0,0,0,0,0.00591154261466125,0,0,0,0.0487672298759098,2023,13.7289671361502,-10.421220657277,2022,9.94377358490566,2021,28.5807547169811,16.2434159842778,-9.26000327546675,23.2165892685528,-12.5443007172531,-9.48762213240259,2.1230800599761,0.3125
2024,"LU16","LU16_67",57.51599,-111.18156,16,0,9,0,0,0,-1.96212739534389,0.0625003399852176,0.0651199945185869,0.0569746049471717,0.00814538957141514,0,0,0,0,0,0.00814538957141514,0,0,0,0.0505367914708844,2023,13.6011737089202,-10.3974178403756,2022,9.88566037735849,2021,28.4219811320755,16.2434159842778,-9.26000327546675,23.0652951315997,-12.514588162826,-9.46412142267952,2.11717032245037,0.5625
2024,"LU16","LU16_68",57.53948,-111.26984,16,0,2,0,0,0,-1.93623674483541,-0.00221213776700258,0.102347646205084,0.0511958048509917,0.051151841354092,0.00638047833621031,0,0,0,0,0.00132970875149454,0,0,0,0.0425638396924369,2023,14.7619718309859,-10.5296244131455,2022,10.6875471698113,2021,30.495141509434,16.2434159842778,-9.26000327546675,24.2775440582848,-12.7068668560127,-9.51557222729885,2.17724244286712,0.125
2024,"LU16","LU16_69",57.53521,-111.30865,16,0,24,0,0,0,-1.80662983563714,0.0398962536721938,0.323405604337041,0.0523350438205818,0.27107056051646,0.0051218677788181,0,0,0,0,0.0017698370786454,0.00438847192788646,0,0.23386481101436,0.0336192781593886,2023,14.1744131455399,-10.4568075117371,2022,10.1757075471698,2021,29.2993396226415,16.2434159842778,-9.26000327546675,23.6627399895213,-12.5936057797281,-9.48832684398141,2.13679826799099,1.5
2024,"LU16","LU16_70",57.53098,-111.23334,16,1,8,0,1,0,-2.04920279594609,-0.0210164328936439,0.0394010624936555,0.0372283310446075,0.00217273144904802,5.01475417883237e-06,0,0,0,0,0.00217273144904802,0,0,0,0.0347291262087953,2023,14.6398591549296,-10.5173708920188,2022,10.6258018867925,2021,30.6475943396226,16.2434159842778,-9.26000327546675,24.2328908123532,-12.6898182509166,-9.59303165742359,2.17244735889779,0.5
2024,"LU16","LU16_71",57.54227,-111.24512,16,1,0,0,0,1,-1.9286403089421,-0.000947637317141703,0.106471657917679,0.0478781415652773,0.0585935163524021,0.0080025665874284,0,0,0,0,0.00251474625352064,0,0,0,0.0353924106605347,2023,14.5646478873239,-10.5435211267606,2022,10.6695754716981,2021,30.4524056603774,16.2434159842778,-9.26000327546675,24.4708407172813,-12.7212351024849,-9.9061928299574,2.17771397572431,0
2024,"LU16","LU16_72",57.55765,-111.47166,16,1,3,0,0,0,-1.56535933499045,-0.204971874894361,0.293196621438127,0.0705449655460938,0.222651655892033,0.0364273032622322,0,0,0,0,0.00110478499739098,0.0080361936297295,0,0.174246182983866,0.0242360641256416,2023,13.3249295774648,-10.40220657277,2022,9.66452830188679,2021,27.6322641509434,16.2434159842778,-9.26000327546675,22.8187852857378,-12.475627830224,-9.49385570827298,2.07342125745403,0.1875
2024,"LU16","LU16_73",57.55149,-111.40896,16,0,5,0,0,0,-1.9610205047294,-0.00633763503642293,0.729478522308418,0.0740845868744899,0.655393935433928,0.0335921272227822,0,0,0,0,0,0.000564073983429817,0,0.601742903199334,0.0399283856682779,2023,14.4029577464789,-10.4874178403756,2022,10.3728301886792,2021,29.4097641509434,16.2434159842778,-9.26000327546675,23.8064350840205,-12.6238542702976,-9.4034773375416,2.13643642992196,0.3125
2024,"LU16","LU16_74",57.54376,-111.40054,16,1,10,0,1,0,-1.87049659444024,0.137777995922897,0.517511509976278,0.0624043153073908,0.455107194668887,0.0213649755545536,0,0,0,0,0.00124984441453483,0.00568553816481624,0,0.412441323604659,0.035353801588021,2023,14.4074178403756,-10.477323943662,2022,10.2437735849057,2021,29.5504245283019,16.2434159842778,-9.26000327546675,23.8665115561472,-12.6156775213345,-9.45909371577163,2.13835357767256,0.625
2024,"LU16","LU16_75",57.53541,-111.37523,16,2,0,0,2,0,-1.16316435874485,0.903132406358116,0.535808632781026,0.0606307067754953,0.475177926005531,0.0382154372388182,0,0,0,0,0.000979626796037168,0.00509599096932594,0,0.25771302172781,0.0162354184538323,2023,14.2583568075117,-10.4589201877934,2022,10.1918867924528,2021,29.3708018867925,16.2434159842778,-9.26000327546675,23.7307788727929,-12.5930273721213,-9.47242206528116,2.1341071843279,0
2024,"LU16","LU16_77",57.54812,-111.30955,16,0,4,0,0,0,-1.9950461645406,-0.0120015362056484,0.263810498484204,0.0243991832574783,0.239411315226725,0.00355552922963186,0,0,0,0,0.000789338607123472,0,0,0.214736933927174,0.019218426453072,2023,14.5116901408451,-10.5173708920188,2022,10.5378773584906,2021,29.9377830188679,16.2434159842778,-9.26000327546675,24.0783147563434,-12.6780443433037,-9.56662461549829,2.16067345128491,0.25
2024,"LU16","LU16_80",57.53865,-111.32841,16,0,2,0,0,0,-1.95799347651868,-0.00583375682459431,0.233858479254452,0.0564535966787797,0.177404882575673,0.00984551002340379,0,0,0,0,0.00104919513596186,0.00529115990649835,0,0.136129062207935,0.0409754860828969,2023,14.4435680751174,-10.4869953051643,2022,10.3085377358491,2021,29.7262735849057,16.2434159842778,-9.26000327546675,23.9284394988751,-12.6368620599624,-9.48487142375769,2.14986675479812,0.125
2024,"LU16","LU16_81",57.53815,-111.29247,16,0,2,0,0,0,-1.94727752409281,-0.00404998258447548,0.182772827912043,0.0509657818493606,0.131807046062682,0.00617711230873159,0,0,0,0,0.00135329276177012,0.000205772223586109,0,0.0855010048136986,0.0419485421598307,2023,14.3074178403756,-10.4732394366197,2022,10.2520283018868,2021,29.5769811320755,16.2434159842778,-9.26000327546675,23.7923920840039,-12.619763834648,-9.48497424362836,2.14652439802824,0.125
2024,"LU16","LU16_83",57.55526,-111.43022,16,0,8,0,0,0,-1.84067018478374,-0.0232022309676782,0.492640848246112,0.0714264191373761,0.421214429108736,0.0312348487331158,0,0,0,0,0.0010348174332541,0.00264043132423125,0,0.333206046527981,0.0374570127993133,2023,14.2701877934272,-10.4719248826291,2022,10.1475,2021,29.2216037735849,16.2434159842778,-9.26000327546675,23.687148724672,-12.598334634963,-9.41696093124476,2.1264097523339,0.5
2024,"LU16","LU16_84",57.55958,-111.41671,16,2,6,0,0,2,-1.96878576674277,-0.00763023823180287,0.448807834292838,0.0635195331862962,0.385288301106542,0.0280155446610144,0,0,0,0,0,0.00212450873395254,0,0.318528865219806,0.0333794797913293,2023,14.3776525821596,-10.4898122065728,2022,10.3270754716981,2021,29.2566509433962,16.2434159842778,-9.26000327546675,23.7390050581127,-12.6193065419552,-9.36135247595305,2.12949433538247,0.375
2024,"LU16","LU16_85",57.55818,-111.39724,16,5,7,0,2,3,-1.99423927744318,-0.0118672220204163,0.483429042086522,0.0422818069327653,0.441147235153757,0.0181904314780669,0,0,0,0,0,0.00377459118027751,0,0.410140820688023,0.0203167842744209,2023,14.4029577464789,-10.4874178403756,2022,10.3728301886792,2021,29.4097641509434,16.2434159842778,-9.26000327546675,23.8064350840205,-12.6238542702976,-9.4034773375416,2.13643642992196,0.4375
2024,"LU16","LU16_88",57.54219,-111.34637,16,0,5,0,0,0,-1.7960763363646,0.047451784968814,0.286671364428725,0.0658453230234758,0.220826041405249,0.014636730603633,0,0,0,0,0.00104919513596187,0.00604108897280418,0,0.143225240288899,0.044826062781058,2023,14.3914084507042,-10.4787323943662,2022,10.2818867924528,2021,29.6309433962264,16.2434159842778,-9.26000327546675,23.8767653223147,-12.6243930372602,-9.48535687161046,2.145660642894,0.3125
2022,"LU21","LU21_06",56.51966,-111.67988,2,0,2,0,0,0,0.407258891985667,-0.702813085461171,0.008362844,0.008362844,0,0,0,0,0,0,0,0.008362844,0,0,0,2021,41.0630660377359,-12.9152830188679,2020,31.891327014218,2019,28.7676525821596,38.0779451513822,-12.7932833479596,27.5292880634319,-11.7349356348802,13.533777974304,-1.1803473839877,1
2023,"LU21","LU21_06",56.51966,-111.67988,17,3,13,0,0,1,0.407258891985667,-0.702813085461171,0.008362844,0.008362844,0,0,0,0,0,0,0,0.008362844,0,0,0,2022,14.5398113207547,-11.9356132075472,2021,41.0630660377359,2020,31.891327014218,13.6092764370338,-11.9164168494954,27.1566631429542,-11.9653221535347,-12.6168518221995,0.0297089459875775,0.764705882352941
2022,"LU21","LU21_09",56.58638,-112.06113,1,0,4,0,0,0,-0.565129610679193,-0.355005775945548,0,0,0,0,0,0,0,0,0,0,0,0,0,2021,40.4780188679245,-12.901179245283,2020,30.854691943128,2019,31.573896713615,38.0779451513822,-12.7932833479596,28.8954107809477,-11.8270737596954,11.5826080869769,-1.07410548558763,4
2023,"LU21","LU21_09",56.58638,-112.06113,16,8,39,2,3,3,-0.565129610679193,-0.355005775945548,0,0,0,0,0,0,0,0,0,0,0,0,0,2022,14.5574528301887,-12.001179245283,2021,40.4780188679245,2020,30.854691943128,13.6092764370338,-11.9164168494954,28.4281540386643,-12.0421830978282,-13.8707012084757,0.0410038525452237,2.4375
2023,"LU21","LU21_10",56.59103,-111.9936,16,11,2,1,7,1,0.565228437433078,0.365730570085282,0,0,0,0,0,0,0,0,0,0,0,0,0,2022,11.8352358490566,-11.1262735849057,2021,31.7999056603774,2020,23.7364928909953,13.6092764370338,-11.9164168494954,21.9995289581402,-11.203840936465,-10.1642931090836,0.0775673515593542,0.125
2022,"LU21","LU21_10",56.59103,-111.9936,1,0,0,0,0,0,0.565228437433078,0.365730570085282,0,0,0,0,0,0,0,0,0,0,0,0,0,2021,31.7999056603774,-12.0976886792453,2020,23.7364928909953,2019,24.816338028169,38.0779451513822,-12.7932833479596,22.3275250162499,-10.9940004441112,9.4723806441275,-1.10368823513405,0
2023,"LU21","LU21_100",56.53842,-111.90392,16,1,46,0,1,0,-1.43439310029552,-0.3221470735128,0,0,0,0,0,0,0,0,0,0,0,0,0,2022,13.1188679245283,-11.9612735849057,2021,41.1469811320755,2020,31.4635545023697,13.6092764370338,-11.9164168494954,27.5951810991273,-11.9857360002105,-14.476313174599,0.0244624153048605,2.875
2022,"LU21","LU21_100",56.53842,-111.90392,2,1,2,0,1,0,-1.43439310029552,-0.3221470735128,0,0,0,0,0,0,0,0,0,0,0,0,0,2021,41.1469811320755,-12.8950943396226,2020,31.4635545023697,2019,29.8804225352113,38.0779451513822,-12.7932833479596,28.1680497000985,-11.7631575650484,12.978931431977,-1.13193677457427,1
2022,"LU21","LU21_105",56.55542,-111.68693,2,0,0,0,0,0,0.294760506631515,-1.17286306008712,0.006910962,0.004365022,0.00254594,0,0,0,0,0,0.00254594,0.002267945,0,0,0,2021,40.8501886792453,-12.9452830188679,2020,31.6943601895735,2019,29.061220657277,38.0779451513822,-12.7932833479596,27.4764385678501,-11.7903229342072,13.3737501113952,-1.1549600846607,0
2023,"LU21","LU21_105",56.55542,-111.68693,17,1,0,0,1,0,0.294760506631515,-1.17286306008712,0.006910962,0.004365022,0.00254594,0,0,0,0,0,0.00254594,0.002267945,0,0,0,2022,15.3619811320755,-11.994858490566,2021,40.8501886792453,2020,31.6943601895735,13.6092764370338,-11.9164168494954,27.1889276763145,-12.0204743889621,-11.8269465442391,0.0256158983960191,0
2022,"LU21","LU21_106",56.56523,-112.03402,1,0,0,0,0,0,-0.151710832328453,-1.02500339990224,0.002766235,0.002766235,0,0,0,0,0,0,0,0,0,0,0,2021,40.2699528301887,-12.8075943396226,2020,30.485971563981,2019,29.9792018779343,38.0779451513822,-12.7932833479596,28.0581480298143,-11.7146413140082,12.2118048003744,-1.09295302561442,0
2023,"LU21","LU21_106",56.56523,-112.03402,16,6,26,1,3,4,-0.151710832328453,-1.02500339990224,0.002766235,0.002766235,0,0,0,0,0,0,0,0,0,0,0,2022,14.4771226415094,-11.8850471698113,2021,40.2699528301887,2020,30.485971563981,13.6092764370338,-11.9164168494954,27.6175322050775,-11.9307040742173,-13.140409563568,0.0456569044059592,1.625
2023,"LU21","LU21_107",56.56608,-111.93458,16,5,17,2,1,1,-1.3754095253745,0.212111417621286,0.007629572,0.007629572,0,0,0,0,0,0,0,0.00500572,0,0,0,2022,14.7387735849057,-11.9860849056604,2021,41.0815566037736,2020,31.6068246445498,13.6092764370338,-11.9164168494954,27.9690232826455,-12.0159324502098,-13.2302496977399,0.0298475445493782,1.0625
2022,"LU21","LU21_107",56.56608,-111.93458,1,0,0,0,0,0,-1.3754095253745,0.212111417621286,0.007629572,0.007629572,0,0,0,0,0,0,0,0.00500572,0,0,0,2021,41.0815566037736,-12.9046698113208,2020,31.6068246445498,2019,30.839765258216,38.0779451513822,-12.7932833479596,28.390415184658,-11.7944701860588,12.6911414191156,-1.11019962526194,0
2023,"LU21","LU21_109",56.56289,-111.90173,16,1,1,0,1,0,-1.67017642164005,-0.302914439584762,0.005750031,0.003203701,0.00254633,0,0,0,0,0,0.00254633,0,0,0,0,2022,14.5059905660377,-11.9460377358491,2021,40.34,2020,30.7718957345972,13.6092764370338,-11.9164168494954,27.4961087778081,-11.9755508958193,-12.9901182117704,0.0295131599702287,0.0625
2022,"LU21","LU21_109",56.56289,-111.90173,2,0,0,0,0,0,-1.67017642164005,-0.302914439584762,0.005750031,0.003203701,0.00254633,0,0,0,0,0,0.00254633,0,0,0,0,2021,40.34,-12.8679716981132,2020,30.7718957345972,2019,29.9770892018779,38.0779451513822,-12.7932833479596,27.9136521023638,-11.7540502395086,12.4263478976362,-1.11392145860457,0
2022,"LU21","LU21_114",56.55014,-111.73336,2,0,0,0,0,0,0.608500602231215,-0.611552925020982,0.007373664,0.007373664,0,0,0,0,0,0,0,0.003190584,0,0,0,2021,40.8387735849057,-12.9286320754717,2020,31.3894312796209,2019,29.0893896713615,38.0779451513822,-12.7932833479596,27.4148454720748,-11.7775723959707,13.4239281128309,-1.15105967950103,0
2023,"LU21","LU21_114",56.55014,-111.73336,17,2,6,0,1,1,0.608500602231215,-0.611552925020982,0.007373664,0.007373664,0,0,0,0,0,0,0,0.003190584,0,0,0,2022,14.6140094339623,-11.9800471698113,2021,40.8387735849057,2020,31.3894312796209,13.6092764370338,-11.9164168494954,27.0597298124222,-12.0059505637768,-12.4457203784599,0.025903393965498,0.352941176470588
2022,"LU21","LU21_116",56.55144,-111.63883,2,1,2,0,1,0,2.66261855300729,-0.551574887420931,0.001913214,0.001913214,0,0,0,0,0,0,0,0,0,0,0,2021,39.8098113207547,-12.8572169811321,2020,30.2919431279621,2019,28.3091549295775,38.0779451513822,-12.7932833479596,26.4592833835952,-11.6855857988062,13.3505279371595,-1.1716311823259,1
2023,"LU21","LU21_116",56.55144,-111.63883,17,6,9,2,1,1,2.66261855300729,-0.551574887420931,0.001913214,0.001913214,0,0,0,0,0,0,0,0,0,0,0,2022,15.1667452830189,-11.8764150943396,2021,39.8098113207547,2020,30.2919431279621,13.6092764370338,-11.9164168494954,26.2131104195675,-11.9152129499348,-11.0463651365486,0.0387978555951705,0.529411764705882
2023,"LU21","LU21_119",56.57495,-112.000478,17,5,4,0,4,1,-1.33667908214968,0.278374274055037,0.003020318,0.003020318,0,0,0,0,0,0,0,0,0,0,0,2022,14.7625,-12.0296226415094,2021,41.0486320754717,2020,31.1002369668246,13.6092764370338,-11.9164168494954,28.3056553295123,-12.0631382278998,-13.5431553295123,0.0335155863903687,0.235294117647059
2022,"LU21","LU21_119",56.57495,-112.000478,1,0,0,0,0,0,-1.33667908214968,0.278374274055037,0.003020318,0.003020318,0,0,0,0,0,0,0,0,0,0,0,2021,41.0486320754717,-12.9358490566038,2020,31.1002369668246,2019,30.8362910798122,38.0779451513822,-12.7932833479596,28.7625770111171,-11.8448712101271,12.2860550643546,-1.0909778464767,0
2023,"LU21","LU21_122",56.57432,-112.17445,16,6,1,2,2,3,-1.63718214484368,0.267648640662241,0,0,0,0,0,0,0,0,0,0,0,0,0,2022,14.591320754717,-11.9595283018868,2021,41.2477358490566,2020,31.123317535545,13.6092764370338,-11.9164168494954,28.7450815488832,-12.0116592992252,-14.1537607941662,0.0521309973383861,0.0625
2022,"LU21","LU21_122",56.57432,-112.17445,1,0,0,0,0,0,-1.63718214484368,0.267648640662241,0,0,0,0,0,0,0,0,0,0,0,0,0,2021,41.2477358490566,-12.8631132075472,2020,31.123317535545,2019,31.2399530516432,38.0779451513822,-12.7932833479596,29.2574454751509,-11.8014717071202,11.9902903739057,-1.06164150042694,0
2023,"LU21","LU21_126",56.6229,-112.17958,16,0,2,0,0,0,-1.97870148236601,-0.0298887297798635,0,0,0,0,0,0,0,0,0,0,0,0,0,2022,14.4392924528302,-12.1345754716981,2021,40.7991037735849,2020,31.6176303317536,13.6092764370338,-11.9164168494954,29.8017556722983,-12.1781669209052,-15.3624632194681,0.0435914492071134,0.125
2022,"LU21","LU21_126",56.6229,-112.17958,1,0,1,0,0,0,-1.97870148236601,-0.0298887297798635,0,0,0,0,0,0,0,0,0,0,0,0,0,2021,40.7991037735849,-13.0008490566038,2020,31.6176303317536,2019,34.4902816901408,38.0779451513822,-12.7932833479596,30.3647393289552,-11.9682076484034,10.4343644446297,-1.03264140820034,1
2022,"LU21","LU21_14",56.61864,-112.09007,1,1,1,0,1,0,-1.12249610916908,0.269886841182659,0,0,0,0,0,0,0,0,0,0,0,0,0,2021,40.5566509433962,-12.9831132075472,2020,31.3054976303318,2019,33.2368544600939,38.0779451513822,-12.7932833479596,29.6832227356481,-11.927329483078,10.8734282077481,-1.05578372446914,1
2023,"LU21","LU21_14",56.61864,-112.09007,16,7,7,0,3,3,-1.12249610916908,0.269886841182659,0,0,0,0,0,0,0,0,0,0,0,0,0,2022,14.5546226415094,-12.1030660377358,2021,40.5566509433962,2020,31.3054976303318,13.6092764370338,-11.9164168494954,29.1721278242702,-12.1415732159153,-14.6175051827608,0.0385071781794579,0.4375
2022,"LU21","LU21_153",56.55046,-111.78557,2,0,0,0,0,0,-1.72953848553451,-0.349573671717967,0.060243453,0.056984138,0.003259315,0,0,0,0,0,0,0.004494619,0,0,0.032299972,2021,41.1025,-12.9192452830189,2020,31.4709478672986,2019,29.4902816901408,38.0779451513822,-12.7932833479596,27.6403878686588,-11.7711787087734,13.4621121313412,-1.14806657424542,0
2023,"LU21","LU21_153",56.55046,-111.78557,17,0,0,0,0,0,-1.72953848553451,-0.349573671717967,0.060243453,0.056984138,0.003259315,0,0,0,0,0,0,0.004494619,0,0,0.032299972,2022,14.6403301886792,-11.974858490566,2021,41.1025,2020,31.4709478672986,13.6092764370338,-11.9164168494954,27.2745237330159,-11.9982401080439,-12.6341935443366,0.0233816174778134,0
2023,"LU21","LU21_16",56.62522,-111.97281,16,1,13,0,1,0,-1.52969797578712,-0.302852752198494,0.003830122,0.002525731,0.001304391,0,0,0,0,0,0.001304391,0.002525731,0,0,0,2022,14.5043396226415,-12.1559905660377,2021,40.2964150943396,2020,31.4072985781991,13.6092764370338,-11.9164168494954,28.8728239196369,-12.1783067103217,-14.3684842969954,0.0223161442839999,0.8125
2022,"LU21","LU21_16",56.62522,-111.97281,1,0,8,0,0,0,-1.52969797578712,-0.302852752198494,0.003830122,0.002525731,0.001304391,0,0,0,0,0,0.001304391,0.002525731,0,0,0,2021,40.2964150943396,-13.0311320754717,2020,31.4072985781991,2019,32.9089201877934,38.0779451513822,-12.7932833479596,29.3952591139934,-11.9593626255731,10.9011559803462,-1.07176944989859,8
2023,"LU21","LU21_164",56.61886,-111.93586,16,7,30,3,2,2,-1.48025694559945,0.255682906099843,0,0,0,0,0,0,0,0,0,0,0,0,0,2022,14.6309433962264,-12.1459433962264,2021,40.2367452830189,2020,31.5036966824645,13.6092764370338,-11.9164168494954,28.7691804774708,-12.1635813834745,-14.1382370812444,0.0176379872481132,1.875
2022,"LU21","LU21_164",56.61886,-111.93586,1,1,4,0,1,0,-1.48025694559945,0.255682906099843,0,0,0,0,0,0,0,0,0,0,0,0,0,2021,40.2367452830189,-13.025141509434,2020,31.5036966824645,2019,32.8441314553991,38.0779451513822,-12.7932833479596,29.2640242916423,-11.9427380444236,10.9727209913766,-1.08240346501032,4
2022,"LU21","LU21_21",56.5663,-112.1497,1,0,1,0,0,0,-2.02198601614028,-0.0817901216488429,0,0,0,0,0,0,0,0,0,0,0,0,0,2021,41.7772169811321,-12.8916037735849,2020,31.7798104265403,2019,31.2342253521127,38.0779451513822,-12.7932833479596,29.3251995079989,-11.820775704877,12.4520174731332,-1.07082806870788,1
2023,"LU21","LU21_21",56.5663,-112.1497,16,9,3,1,6,1,-2.02198601614028,-0.0817901216488429,0,0,0,0,0,0,0,0,0,0,0,0,0,2022,14.8881603773585,-11.9849056603774,2021,41.7772169811321,2020,31.7798104265403,13.6092764370338,-11.9164168494954,28.8354035883989,-12.0329544951717,-13.9472432110404,0.048048834794324,0.1875
2022,"LU21","LU21_23",56.59241,-112.20293,1,0,0,0,0,0,-1.91986039153628,0.160529293378502,0,0,0,0,0,0,0,0,0,0,0,0,0,2021,41.3446698113208,-12.9114622641509,2020,31.2718957345972,2019,32.2657276995305,38.0779451513822,-12.7932833479596,29.7239423008042,-11.8635462163833,11.6207275105166,-1.04791604776761,0
2023,"LU21","LU21_23",56.59241,-112.20293,16,1,2,0,1,0,-1.91986039153628,0.160529293378502,0,0,0,0,0,0,0,0,0,0,0,0,0,2022,14.6430188679245,-12.0217924528302,2021,41.3446698113208,2020,31.2718957345972,13.6092764370338,-11.9164168494954,29.2036362909313,-12.0726891068882,-14.5606174230068,0.0508966540579756,0.125
2023,"LU21","LU21_27",56.62148,-112.14841,16,0,2,0,0,0,-1.50961033858445,0.262287094693778,0,0,0,0,0,0,0,0,0,0,0,0,0,2022,14.4273113207547,-12.1272169811321,2021,40.7634433962264,2020,31.535308056872,13.6092764370338,-11.9164168494954,29.5285641455163,-12.1679144623785,-15.1012528247616,0.0406974812463989,0.125
2022,"LU21","LU21_27",56.62148,-112.14841,1,0,0,0,0,0,-1.50961033858445,0.262287094693778,0,0,0,0,0,0,0,0,0,0,0,0,0,2021,40.7634433962264,-12.9978301886792,2020,31.535308056872,2019,33.8080281690141,38.0779451513822,-12.7932833479596,30.0765934620674,-11.9559694273887,10.686849934159,-1.04186076129058,0
2023,"LU21","LU21_32",56.63876,-112.16299,16,0,0,0,0,0,-1.7211099871142,0.294856446634867,0.000488749,0.000488749,0,0,0,0,0,0,0,0.000488749,0,0,0,2022,14.4347169811321,-12.1954245283019,2021,40.8057547169811,2020,31.7455924170616,13.6092764370338,-11.9164168494954,30.0268297569908,-12.2348697030723,-15.5921127758588,0.0394451747704512,0
2022,"LU21","LU21_32",56.63876,-112.16299,1,0,0,0,0,0,-1.7211099871142,0.294856446634867,0.000488749,0.000488749,0,0,0,0,0,0,0,0.000488749,0,0,0,2021,40.8057547169811,-13.0528773584906,2020,31.7455924170616,2019,34.9756807511737,38.0779451513822,-12.7932833479596,30.6175874535418,-12.0240436576057,10.1881672634394,-1.02883370088485,0
2022,"LU21","LU21_36",56.64851,-111.94768,1,1,4,0,0,1,-1.89167304144408,-0.0435709605246811,0,0,0,0,0,0,0,0,0,0,0,0,0,2021,40.4295754716981,-13.1222169811321,2020,31.9925592417062,2019,34.790234741784,38.0779451513822,-12.7932833479596,30.1771997813392,-12.054510084987,10.2523756903589,-1.06770689614507,4
2023,"LU21","LU21_36",56.64851,-111.94768,16,9,12,4,2,5,-1.89167304144408,-0.0435709605246811,0,0,0,0,0,0,0,0,0,0,0,0,0,2022,15.1356132075472,-12.2646226415094,2021,40.4295754716981,2020,31.9925592417062,13.6092764370338,-11.9164168494954,29.6641505338819,-12.2753613964004,-14.5285373263347,0.010738754890939,0.75
2022,"LU21","LU21_41",56.66848,-111.90783,1,0,0,0,0,0,-1.57776539239302,-0.00431797451572652,0,0,0,0,0,0,0,0,0,0,0,0,0,2021,40.4620283018868,-13.1916509433962,2020,32.0110900473934,2019,34.7421126760563,38.0779451513822,-12.7932833479596,30.2635058685351,-12.124667239357,10.1985224333517,-1.06698370403922,0
2023,"LU21","LU21_41",56.66848,-111.90783,16,0,1,0,0,0,-1.57776539239302,-0.00431797451572652,0,0,0,0,0,0,0,0,0,0,0,0,0,2022,15.1133018867925,-12.3467452830189,2021,40.4620283018868,2020,32.0110900473934,13.6092764370338,-11.9164168494954,29.7183002782179,-12.3478156581718,-14.6049983914254,0.0010703751529153,0.0625
2023,"LU21","LU21_52",56.53988,-111.93567,16,4,30,0,1,3,-1.38486443807785,-0.221360772610792,0,0,0,0,0,0,0,0,0,0,0,0,0,2022,13.0734433962264,-11.9391981132075,2021,41.0130188679245,2020,31.3182938388626,13.6092764370338,-11.9164168494954,27.5922132542845,-11.9670019075811,-14.5187698580581,0.0278037943735772,1.875
2022,"LU21","LU21_52",56.53988,-111.93567,1,0,0,0,0,0,-1.38486443807785,-0.221360772610792,0,0,0,0,0,0,0,0,0,0,0,0,0,2021,41.0130188679245,-12.8754245283019,2020,31.3182938388626,2019,29.4502816901408,38.0779451513822,-12.7932833479596,28.1800735003808,-11.7460888908875,12.8329453675437,-1.12933563741441,0
2023,"LU21","LU21_56",56.55825,-112.187,16,7,1,2,1,3,-1.39859630834579,-0.210966854830197,0,0,0,0,0,0,0,0,0,0,0,0,0,2022,14.7240094339623,-11.9191037735849,2021,41.5403773584906,2020,30.7037440758294,13.6092764370338,-11.9164168494954,28.4656849991693,-11.9727056187504,-13.7416755652071,0.0536018451654918,0.0625
2022,"LU21","LU21_56",56.55825,-112.187,1,0,0,0,0,0,-1.39859630834579,-0.210966854830197,0,0,0,0,0,0,0,0,0,0,0,0,0,2021,41.5403773584906,-12.8294811320755,2020,30.7037440758294,2019,30.678779342723,38.0779451513822,-12.7932833479596,28.972559088186,-11.762991959436,12.5678182703046,-1.06648917263945,0
2023,"LU21","LU21_57",56.56273,-112.14105,16,4,0,1,2,0,-1.23219451334169,-0.358055860987076,0,0,0,0,0,0,0,0,0,0,0,0,0,2022,14.8881603773585,-11.9849056603774,2021,41.7772169811321,2020,31.7798104265403,13.6092764370338,-11.9164168494954,28.8354035883989,-12.0329544951717,-13.9472432110404,0.048048834794324,0
2022,"LU21","LU21_57",56.56273,-112.14105,1,0,1,0,0,0,-1.23219451334169,-0.358055860987076,0,0,0,0,0,0,0,0,0,0,0,0,0,2021,41.7772169811321,-12.8916037735849,2020,31.7798104265403,2019,31.2342253521127,38.0779451513822,-12.7932833479596,29.3251995079989,-11.820775704877,12.4520174731332,-1.07082806870788,1
2022,"LU21","LU21_59",56.56464,-111.58273,2,0,0,0,0,0,3.19330007522668,-0.431003196500366,0.008395046,0.003752747,0.004642299,0,0,0,0,0,0.004642299,0.00295456,0,0,0,2021,38.174858490566,-12.7917452830189,2020,29.2315165876777,2019,27.5923004694836,38.0779451513822,-12.7932833479596,25.4870463736628,-11.6120679369015,12.6878121169033,-1.17967734611736,0
2023,"LU21","LU21_59",56.56464,-111.58273,17,5,3,1,2,2,3.19330007522668,-0.431003196500366,0.008395046,0.003752747,0.004642299,0,0,0,0,0,0.004642299,0.00295456,0,0,0,2022,14.6720754716981,-11.7912735849057,2021,38.174858490566,2020,29.2315165876777,13.6092764370338,-11.9164168494954,25.2523823000271,-11.8411423174328,-10.580306828329,0.049868732527182,0.176470588235294
2022,"LU21","LU21_63",56.60868,-111.96631,1,0,0,0,0,0,-0.479967388766199,-0.983732580026323,0,0,0,0,0,0,0,0,0,0,0,0,0,2021,40.8196226415094,-13.0294339622642,2020,31.5687203791469,2019,32.2686384976526,38.0779451513822,-12.7932833479596,29.3121765058115,-11.9506610502138,11.5074461356979,-1.07877291205033,0
2023,"LU21","LU21_63",56.60868,-111.96631,16,0,0,0,0,0,-0.479967388766199,-0.983732580026323,0,0,0,0,0,0,0,0,0,0,0,0,0,2022,14.6971226415094,-12.1467452830189,2021,40.8196226415094,2020,31.5687203791469,13.6092764370338,-11.9164168494954,28.818449285428,-12.1702798062032,-14.1213266439186,0.0235345231842938,0
2023,"LU21","LU21_68",56.63286,-111.71055,17,2,22,0,2,0,0.556179078177761,-0.787074724610323,0,0,0,0,0,0,0,0,0,0,0,0,0,2022,14.7244339622642,-12.0635849056604,2021,38.3231132075472,2020,30.2816113744076,13.6092764370338,-11.9164168494954,26.8476975681489,-12.0745607211673,-12.1232636058848,0.0109758155069599,1.29411764705882
2022,"LU21","LU21_68",56.63286,-111.71055,2,0,1,0,0,0,0.556179078177761,-0.787074724610323,0,0,0,0,0,0,0,0,0,0,0,0,0,2021,38.3231132075472,-12.9739622641509,2020,30.2816113744076,2019,30.0844131455399,38.0779451513822,-12.7932833479596,27.2302052787924,-11.8460273942763,11.0929079287547,-1.12793486987463,0.5
2023,"LU21","LU21_74",56.51803,-111.86436,16,6,4,5,1,0,-0.965937049136615,-0.539342614443123,0.362591879,0.007595409,0.35499647,0,0,0,0,0,0,0.002672823,0,0.35499647,0,2022,13.1505188679245,-11.878820754717,2021,41.138820754717,2020,31.1536492890995,13.6092764370338,-11.9164168494954,27.0394201480251,-11.9073582061387,-13.8889012801006,0.0285374514216947,0.25
2022,"LU21","LU21_74",56.51803,-111.86436,2,1,1,0,1,0,-0.965937049136615,-0.539342614443123,0.362591879,0.007595409,0.35499647,0,0,0,0,0,0,0.002672823,0,0.35499647,0,2021,41.138820754717,-12.8397641509434,2020,31.1536492890995,2019,28.2011737089202,38.0779451513822,-12.7932833479596,27.5839440409539,-11.6839400154623,13.5548767137631,-1.15582413548108,0.5
2022,"LU21","LU21_78",56.52056,-111.82865,2,0,1,0,0,0,1.46926407995915,-0.87282673383898,0.190668796,0.005534557,0.185134239,0,0,0,0,0,0,0.002720237,0,0.185134239,0,2021,41.1931132075472,-12.856320754717,2020,31.1754028436019,2019,28.1019718309859,38.0779451513822,-12.7932833479596,27.4560967912128,-11.6956122530315,13.7370164163343,-1.16070850168552,0.5
2023,"LU21","LU21_78",56.52056,-111.82865,17,12,17,2,4,3,1.46926407995915,-0.87282673383898,0.190668796,0.005534557,0.185134239,0,0,0,0,0,0,0.002720237,0,0.185134239,0,2022,13.1969339622642,-11.8912264150943,2021,41.1931132075472,2020,31.1754028436019,13.6092764370338,-11.9164168494954,26.9554894220119,-11.9202307875663,-13.7585554597478,0.0290043724719506,1
2022,"LU21","LU21_82",56.5299,-112.16533,1,0,0,0,0,0,-0.121386175319105,0.58759070242383,0.001836875,0.001836875,0,0,0,0,0,0,0,0.000231242,0,0,0,2021,41.6291509433962,-12.7925471698113,2020,31.0962559241706,2019,29.430985915493,38.0779451513822,-12.7932833479596,28.7247289771733,-11.6962559755984,12.904421966223,-1.09629119421288,0
2023,"LU21","LU21_82",56.5299,-112.16533,16,9,11,1,2,5,-0.121386175319105,0.58759070242383,0.001836875,0.001836875,0,0,0,0,0,0,0,0.000231242,0,0,0,2022,13.3724528301887,-11.8557547169811,2021,41.6291509433962,2020,31.0962559241706,13.6092764370338,-11.9164168494954,28.0963945566996,-11.90797418077,-14.7239417265109,0.0522194637888767,0.6875
2023,"LU21","LU21_871",56.55634,-112.09488,16,14,20,5,9,5,1.46174590262926,-1.28574316469836,0.002825368,0.002825368,0,0,0,0,0,0,0,0,0,0,0,2022,13.5557075471698,-11.5896698113208,2021,37.2114622641509,2020,27.2785781990521,13.6092764370338,-11.9164168494954,25.7459618523276,-11.654849663204,-12.1902543051578,0.0651798518832827,1.25
2022,"LU21","LU21_871",56.55634,-112.09488,1,1,2,0,1,0,1.46174590262926,-1.28574316469836,0.002825368,0.002825368,0,0,0,0,0,0,0,0,0,0,0,2021,37.2114622641509,-12.5305660377358,2020,27.2785781990521,2019,27.8859624413146,38.0779451513822,-12.7932833479596,26.1727455879029,-11.443368796874,11.0387166762481,-1.08719724086187,2
2023,"LU21","LU21_93",56.56624,-111.84483,17,14,12,4,13,4,-0.00853144791703167,-0.646879946623932,0.015431944,0.012343583,0.003088361,0,0,0,0,0,0.00254621,0.007959123,0,0,0,2022,14.2341981132075,-11.8667452830189,2021,39.1146226415094,2020,29.9968246445498,13.6092764370338,-11.9164168494954,26.6602369194042,-11.898228772168,-12.4260388061966,0.0314834891491476,0.705882352941177
2022,"LU21","LU21_93",56.56624,-111.84483,2,2,2,0,2,1,-0.00853144791703167,-0.646879946623932,0.015431944,0.012343583,0.003088361,0,0,0,0,0,0.00254621,0.007959123,0,0,0,2021,39.1146226415094,-12.8023113207547,2020,29.9968246445498,2019,29.3296713615023,38.0779451513822,-12.7932833479596,27.0396119949,-11.6752894869427,12.0750106466094,-1.12702183381206,1
2022,"LU21","LU21_97",56.57623,-111.59377,2,1,2,0,1,0,2.66890740515076,-0.95344596582328,0.014108253,0.007259694,0.006848559,0,0,0,0,0,0.006848559,0.003850879,0,0,0,2021,38.6735849056604,-12.8654245283019,2020,30.0031279620853,2019,28.5203755868545,38.0779451513822,-12.7932833479596,26.1860271942898,-11.697275478232,12.4875577113706,-1.16814905006986,1
2023,"LU21","LU21_97",56.57623,-111.59377,17,6,13,0,4,0,2.66890740515076,-0.95344596582328,0.014108253,0.007259694,0.006848559,0,0,0,0,0,0.006848559,0.003850879,0,0,0,2022,14.8044339622642,-11.8922641509434,2021,38.6735849056604,2020,30.0031279620853,13.6092764370338,-11.9164168494954,25.9160504268815,-11.9277331240498,-11.1116164646173,0.035468973106358,0.764705882352941
2022,"LU21","LU21_98",56.51305,-111.87949,1,1,1,0,0,1,-0.437091735408405,0.093155178939165,0.197862533,0.019755528,0.178107005,0.000954813,0,0,0,0,0,0.003957105,0,0.178107005,0,2021,41.2067924528302,-12.8404716981132,2020,31.2745023696682,2019,28.3330985915493,38.0779451513822,-12.7932833479596,27.7267756305881,-11.6860469740612,13.480016822242,-1.15442472405203,1
2023,"LU21","LU21_98",56.51305,-111.87949,16,1,3,0,1,0,-0.437091735408405,0.093155178939165,0.197862533,0.019755528,0.178107005,0.000954813,0,0,0,0,0,0.003957105,0,0.178107005,0,2022,13.085,-11.8824056603774,2021,41.2067924528302,2020,31.2745023696682,13.6092764370338,-11.9164168494954,27.1627871542757,-11.9091465923541,-14.0777871542757,0.026740931976768,0.1875
2023,"LU22","LU22_04",56.82068,-114.7117,1,0,2,0,0,0,-0.348399172285846,-0.675387102733356,0.370163983781573,0.105839165274339,0.264324818507234,0.0419706278846596,0.00410816362260343,0,0.00410816362260343,0,0.0265080427317933,0.0248981082443292,0,0.0328610077539607,0.0365153303681934,2022,18.637358490566,-12.3477358490566,2021,47.4532075471698,2020,51.4204265402844,13.6092764370338,-11.9164168494954,47.3919855379803,-12.5116311707809,-28.7546270474142,0.16389532172427,2
2024,"LU22","LU22_04",56.82068,-114.7117,13,0,4,0,0,0,-0.348399172285846,-0.675387102733356,0.370163983781573,0.105839165274339,0.264324818507234,0.0419706278846596,0.00410816362260343,0,0.00410816362260343,0,0.0265080427317933,0.0248981082443292,0,0.0328610077539607,0.0365153303681934,2023,16.9974647887324,-9.98948356807512,2022,18.637358490566,2021,47.4532075471698,16.2434159842778,-9.26000327546675,43.1734655338538,-12.2099728480165,-26.1760007451214,2.22048927994136,0.307692307692308
2023,"LU22","LU22_05",56.82219,-114.68971,1,0,0,0,0,0,0.779154189275249,-1.22622363051471,0.160640849623124,0.0550482349968134,0.105592614626311,0.0193019207090913,0.00410816362260366,0,0.00410816362260366,0,0.00918291251048304,0.0287711883504559,0,0.0119722529243296,0.00553844160328707,2022,18.615141509434,-12.3441037735849,2021,47.3139150943396,2020,51.0955450236967,13.6092764370338,-11.9164168494954,47.4548062144201,-12.5103149945715,-28.8396647049861,0.166211220986645,0
2024,"LU22","LU22_05",56.82219,-114.68971,13,0,13,0,0,0,0.779154189275249,-1.22622363051471,0.160640849623124,0.0550482349968134,0.105592614626311,0.0193019207090913,0.00410816362260366,0,0.00410816362260366,0,0.00918291251048304,0.0287711883504559,0,0.0119722529243296,0.00553844160328707,2023,17.0637089201878,-9.98605633802817,2022,18.615141509434,2021,47.3139150943396,16.2434159842778,-9.26000327546675,43.0903264997108,-12.2082158508076,-26.026617579523,2.22215951277946,1
2023,"LU22","LU22_06",56.81301,-114.62326,1,0,0,0,0,0,1.28376398864431,-0.457059809579372,0.08598334964868,0.0338342187031314,0.0521491309455486,0.0158231454072694,0,0,0,0,0,0.0165536474040957,0,0,0,2022,18.8408490566038,-12.3311320754717,2021,47.1979245283019,2020,51.1156872037915,13.6092764370338,-11.9164168494954,46.7802662678997,-12.4955354380844,-27.9394172112959,0.164403362612653,0
2024,"LU22","LU22_07",56.82454,-114.61899,13,0,5,0,0,0,1.33603590155456,-1.21557919890734,0.109988029594259,0.0558073716473366,0.0541806579469225,0.0156875580086289,0,0,0,0,0.00205939528393928,0.0170476579656698,0,0,0.0208877194698226,2023,19.6516901408451,-9.93892018779343,2022,18.5079245283019,2021,46.0750471698113,16.2434159842778,-9.26000327546675,41.7310408749501,-12.1630827672361,-22.079350734105,2.22416257944263,0.384615384615385
2023,"LU22","LU22_07",56.82454,-114.61899,1,0,3,0,0,0,1.33603590155456,-1.21557919890734,0.109988029594259,0.0558073716473366,0.0541806579469225,0.0156875580086289,0,0,0,0,0.00205939528393928,0.0170476579656698,0,0,0.0208877194698226,2022,18.5079245283019,-12.3062264150943,2021,46.0750471698113,2020,49.0803317535545,13.6092764370338,-11.9164168494954,45.8268200133739,-12.4671361237098,-27.318895485072,0.160909708615476,3
2024,"LU22","LU22_08",56.83722,-114.62565,13,1,3,0,0,1,0.532989146702933,-0.747924284739292,0.204910081050006,0.0609865168406557,0.14392356420935,0.0156571558705089,0,0,0,0,0,0.0187397849727527,0,0.0878282105730648,0.0233642921972149,2023,19.1864319248826,-9.95464788732394,2022,18.5977358490566,2021,46.3999056603774,16.2434159842778,-9.26000327546675,41.6593246400653,-12.1757879261893,-22.4728927151827,2.22114003886531,0.230769230769231
2023,"LU22","LU22_08",56.83722,-114.62565,1,0,0,0,0,0,0.532989146702933,-0.747924284739292,0.204910081050006,0.0609865168406557,0.14392356420935,0.0156571558705089,0,0,0,0,0,0.0187397849727527,0,0.0878282105730648,0.0233642921972149,2022,18.5977358490566,-12.3175471698113,2021,46.3999056603774,2020,49.8852606635071,13.6092764370338,-11.9164168494954,45.7896791699446,-12.4790276055407,-27.191943320888,0.161480435729359,0
2023,"LU22","LU22_101",57.0512,-114.53072,1,0,0,0,0,0,-0.636947622970186,-0.669400527611261,0.0936944225287326,0.0307446854242447,0.062949737104488,0.0155443007248703,0.00377217958895965,0,0.00377217958895965,0,0,0.00852114060947437,0,0,0.00633996060287848,2022,17.7739622641509,-12.5290094339623,2021,43.4804245283019,2020,48.1342180094787,13.6092764370338,-11.9164168494954,43.2000381155562,-12.6299459384784,-25.4260758514053,0.100936504516165,0
2024,"LU22","LU22_101",57.0512,-114.53072,13,0,5,0,0,0,-0.636947622970186,-0.669400527611261,0.0936944225287326,0.0307446854242447,0.062949737104488,0.0155443007248703,0.00377217958895965,0,0.00377217958895965,0,0,0.00852114060947437,0,0,0.00633996060287848,2023,29.0458215962441,-10.2352112676056,2022,17.7739622641509,2021,43.4804245283019,16.2434159842778,-9.26000327546675,40.3881675239179,-12.3426213273043,-11.3423459276738,2.10741005969864,0.384615384615385
2024,"LU22","LU22_103",57.06662,-114.8876,13,2,6,1,1,0,0.896162826031568,-0.407638291887056,0.158210955980959,0.0441617610202688,0.11404919496069,0.0179991982563746,0,0,0,0,0,0.0253463605537219,0,0.0438673083156543,0,2023,15.905117370892,-9.82647887323944,2022,14.1832547169811,2021,37.1320283018868,16.2434159842778,-9.26000327546675,32.6220633187019,-11.8748210355568,-16.7169459478099,2.04834216231736,0.461538461538462
2023,"LU22","LU22_103",57.06662,-114.8876,1,0,0,0,0,0,0.896162826031568,-0.407638291887056,0.158210955980959,0.0441617610202688,0.11404919496069,0.0179991982563746,0,0,0,0,0,0.0253463605537219,0,0.0438673083156543,0,2022,14.1832547169811,-12.1177830188679,2021,37.1320283018868,2020,41.2188151658768,13.6092764370338,-11.9164168494954,35.7751224461219,-12.1692471267875,-21.5918677291407,0.0514641079195837,0
2024,"LU22","LU22_107",57.07735,-114.94152,13,3,4,0,2,1,1.24928255633329,-0.161433400837797,0.153390512758536,0.0566709202021234,0.0967195925564124,0.023592617451203,0,0,0,0,0.00208369549331568,0.0251523584696806,0.00734505732734664,0,0,2023,15.4236150234742,-9.76835680751174,2022,13.6955660377358,2021,35.9691037735849,16.2434159842778,-9.26000327546675,30.9223958513068,-11.813984798889,-15.4987808278327,2.04562799137722,0.307692307692308
2023,"LU22","LU22_107",57.07735,-114.94152,1,0,0,0,0,0,1.24928255633329,-0.161433400837797,0.153390512758536,0.0566709202021234,0.0967195925564124,0.023592617451203,0,0,0,0,0.00208369549331568,0.0251523584696806,0.00734505732734664,0,0,2022,13.6955660377358,-12.0679245283019,2021,35.9691037735849,2020,39.2469194312796,13.6092764370338,-11.9164168494954,34.0314597160405,-12.110187605272,-20.3358936783047,0.0422630769701087,0
2024,"LU22","LU22_11",56.8379,-114.75189,13,1,0,0,0,0,1.14403712643289,-0.041465249572498,0.201388019157714,0.0634890231624732,0.13789899599524,0.0262603490576319,0,0,0,0,0.00632240716542469,0.0247814120147871,0,0,0.00924680900413796,2023,17.9842723004695,-10.0364319248826,2022,18.6244811320755,2021,46.9573113207547,16.2434159842778,-9.26000327546675,42.4462973312985,-12.2397147706897,-24.462025030829,2.20328284580709,0
2023,"LU22","LU22_11",56.8379,-114.75189,1,0,1,0,0,0,1.14403712643289,-0.041465249572498,0.201388019157714,0.0634890231624732,0.13789899599524,0.0262603490576319,0,0,0,0,0.00632240716542469,0.0247814120147871,0,0,0.00924680900413796,2022,18.6244811320755,-12.3590566037736,2021,46.9573113207547,2020,51.1377725118483,13.6092764370338,-11.9164168494954,46.4313419433627,-12.5385957977685,-27.8068608112872,0.179539193994879,1
2023,"LU22","LU22_110",57.08053,-115.04659,1,0,1,0,0,0,1.23163674979265,-0.687403950990729,0.169191522528123,0.0490430174068916,0.120148505121231,0.0259355114069251,0,0,0,0,0.000669411011752338,0.0154053285231648,0,0.0451570119858855,0.00570497990197031,2022,13.0064150943396,-12.0121698113208,2021,34.676179245283,2020,35.4305687203791,13.6092764370338,-11.9164168494954,31.6608856266537,-12.0290468004279,-18.6544705323141,0.016876989107109,1
2024,"LU22","LU22_110",57.08053,-115.04659,13,5,16,0,1,3,1.23163674979265,-0.687403950990729,0.169191522528123,0.0490430174068916,0.120148505121231,0.0259355114069251,0,0,0,0,0.000669411011752338,0.0154053285231648,0,0.0451570119858855,0.00570497990197031,2023,14.685117370892,-9.6824882629108,2022,13.0064150943396,2021,34.676179245283,16.2434159842778,-9.26000327546675,28.5858919882471,-11.7306948070949,-13.900774617355,2.0482065441841,1.23076923076923
2024,"LU22","LU22_15",56.85429,-114.83213,13,1,4,0,1,0,2.19778632229353,-0.27171668634155,0.220557562803283,0.0465333556024045,0.174024207200878,0.026723019242829,0,0,0,0,0,0.0135243539709467,0,0.0530396220785316,0,2023,17.4298591549296,-9.92258215962441,2022,17.8127830188679,2021,45.1318396226415,16.2434159842778,-9.26000327546675,40.4040931422417,-12.0976898751569,-22.9742339873121,2.17510771553249,0.307692307692308
2023,"LU22","LU22_15",56.85429,-114.83213,1,0,0,0,0,0,2.19778632229353,-0.27171668634155,0.220557562803283,0.0465333556024045,0.174024207200878,0.026723019242829,0,0,0,0,0,0.0135243539709467,0,0.0530396220785316,0,2022,17.8127830188679,-12.2430660377358,2021,45.1318396226415,2020,49.2682938388626,13.6092764370338,-11.9164168494954,43.9886255499581,-12.3950509972247,-26.1758425310902,0.151984959488804,0
2023,"LU22","LU22_17",56.86489,-114.73563,1,0,0,0,0,0,2.03569484511941,-1.32312900384002,0.23943991383451,0.091195526758735,0.148244387075775,0.0271310612760054,0.00198730607027102,0,0.00198730607027102,0,0.0142915370200547,0.0364910063559381,0,0.0215081129803019,0.0264746752241157,2022,18.4231132075472,-12.350141509434,2021,46.2945754716981,2020,50.3588151658768,13.6092764370338,-11.9164168494954,45.9195147292345,-12.527807554425,-27.4964015216873,0.177666044991085,0
2024,"LU22","LU22_17",56.86489,-114.73563,13,2,2,0,1,1,2.03569484511941,-1.32312900384002,0.23943991383451,0.091195526758735,0.148244387075775,0.0271310612760054,0.00198730607027102,0,0.00198730607027102,0,0.0142915370200547,0.0364910063559381,0,0.0215081129803019,0.0264746752241157,2023,18.2186384976526,-10.0315492957746,2022,18.4231132075472,2021,46.2945754716981,16.2434159842778,-9.26000327546675,41.9199812191116,-12.2297364218996,-23.701342721459,2.19818712612496,0.153846153846154
2023,"LU22","LU22_18",56.86026,-114.64916,1,0,0,0,0,0,1.56669124213158,-0.319510526897058,0.214687838065379,0.0296731199859468,0.185014718079432,0.0138991857477022,0,0,0,0,0.00427207722442836,0.0157739342382446,0,0.124235139917843,0,2022,17.9102358490566,-12.2810849056604,2021,45.8356132075472,2020,47.9892890995261,13.6092764370338,-11.9164168494954,44.5306619308796,-12.4321171843397,-26.6204260818229,0.151032278679352,0
2024,"LU22","LU22_18",56.86026,-114.64916,13,1,20,0,0,0,1.56669124213158,-0.319510526897058,0.214687838065379,0.0296731199859468,0.185014718079432,0.0138991857477022,0,0,0,0,0.00427207722442836,0.0157739342382446,0,0.124235139917843,0,2023,17.6859624413146,-9.9287323943662,2022,17.9102358490566,2021,45.8356132075472,16.2434159842778,-9.26000327546675,40.360910993834,-12.1302139250598,-22.6749485525195,2.2014815306936,1.53846153846154
2023,"LU22","LU22_21",56.87619,-114.8343,1,0,0,0,0,0,1.42017543711859,-0.52060998973573,0.296113884800185,0.0396212550428263,0.256492629757359,0.0159832701405625,0,0,0,0,0,0.0143088402774325,0,0.185933288901668,0,2022,17.4067924528302,-12.2277830188679,2021,45.5509433962264,2020,48.7615165876777,13.6092764370338,-11.9164168494954,43.535764762009,-12.3702244404758,-26.1289723091788,0.142441421607831,0
2024,"LU22","LU22_21",56.87619,-114.8343,13,1,2,0,1,0,1.42017543711859,-0.52060998973573,0.296113884800185,0.0396212550428263,0.256492629757359,0.0159832701405625,0,0,0,0,0,0.0143088402774325,0,0.185933288901668,0,2023,17.4732394366197,-9.92244131455399,2022,17.4067924528302,2021,45.5509433962264,16.2434159842778,-9.26000327546675,40.0138791614604,-12.0757328925959,-22.5406397248407,2.15329157804192,0.153846153846154
2024,"LU22","LU22_22",56.87814,-114.7846,13,0,2,0,0,0,-0.925975785370311,-0.0723055753862438,0.376203163212954,0.0611163304919214,0.315086832721032,0.0142244349345642,0,0,0,0,0.00437082919429519,0.0240863450108622,0,0.268296528959581,0.00117582746080754,2023,17.1717370892019,-9.88267605633803,2022,17.1937264150943,2021,45.0873113207547,16.2434159842778,-9.26000327546675,39.3681601235588,-12.0497642958764,-22.196423034357,2.16708823953833,0.153846153846154
2023,"LU22","LU22_22",56.87814,-114.7846,1,0,0,0,0,0,-0.925975785370311,-0.0723055753862438,0.376203163212954,0.0611163304919214,0.315086832721032,0.0142244349345642,0,0,0,0,0.00437082919429519,0.0240863450108622,0,0.268296528959581,0.00117582746080754,2022,17.1937264150943,-12.2083962264151,2021,45.0873113207547,2020,47.5842654028436,13.6092764370338,-11.9164168494954,42.9997859202751,-12.3479527284971,-25.8060595051807,0.139556502081977,0
2023,"LU22","LU22_25",56.8749,-114.66645,1,0,1,0,0,0,2.05846195663589,-0.57687352075157,0.11230793758434,0.0335140848012877,0.0787938527830521,0.0168349864671021,0.00860352412585722,0,0.00860352412585722,0,0.0101528325774227,0.0145080586054025,0,0,0,2022,16.5202830188679,-12.1572641509434,2021,42.8735377358491,2020,45.4031279620853,13.6092764370338,-11.9164168494954,41.5141185902372,-12.2780223182641,-24.9938355713692,0.120758167320687,1
2024,"LU22","LU22_25",56.8749,-114.66645,13,2,1,0,2,0,2.05846195663589,-0.57687352075157,0.11230793758434,0.0335140848012877,0.0787938527830521,0.0168349864671021,0.00860352412585722,0,0.00860352412585722,0,0.0101528325774227,0.0145080586054025,0,0,0,2023,17.0350704225352,-9.80107981220657,2022,16.5202830188679,2021,42.8735377358491,16.2434159842778,-9.26000327546675,37.6418048716482,-11.9758283675427,-20.606734449113,2.17474855533609,0.0769230769230769
2023,"LU22","LU22_29",56.88538,-114.74471,1,0,0,0,0,0,0.394622984464815,1.58478227093576,0.735941204410235,0.0538237925592736,0.682117411850962,0.0294769136249276,0.00949202671047579,0,0.00525054227573894,0,0.0106781155943679,0.00990636496964525,0,0.540404019485831,0.011535169114499,2022,17.7658018867925,-12.312641509434,2021,46.8020754716981,2020,50.4530331753555,13.6092764370338,-11.9164168494954,45.2839961555649,-12.4776135113244,-27.5181942687725,0.164972001890407,0
2024,"LU22","LU22_29",56.88538,-114.74471,13,2,3,0,1,1,0.394622984464815,1.58478227093576,0.735941204410235,0.0538237925592736,0.682117411850962,0.0294769136249276,0.00949202671047579,0,0.00525054227573894,0,0.0106781155943679,0.00990636496964525,0,0.540404019485831,0.011535169114499,2023,18.2476525821596,-10.0052582159624,2022,17.7658018867925,2021,46.8020754716981,16.2434159842778,-9.26000327546675,41.4152562567436,-12.1810816214356,-23.167603674584,2.17582340547312,0.230769230769231
2023,"LU22","LU22_30",56.88089,-114.72423,1,0,0,0,0,0,1.1925621348449,1.79630243556807,0.616762220149747,0.0351867756266134,0.581575444523134,0.0158260432980993,0.00626818400881089,0,0.00626818400881089,0,0.00761415097641177,0.0144319215567465,0,0.487865186620671,0.00280893053390376,2022,17.9878301886792,-12.2981132075472,2021,46.8677358490566,2020,49.4690521327014,13.6092764370338,-11.9164168494954,45.1381201474412,-12.4607251530421,-27.1502899587619,0.162611945494978,0
2024,"LU22","LU22_30",56.88089,-114.72423,13,1,5,0,0,0,1.1925621348449,1.79630243556807,0.616762220149747,0.0351867756266134,0.581575444523134,0.0158260432980993,0.00626818400881089,0,0.00626818400881089,0,0.00761415097641177,0.0144319215567465,0,0.487865186620671,0.00280893053390376,2023,18.0530046948357,-9.97821596244131,2022,17.9878301886792,2021,46.8677358490566,16.2434159842778,-9.26000327546675,41.1715514230165,-12.1625793400629,-23.1185467281808,2.18436337762156,0.384615384615385
2023,"LU22","LU22_32",56.88297,-114.62615,1,0,1,0,0,0,2.02901560978505,-0.170492804886921,0.313214284153121,0.0283740189792215,0.2848402651739,0.019907158429553,0,0,0,0,0,0.00745248574316516,0,0.220227104881388,0,2022,16.4627830188679,-12.1325,2021,42.7265094339623,2020,44.7815639810427,13.6092764370338,-11.9164168494954,40.9016184800347,-12.2489101419068,-24.4388354611668,0.11641014190683,1
2024,"LU22","LU22_32",56.88297,-114.62615,13,1,6,0,1,0,2.02901560978505,-0.170492804886921,0.313214284153121,0.0283740189792215,0.2848402651739,0.019907158429553,0,0,0,0,0,0.00745248574316516,0,0.220227104881388,0,2023,17.9145539906103,-9.77098591549296,2022,16.4627830188679,2021,42.7265094339623,16.2434159842778,-9.26000327546675,37.2043202861608,-11.9460226055729,-19.2897662955505,2.17503669007997,0.461538461538462
2023,"LU22","LU22_33",56.8931,-114.76378,1,0,0,0,0,0,-0.877755550627562,0.873677158019401,0.517772729160268,0.0713781765705779,0.44639455258969,0.0284922015954953,0.00292719354223146,0,0.00292719354223146,0,0.00789842398042435,0.0139447246041407,0,0.318401820995083,0.02653486059674,2022,17.7332547169811,-12.1737264150943,2021,44.0016981132075,2020,47.3067772511848,13.6092764370338,-11.9164168494954,42.3718901121714,-12.3022287126873,-24.6386353951903,0.128502297592961,0
2024,"LU22","LU22_33",56.8931,-114.76378,13,2,2,0,0,2,-0.877755550627562,0.873677158019401,0.517772729160268,0.0713781765705779,0.44639455258969,0.0284922015954953,0.00292719354223146,0,0.00292719354223146,0,0.00789842398042435,0.0139447246041407,0,0.318401820995083,0.02653486059674,2023,17.0789201877934,-9.84784037558685,2022,17.7332547169811,2021,44.0016981132075,16.2434159842778,-9.26000327546675,38.7519298190324,-12.0044365193434,-21.673009631239,2.15659614375655,0.153846153846154
2023,"LU22","LU22_34",56.902,-114.75753,1,0,1,0,0,0,-0.917335714526874,-0.314630774621495,0.268249580731857,0.06922604535911,0.199023535372747,0.0273128988876846,0.00777794470970424,0,0.00777794470970424,0,0.0171500488215966,0.0231811378510744,0,0.0528052000152803,0.0186647025391271,2022,17.5146698113208,-12.1750471698113,2021,43.7000943396226,2020,47.165971563981,13.6092764370338,-11.9164168494954,42.4042558413709,-12.302776893709,-24.8895860300501,0.127729723897652,1
2024,"LU22","LU22_34",56.902,-114.75753,13,2,1,0,1,0,-0.917335714526874,-0.314630774621495,0.268249580731857,0.06922604535911,0.199023535372747,0.0273128988876846,0.00777794470970424,0,0.00777794470970424,0,0.0171500488215966,0.0231811378510744,0,0.0528052000152803,0.0186647025391271,2023,17.0936150234742,-9.85323943661972,2022,17.5146698113208,2021,43.7000943396226,16.2434159842778,-9.26000327546675,38.7409567332076,-12.0046956878179,-21.6473417097334,2.15145625119815,0.0769230769230769
2023,"LU22","LU22_35",56.89601,-114.73399,1,0,0,0,0,0,0.421824685647757,1.23440879627432,0.714953159820339,0.0537239262642879,0.661229233556051,0.0249954213055971,0.00235454859540642,0,0.00235454859540642,0,0.0207613924708741,0.0140207490601981,0,0.470035992795433,0.00767651223808022,2022,17.5614150943396,-12.1717924528302,2021,43.7915094339623,2020,47.2004739336493,13.6092764370338,-11.9164168494954,42.3674329726554,-12.2992438625995,-24.8060178783158,0.127451409769318,0
2024,"LU22","LU22_35",56.89601,-114.73399,13,0,6,0,0,0,0.421824685647757,1.23440879627432,0.714953159820339,0.0537239262642879,0.661229233556051,0.0249954213055971,0.00235454859540642,0,0.00235454859540642,0,0.0207613924708741,0.0140207490601981,0,0.470035992795433,0.00767651223808022,2023,17.0298591549296,-9.84178403755869,2022,17.5614150943396,2021,43.7915094339623,16.2434159842778,-9.26000327546675,38.6187773421901,-12.0001471077201,-21.5889181872606,2.15836307016141,0.461538461538462
2023,"LU22","LU22_36",56.90241,-114.70744,1,0,0,0,0,0,0.698511210339033,-0.547775182782574,0.228412262129554,0.0737829230897261,0.154629339039827,0.0252578607942973,0,0,0,0,0.0166158325540105,0.0264049919844328,0,0,0.0173510877519524,2022,16.6975,-12.0795283018868,2021,41.8150471698113,2020,45.1091943127962,13.6092764370338,-11.9164168494954,40.0491588194866,-12.1847605038614,-23.3516588194866,0.105232201974607,0
2024,"LU22","LU22_36",56.90241,-114.70744,13,0,12,0,0,0,0.698511210339033,-0.547775182782574,0.228412262129554,0.0737829230897261,0.154629339039827,0.0252578607942973,0,0,0,0,0.0166158325540105,0.0264049919844328,0,0,0.0173510877519524,2023,16.1530985915493,-9.73018779342723,2022,16.6975,2021,41.8150471698113,16.2434159842778,-9.26000327546675,36.3762220693,-11.8835108806012,-20.2231234777507,2.153323087174,0.923076923076923
2023,"LU22","LU22_38",56.92197,-114.78486,1,0,0,0,0,0,1.96699207772817,-0.939629052322794,0.191355952732921,0.0640027232103369,0.127353229522584,0.0198346585798474,0,0,0,0,0.0210894467393535,0.0318839469836226,0,0,0.00776087286724308,2022,17.056179245283,-12.1753301886792,2021,42.5583018867924,2020,46.9972037914692,13.6092764370338,-11.9164168494954,41.9088396154664,-12.3021280797873,-24.8526603701834,0.126797891108039,0
2024,"LU22","LU22_40",56.92592,-114.38989,13,0,1,0,0,0,0.0905195246516928,0.487392413270089,0.55525832432434,0.0244868687385736,0.530771455585767,0.017405619872743,0,0,0,0,0,0.00199547004001991,0,0.460528017232518,0,2023,24.6659154929577,-9.7293427230047,2022,17.0703773584906,2021,41.1158962264151,16.2434159842778,-9.26000327546675,35.7539918304753,-11.905200242205,-11.0880763375175,2.17585751920033,0.0769230769230769
2023,"LU22","LU22_40",56.92592,-114.38989,1,0,1,0,0,0,0.0905195246516928,0.487392413270089,0.55525832432434,0.0244868687385736,0.530771455585767,0.017405619872743,0,0,0,0,0,0.00199547004001991,0,0.460528017232518,0,2022,17.0703773584906,-12.1226886792453,2021,41.1158962264151,2020,41.8542180094787,13.6092764370338,-11.9164168494954,38.4222606072895,-12.2115029933666,-21.351883248799,0.0888143141213114,1
2023,"LU22","LU22_44",56.9196,-114.85827,1,0,0,0,0,0,1.21771713801783,-0.448662521519542,0.27895523758056,0.0775618536381388,0.201393383942421,0.0228328506450979,0.00223747474759767,0,0.00223747474759767,0,0.00631545700896068,0.0214767086639437,0,0.0619583996775711,0.0272892403312382,2022,16.8096226415094,-12.1342452830189,2021,42.0791509433962,2020,45.635355450237,13.6092764370338,-11.9164168494954,40.4617366650893,-12.223058045432,-23.6521140235799,0.0888127624131023,0
2024,"LU22","LU22_44",56.9196,-114.85827,13,3,7,0,1,3,1.21771713801783,-0.448662521519542,0.27895523758056,0.0775618536381388,0.201393383942421,0.0228328506450979,0.00223747474759767,0,0.00223747474759767,0,0.00631545700896068,0.0214767086639437,0,0.0619583996775711,0.0272892403312382,2023,16.8023943661972,-9.80962441314554,2022,16.8096226415094,2021,42.0791509433962,16.2434159842778,-9.26000327546675,37.2234579969581,-11.9279097262479,-20.421063630761,2.11828531310233,0.538461538461538
2023,"LU22","LU22_46",56.9445,-114.39758,1,0,0,0,0,0,2.47950508267383,-0.563147093229883,0.140913633085284,0.0418600109501371,0.0990536221351472,0.0207917853625999,0,0,0,0,0.00267032157717176,0.00860059430995414,0,0.00207813714258414,0,2022,15.6425471698113,-12.0229716981132,2021,37.8593867924528,2020,38.9637914691943,13.6092764370338,-11.9164168494954,35.1803905102743,-12.0812115491133,-19.537843340463,0.0582398510001365,0
2024,"LU22","LU22_46",56.9445,-114.39758,13,2,4,0,2,0,2.47950508267383,-0.563147093229883,0.140913633085284,0.0418600109501371,0.0990536221351472,0.0207917853625999,0,0,0,0,0.00267032157717176,0.00860059430995414,0,0.00207813714258414,0,2023,22.6695305164319,-9.60802816901408,2022,15.6425471698113,2021,37.8593867924528,16.2434159842778,-9.26000327546675,32.6428769122421,-11.7734105769729,-9.97334639581015,2.16538240795879,0.307692307692308
2024,"LU22","LU22_47",56.93777,-114.38641,13,5,6,1,2,3,2.3591696224794,-0.402372423123317,0.155152064336059,0.0349505029875573,0.120201561348502,0.0232281326521581,0,0,0,0,0,0.00366206118151286,0,0.00914692564144051,0,2023,22.6695305164319,-9.60802816901408,2022,15.6425471698113,2021,37.8593867924528,16.2434159842778,-9.26000327546675,32.6428769122421,-11.7734105769729,-9.97334639581015,2.16538240795879,0.461538461538462
2023,"LU22","LU22_47",56.93777,-114.38641,1,0,0,0,0,0,2.3591696224794,-0.402372423123317,0.155152064336059,0.0349505029875573,0.120201561348502,0.0232281326521581,0,0,0,0,0,0.00366206118151286,0,0.00914692564144051,0,2022,15.6425471698113,-12.0229716981132,2021,37.8593867924528,2020,38.9637914691943,13.6092764370338,-11.9164168494954,35.1803905102743,-12.0812115491133,-19.537843340463,0.0582398510001365,0
2024,"LU22","LU22_48",56.93743,-114.96295,13,6,9,0,3,2,0.879351564093876,-1.12757995046384,0.216043890825545,0.0688629158568994,0.147180974968645,0.0185549269063153,0.00682221360875337,0,0.00682221360875337,0,0.00867065215147153,0.0307438215486404,0,0.0357578448044678,0.0195641674019436,2023,14.2784037558685,-9.49849765258216,2022,14.0243396226415,2021,36.3857547169811,16.2434159842778,-9.26000327546675,31.3904676310214,-11.6029783017704,-17.1120638751529,2.10448064918823,0.692307692307692
2023,"LU22","LU22_48",56.93743,-114.96295,1,0,0,0,0,0,0.879351564093876,-1.12757995046384,0.216043890825545,0.0688629158568994,0.147180974968645,0.0185549269063153,0.00682221360875337,0,0.00682221360875337,0,0.00867065215147153,0.0307438215486404,0,0.0357578448044678,0.0195641674019436,2022,14.0243396226415,-11.8932547169811,2021,36.3857547169811,2020,40.0848815165877,13.6092764370338,-11.9164168494954,34.0259552688981,-11.9049029012125,-20.0016156462566,0.011648184231376,0
2023,"LU22","LU22_49",56.93194,-114.93654,1,0,0,0,0,0,2.01117782061625,-0.621887710421509,0.187238294613005,0.0867637789852787,0.100474515627727,0.0165933321666023,0,0,0,0,0.00320745674784783,0.0195838158843319,0,0.0217050293631009,0.0304116327896173,2022,14.9396226415094,-11.9756603773585,2021,38.1777830188679,2020,42.3508530805687,13.6092764370338,-11.9164168494954,36.0036944061869,-12.0106672226978,-21.0640717646774,0.0350068453393355,0
2024,"LU22","LU22_49",56.93194,-114.93654,13,5,7,1,2,4,2.01117782061625,-0.621887710421509,0.187238294613005,0.0867637789852787,0.100474515627727,0.0165933321666023,0,0,0,0,0.00320745674784783,0.0195838158843319,0,0.0217050293631009,0.0304116327896173,2023,15.1816431924883,-9.60323943661972,2022,14.9396226415094,2021,38.1777830188679,16.2434159842778,-9.26000327546675,33.2948605904243,-11.7111340564448,-18.113217397936,2.1078946198251,0.538461538461538
2023,"LU22","LU22_50",56.93489,-114.81908,1,0,0,0,0,0,1.87701280782927,-0.213605709613886,0.243278979071069,0.0782871861514737,0.164991792919595,0.0241813213651481,0.00719158361956442,0,0.00719158361956442,0,0.0015113365333094,0.0379512304878241,0,0.020814585723853,0.00979834818940074,2022,16.6709433962264,-12.155141509434,2021,41.772641509434,2020,46.1658767772512,13.6092764370338,-11.9164168494954,41.0857137395952,-12.2673600151768,-24.4147703433688,0.112218505742876,0
2024,"LU22","LU22_50",56.93489,-114.81908,13,4,3,0,2,1,1.87701280782927,-0.213605709613886,0.243278979071069,0.0782871861514737,0.164991792919595,0.0241813213651481,0.00719158361956442,0,0.00719158361956442,0,0.0015113365333094,0.0379512304878241,0,0.020814585723853,0.00979834818940074,2023,17.2456807511737,-9.8493896713615,2022,16.6709433962264,2021,41.772641509434,16.2434159842778,-9.26000327546675,37.7088411150789,-11.9719189211041,-20.4631603639052,2.12252924974264,0.230769230769231
2023,"LU22","LU22_53",56.95738,-114.40262,1,0,0,0,0,0,1.89353974114665,0.304619536886677,0.270493687077006,0.0629593856338793,0.207534301443127,0.0204886525293117,0,0,0,0,0.000442675042736786,0.0159926180807327,0,0.121034354502273,0,2022,17.6019339622642,-12.2650471698113,2021,41.9366037735849,2020,43.9454502369668,13.6092764370338,-11.9164168494954,39.7138343338574,-12.3434091278341,-22.1119003715932,0.0783619580227572,0
2024,"LU22","LU22_53",56.95738,-114.40262,13,1,9,0,1,0,1.89353974114665,0.304619536886677,0.270493687077006,0.0629593856338793,0.207534301443127,0.0204886525293117,0,0,0,0,0.000442675042736786,0.0159926180807327,0,0.121034354502273,0,2023,27.3506103286385,-9.87591549295775,2022,17.6019339622642,2021,41.9366037735849,16.2434159842778,-9.26000327546675,37.1316795640783,-12.0408878736394,-9.78106923543979,2.16497238068163,0.692307692307692
2024,"LU22","LU22_60",56.97107,-114.44941,13,1,1,0,1,0,-0.54283300291466,-0.603181265960913,0.193785698854216,0.050854055360653,0.142931643493563,0.0202644227662791,0,0,0,0,0.0103254315132295,0.0126497496545482,0,0,0,2023,28.6129577464789,-9.88835680751174,2022,17.1959905660377,2021,41.3627830188679,16.2434159842778,-9.26000327546675,37.3523093969342,-12.0362254582887,-8.73935165045536,2.14786865077698,0.0769230769230769
2023,"LU22","LU22_60",56.97107,-114.44941,1,0,0,0,0,0,-0.54283300291466,-0.603181265960913,0.193785698854216,0.050854055360653,0.142931643493563,0.0202644227662791,0,0,0,0,0.0103254315132295,0.0126497496545482,0,0,0,2022,17.1959905660377,-12.2544811320755,2021,41.3627830188679,2020,44.3088151658768,13.6092764370338,-11.9164168494954,39.8191796750441,-12.3364437752275,-22.6231891090063,0.081962643152071,0
2023,"LU22","LU22_61",56.96989,-114.41562,1,0,0,0,0,0,1.18391196720297,-0.363088442429343,0.244729508777313,0.045703590659624,0.199025918117689,0.0190267343773187,0,0,0,0,0.00273024034173358,0.0188049333023103,0,0.136326091580648,0,2022,17.5154245283019,-12.2811320754717,2021,42.0166981132075,2020,44.9641706161137,13.6092764370338,-11.9164168494954,40.4572975305599,-12.3633168229023,-22.941873002258,0.0821847474306026,0
2024,"LU22","LU22_61",56.96989,-114.41562,13,0,0,0,0,0,1.18391196720297,-0.363088442429343,0.244729508777313,0.045703590659624,0.199025918117689,0.0190267343773187,0,0,0,0,0.00273024034173358,0.0188049333023103,0,0.136326091580648,0,2023,27.966103286385,-9.90342723004695,2022,17.5154245283019,2021,42.0166981132075,16.2434159842778,-9.26000327546675,37.8971457827905,-12.0620859506662,-9.93104249640549,2.15865872061921,0
2023,"LU22","LU22_63",56.97141,-114.72468,1,0,0,0,0,0,1.02497201778818,4.10782496199307,0.288311992370624,0.0917947832201998,0.196517209150424,0.0268780580940942,0.00857211902620103,0.00249986042416263,0.00188244537868542,0,0.00968293930854206,0.0186622046400913,0,0.0997777324750899,0.043656854132249,2022,16.0775943396226,-12.1469339622642,2021,40.0508018867924,2020,45.2717535545024,13.6092764370338,-11.9164168494954,40.1544589314752,-12.2543231766145,-24.0768645918526,0.107389214350373,0
2024,"LU22","LU22_63",56.97141,-114.72468,13,0,2,0,0,0,1.02497201778818,4.10782496199307,0.288311992370624,0.0917947832201998,0.196517209150424,0.0268780580940942,0.00857211902620103,0.00249986042416263,0.00188244537868542,0,0.00968293930854206,0.0186622046400913,0,0.0997777324750899,0.043656854132249,2023,16.9292488262911,-9.85342723004695,2022,16.0775943396226,2021,40.0508018867924,16.2434159842778,-9.26000327546675,36.6019218794922,-11.958499456468,-19.6726730532011,2.10507222642105,0.153846153846154
2023,"LU22","LU22_65",56.9833,-114.48563,1,0,0,0,0,0,1.67654269900176,-1.35959005501282,0.157568065739937,0.047248778076959,0.110319287662978,0.0192871544910037,0,0,0,0,0.0047363925058058,0.0165847337271836,0,0,0,2022,18.1004716981132,-12.4212264150943,2021,44.3190094339623,2020,48.3811848341232,13.6092764370338,-11.9164168494954,43.4496048307845,-12.5225364969632,-25.3491331326713,0.101310081868899,0
2024,"LU22","LU22_65",56.9833,-114.48563,13,0,3,0,0,0,1.67654269900176,-1.35959005501282,0.157568065739937,0.047248778076959,0.110319287662978,0.0192871544910037,0,0,0,0,0.0047363925058058,0.0165847337271836,0,0,0,2023,32.3483098591549,-10.0969953051643,2022,18.1004716981132,2021,44.3190094339623,16.2434159842778,-9.26000327546675,40.9280466146198,-12.2282564493069,-8.57973675546486,2.1312611441426,0.230769230769231
2024,"LU22","LU22_69",56.99216,-114.6179,14,1,4,0,0,1,1.09543563949296,-0.326244233823804,0.123790994453199,0.0535309636878557,0.0702600307653435,0.0193647500453064,0.00618410331614134,0.00618410331614134,0,0,0,0.0184517273620006,0,0,0.0125573373520274,2023,19.6524882629108,-9.82267605633803,2022,15.743679245283,2021,39.1858962264151,16.2434159842778,-9.26000327546675,35.3186841925635,-11.9339957671369,-15.6661959296527,2.11131971079891,0.285714285714286
2023,"LU22","LU22_69",56.99216,-114.6179,1,0,0,0,0,0,1.09543563949296,-0.326244233823804,0.123790994453199,0.0535309636878557,0.0702600307653435,0.0193647500453064,0.00618410331614134,0.00618410331614134,0,0,0,0.0184517273620006,0,0,0.0125573373520274,2022,15.743679245283,-12.1562735849057,2021,39.1858962264151,2020,43.9863507109005,13.6092764370338,-11.9164168494954,38.4854765133415,-12.2321928167331,-22.7417972680585,0.075919231827438,0
2024,"LU22","LU22_70",56.99237,-114.56931,13,8,3,0,2,7,0.630805838049372,-0.514363562696353,0.168296221830117,0.0546556783459526,0.113640543484165,0.00811634134996606,0.00688940199132148,0.00268733539293955,0.00420206659838193,0,0.00647473932516562,0.0278878377286602,0,0,0.0106012207040976,2023,25.5570892018779,-9.86244131455399,2022,16.3452830188679,2021,40.7175471698113,16.2434159842778,-9.26000327546675,36.680436001096,-11.9814584835856,-11.123346799218,2.1190171690316,0.230769230769231
2023,"LU22","LU22_70",56.99237,-114.56931,1,0,1,0,0,0,0.630805838049372,-0.514363562696353,0.168296221830117,0.0546556783459526,0.113640543484165,0.00811634134996606,0.00688940199132148,0.00268733539293955,0.00420206659838193,0,0.00647473932516562,0.0278878377286602,0,0,0.0106012207040976,2022,16.3452830188679,-12.2045283018868,2021,40.7175471698113,2020,44.9535545023697,13.6092764370338,-11.9164168494954,39.3363662804599,-12.2797673515861,-22.991083261592,0.0752390496992774,1
2023,"LU22","LU22_71",56.99336,-114.52732,1,0,0,0,0,0,0.285377221477081,-0.821413723885089,0.18113047823458,0.045771616919982,0.135358861314598,0.0284903273539444,0,0,0,0,0.00241856229015751,0.0101562200328296,0,0,0.00603419357017186,2022,17.3662735849057,-12.3349528301887,2021,42.688820754717,2020,46.545971563981,13.6092764370338,-11.9164168494954,41.7791661715665,-12.4227156929748,-24.4128925866608,0.0877628627860965,0
2024,"LU22","LU22_71",56.99336,-114.52732,13,4,0,0,4,0,0.285377221477081,-0.821413723885089,0.18113047823458,0.045771616919982,0.135358861314598,0.0284903273539444,0,0,0,0,0.00241856229015751,0.0101562200328296,0,0,0.00603419357017186,2023,30.2970422535211,-9.99849765258216,2022,17.3662735849057,2021,42.688820754717,16.2434159842778,-9.26000327546675,39.2798451528216,-12.1270039328261,-8.98280289930042,2.1285062802439,0
2023,"LU22","LU22_72",56.99256,-114.49997,1,0,0,0,0,0,1.44069691441788,-1.07193620576313,0.163770744948816,0.0401468119808408,0.123623932967976,0.0260265228841218,0,0,0,0,0.00472561134454545,0.0103937112105216,0,0,0.00372657788619741,2022,18.1630660377358,-12.433820754717,2021,44.449858490566,2020,48.4750236966825,13.6092764370338,-11.9164168494954,43.3283556610243,-12.5375483776496,-25.1652896232884,0.103727622932634,0
2024,"LU22","LU22_72",56.99256,-114.49997,13,4,0,0,2,1,1.44069691441788,-1.07193620576313,0.163770744948816,0.0401468119808408,0.123623932967976,0.0260265228841218,0,0,0,0,0.00472561134454545,0.0103937112105216,0,0,0.00372657788619741,2023,32.4899061032864,-10.1028169014085,2022,18.1630660377358,2021,44.449858490566,16.2434159842778,-9.26000327546675,40.858954621728,-12.2436166095312,-8.36904851844164,2.14079970812276,0
2024,"LU22","LU22_76",56.99687,-114.69523,13,1,2,0,1,0,0.975649110383361,3.99826994400762,0.115329042199088,0.0429701717607197,0.0723588704383684,0.0176486122884754,0,0,0,0,0,0.0135278507991089,0,0,0.011226613793931,2023,18.1199530516432,-9.91267605633803,2022,16.2083962264151,2021,40.373820754717,16.2434159842778,-9.26000327546675,37.1470897216902,-12.0093752855962,-19.027136670047,2.09669922925815,0.153846153846154
2023,"LU22","LU22_76",56.99687,-114.69523,1,0,0,0,0,0,0.975649110383361,3.99826994400762,0.115329042199088,0.0429701717607197,0.0723588704383684,0.0176486122884754,0,0,0,0,0,0.0135278507991089,0,0,0.011226613793931,2022,16.2083962264151,-12.2031132075472,2021,40.373820754717,2020,45.9420853080569,13.6092764370338,-11.9164168494954,40.654495971627,-12.303487888833,-24.4460997452119,0.100374681285832,0
2024,"LU22","LU22_77",56.99992,-114.50988,13,1,3,0,0,0,0.700240805756668,-0.951516521425256,0.149301042198823,0.0468159477026141,0.102485094496209,0.0223602610668604,0.00251031572066996,0,0.00251031572066996,0,0.00472561134454476,0.0181509755922119,0,0,0.0063047110435418,2023,30.0733333333333,-10.036338028169,2022,17.5321698113208,2021,43.0749056603774,16.2434159842778,-9.26000327546675,39.4143395303767,-12.1676012044263,-9.34100619704341,2.1312631762573,0.230769230769231
2023,"LU22","LU22_77",56.99992,-114.50988,1,0,0,0,0,0,0.700240805756668,-0.951516521425256,0.149301042198823,0.0468159477026141,0.102485094496209,0.0223602610668604,0.00251031572066996,0,0.00251031572066996,0,0.00472561134454476,0.0181509755922119,0,0,0.0063047110435418,2022,17.5321698113208,-12.3682075471698,2021,43.0749056603774,2020,46.9941232227488,13.6092764370338,-11.9164168494954,41.9658460649165,-12.462832861495,-24.4336762535957,0.0946253143251496,0
2023,"LU22","LU22_80",57.00723,-114.73636,1,0,0,0,0,0,0.524707587521794,3.25828252686342,0.113321332295503,0.0483454885149135,0.064975843780589,0.011780215988463,0.00926244886965439,0,0.00566034462163439,0,0,0.0215306137627042,0,0.0420221371279025,0.0123174016441264,2022,16.4394811320755,-12.2743396226415,2021,41.1607075471698,2020,47.118009478673,13.6092764370338,-11.9164168494954,41.9020721293665,-12.3811854107064,-25.4625909972911,0.10684578806492,0
2024,"LU22","LU22_80",57.00723,-114.73636,13,0,3,0,0,0,0.524707587521794,3.25828252686342,0.113321332295503,0.0483454885149135,0.064975843780589,0.011780215988463,0.00926244886965439,0,0.00566034462163439,0,0,0.0215306137627042,0,0.0420221371279025,0.0123174016441264,2023,17.358779342723,-10.0043661971831,2022,16.4394811320755,2021,41.1607075471698,16.2434159842778,-9.26000327546675,38.2269848572056,-12.0905396836946,-20.8682055144826,2.08617348651154,0.230769230769231
2023,"LU22","LU22_81",57.01878,-114.62211,1,0,0,0,0,0,0.701809766366088,1.52592672147517,0.193340811777256,0.0781327974131452,0.115208014364111,0.0312488063574901,0.00402779174243605,0,0.00402779174243605,0,0.00742833127649276,0.0273289813690558,0,0,0.0185001962627576,2022,16.1374056603774,-12.2641509433962,2021,39.9743396226415,2020,44.3451184834123,13.6092764370338,-11.9164168494954,39.5498470770237,-12.3411948371692,-23.4124414166463,0.0770438937729736,0
2024,"LU22","LU22_81",57.01878,-114.62211,13,0,3,0,0,0,0.701809766366088,1.52592672147517,0.193340811777256,0.0781327974131452,0.115208014364111,0.0312488063574901,0.00402779174243605,0,0.00402779174243605,0,0.00742833127649276,0.0273289813690558,0,0,0.0185001962627576,2023,21.5730046948357,-9.94953051643192,2022,16.1374056603774,2021,39.9743396226415,16.2434159842778,-9.26000327546675,36.4158462112806,-12.046998774682,-14.8428415164449,2.09746825825004,0.230769230769231
2023,"LU22","LU22_82",57.00713,-114.55493,1,0,1,0,0,0,1.12388468711796,-0.947922316790283,0.207085650958314,0.0706706104509651,0.136415040507349,0.0287160874993737,0.00293968703291551,0,0.00293968703291551,0,0.0094701514946866,0.0232154872346049,0,0,0.0136802678842939,2022,16.6716981132075,-12.2766509433962,2021,41.2159905660377,2020,44.8534123222749,13.6092764370338,-11.9164168494954,39.9403712009865,-12.3559344170617,-23.2686730877789,0.0792834736654608,1
2024,"LU22","LU22_82",57.00713,-114.55493,13,0,3,0,0,0,1.12388468711796,-0.947922316790283,0.207085650958314,0.0706706104509651,0.136415040507349,0.0287160874993737,0.00293968703291551,0,0.00293968703291551,0,0.0094701514946866,0.0232154872346049,0,0,0.0136802678842939,2023,26.57220657277,-9.94164319248826,2022,16.6716981132075,2021,41.2159905660377,16.2434159842778,-9.26000327546675,37.273704069084,-12.0594573440824,-10.7014974963141,2.11781415159412,0.230769230769231
2023,"LU22","LU22_85",57.02431,-114.76451,1,0,0,0,0,0,1.11654136701482,4.1394008944633,0.320332053952611,0.0681046886433582,0.252227365309253,0.00945086665910827,0.00411375243086401,0,0,0,0.00796562119652878,0.0194915512140208,0,0.181451117084866,0.0378464639610425,2022,15.6639622641509,-12.2399056603774,2021,40.3032075471698,2020,45.6270616113744,13.6092764370338,-11.9164168494954,40.2094580385966,-12.3294335694472,-24.5454957744456,0.0895279090698029,0
2024,"LU22","LU22_85",57.02431,-114.76451,13,3,4,0,1,2,1.11654136701482,4.1394008944633,0.320332053952611,0.0681046886433582,0.252227365309253,0.00945086665910827,0.00411375243086401,0,0,0,0.00796562119652878,0.0194915512140208,0,0.181451117084866,0.0378464639610425,2023,16.8874647887324,-9.96145539906103,2022,15.6639622641509,2021,40.3032075471698,16.2434159842778,-9.26000327546675,36.6494386807433,-12.0377606220977,-19.7619738920109,2.07630522303666,0.307692307692308
2023,"LU22","LU22_86",57.01931,-114.73642,1,0,0,0,0,0,1.12115319616744,3.9938411729062,0.219678116218642,0.0640138527473257,0.155664263471316,0.0282239500920637,0.0124339970917791,0,0.0088318928437588,0,0.0011681848154641,0.0151874499969023,0,0.0510841944474491,0.0197401710970512,2022,16.2026886792453,-12.2590566037736,2021,40.6264622641509,2020,46.4392890995261,13.6092764370338,-11.9164168494954,41.121435513667,-12.3583021844823,-24.9187468344218,0.0992455807086916,0
2024,"LU22","LU22_86",57.01931,-114.73642,13,0,1,0,0,0,1.12115319616744,3.9938411729062,0.219678116218642,0.0640138527473257,0.155664263471316,0.0282239500920637,0.0124339970917791,0,0.0088318928437588,0,0.0011681848154641,0.0151874499969023,0,0.0510841944474491,0.0197401710970512,2023,17.2469014084507,-9.98305164319249,2022,16.2026886792453,2021,40.6264622641509,16.2434159842778,-9.26000327546675,37.479042664543,-12.0669983915971,-20.2321412560923,2.08394674840466,0.0769230769230769
2023,"LU22","LU22_87",57.01786,-114.6878,1,0,0,0,0,0,0.888758508367209,2.65631730426913,0.13892641279883,0.0631450683252738,0.0757813444735559,0.0213661601482809,0,0,0,0,0,0.0257004250039755,0,0,0.0141014532610853,2022,16.4035849056604,-12.2723113207547,2021,40.8571698113208,2020,46.5684834123223,13.6092764370338,-11.9164168494954,41.0458762370205,-12.3654909649421,-24.6422913313601,0.0931796441873818,0
2024,"LU22","LU22_87",57.01786,-114.6878,13,1,3,0,1,0,0.888758508367209,2.65631730426913,0.13892641279883,0.0631450683252738,0.0757813444735559,0.0213661601482809,0,0,0,0,0,0.0257004250039755,0,0,0.0141014532610853,2023,18.0163849765258,-9.98342723004695,2022,16.4035849056604,2021,40.8571698113208,16.2434159842778,-9.26000327546675,37.4638457458731,-12.0732949914565,-19.4474607693473,2.08986776140955,0.230769230769231
2023,"LU22","LU22_89",57.02902,-114.65743,1,0,0,0,0,0,1.07235716527666,4.09710525768225,0.164125790826509,0.0483777714227999,0.115748019403709,0.0154759690085302,0.00434298432534885,0,0.00434298432534885,0,0.0107815068515991,0.0241159165795193,0,0.0480101265082088,0.00732183978910282,2022,15.7752830188679,-12.2712264150943,2021,40.2779716981132,2020,45.6590047393365,13.6092764370338,-11.9164168494954,40.0205043812118,-12.350975761503,-24.2452213623439,0.079749346408633,0
2024,"LU22","LU22_89",57.02902,-114.65743,13,1,5,0,0,0,1.07235716527666,4.09710525768225,0.164125790826509,0.0483777714227999,0.115748019403709,0.0154759690085302,0.00434298432534885,0,0.00434298432534885,0,0.0107815068515991,0.0241159165795193,0,0.0480101265082088,0.00732183978910282,2023,18.8991549295775,-9.96568075117371,2022,15.7752830188679,2021,40.2779716981132,16.2434159842778,-9.26000327546675,36.6283293231079,-12.057786893988,-17.7291743935305,2.09210614281425,0.384615384615385
2023,"LU22","LU22_94",57.03572,-114.55388,1,0,0,0,0,0,0.676809328702832,-0.757272472833264,0.159888766751443,0.0516058205841759,0.108282946167267,0.0260456099071831,0.00364922259351219,0,0.00364922259351219,0,0.00346840859325259,0.0142569304674478,0,0,0.00554367607414009,2022,16.6258962264151,-12.3556132075472,2021,40.9308018867925,2020,45.5670616113744,13.6092764370338,-11.9164168494954,40.7618016879891,-12.4357863476699,-24.135905461574,0.0801731401227137,0
2024,"LU22","LU22_94",57.03572,-114.55388,13,0,14,0,0,0,0.676809328702832,-0.757272472833264,0.159888766751443,0.0516058205841759,0.108282946167267,0.0260456099071831,0.00364922259351219,0,0.00364922259351219,0,0.00346840859325259,0.0142569304674478,0,0,0.00554367607414009,2023,26.2665727699531,-10.0433802816901,2022,16.6258962264151,2021,40.9308018867925,16.2434159842778,-9.26000327546675,37.9457167480753,-12.143599031615,-11.6791439781222,2.10021874992486,1.07692307692308
